pair,tf,n_bars,n_bull_flips,n_bear_flips,fwd_5_mean_pips,fwd_5_median_pips,fwd_5_std_pips,fwd_5_n,fwd_5_pct_positive,fwd_5_net_pips,fwd_10_mean_pips,fwd_10_median_pips,fwd_10_std_pips,fwd_10_n,fwd_10_pct_positive,fwd_10_net_pips,fwd_20_mean_pips,fwd_20_median_pips,fwd_20_std_pips,fwd_20_n,fwd_20_pct_positive,fwd_20_net_pips,fwd_50_mean_pips,fwd_50_median_pips,fwd_50_std_pips,fwd_50_n,fwd_50_pct_positive,fwd_50_net_pips,streak_bull_mean_pip_per_bar,streak_bear_mean_pip_per_bar,streak_separation_pips,streak_mean_bars,streak_median_bars,streak_max_bars
EUR_JPY,S5,9221888,1214578,1214579,-0.013067,0.000000,1.695498,2429154,47.749258,-2.313067,-0.015993,0.000000,2.378715,2429153,48.508842,-2.315993,-0.015802,0.000000,3.347266,2429151,49.007040,-2.315802,-0.014471,0.000000,5.246532,2429142,49.412920,-2.314471,0.263008,-0.267748,0.530757,3.796331,3.000000,92
EUR_JPY,M5,163235,20419,20419,-0.150909,-0.150000,12.405347,40836,49.015574,-2.450909,-0.161335,-0.200000,17.458532,40834,49.133075,-2.461335,-0.106175,-0.100000,24.285478,40832,49.603252,-2.406175,-0.095968,0.050000,38.234248,40826,50.039191,-2.395968,1.730608,-1.830883,3.561491,3.997037,3.000000,41
EUR_JPY,H1,13611,1750,1750,-0.190054,-0.800000,40.700363,3499,49.214061,-2.490054,-0.940206,-0.500000,56.308331,3497,49.442379,-3.240206,-0.853434,-1.375000,79.838537,3494,49.170006,-3.153434,-0.286693,-2.050000,121.822625,3487,49.354746,-2.586693,6.244497,-6.791816,13.036313,3.887746,3.000000,24
USD_JPY,S5,8999694,1155930,1155931,0.004663,0.000000,1.630038,2311858,47.347804,-1.695337,0.001250,0.000000,2.314737,2311857,48.341571,-1.698750,0.002603,0.000000,3.275859,2311855,49.042003,-1.697397,0.003252,0.000000,5.168905,2311846,49.500918,-1.696748,0.244027,-0.246046,0.490072,3.892834,3.000000,112
USD_JPY,M5,163246,19923,19923,0.018616,0.000000,12.477618,39844,49.879530,-1.681384,-0.052378,-0.050000,17.604324,39842,49.784147,-1.752378,-0.033558,-0.100000,24.576618,39842,49.696300,-1.733558,0.000781,-0.025000,38.644207,39834,49.932219,-1.699219,1.726624,-1.799581,3.526204,4.096820,3.000000,39
USD_JPY,H1,13611,1722,1722,-0.133290,-0.150000,42.960725,3444,49.593496,-1.833290,0.224187,-0.125000,59.123173,3442,49.883788,-1.475813,0.006453,-0.350000,86.815264,3440,49.738372,-1.693547,-0.470702,-0.250000,136.755115,3432,49.796037,-2.170702,6.354874,-6.747032,13.101906,3.950943,3.000000,32
GBP_JPY,S5,9283707,1195212,1195213,-0.014093,0.000000,2.084533,2390424,48.143928,-3.314093,-0.019251,-0.000000,2.939251,2390423,48.711128,-3.319251,-0.018534,-0.000000,4.123239,2390421,49.153894,-3.318534,-0.017682,0.000000,6.417273,2390415,49.513704,-3.317682,0.322289,-0.326944,0.649232,3.883704,3.000000,104
GBP_JPY,M5,163239,20411,20410,-0.174609,-0.200000,15.243041,40817,49.008991,-3.474609,-0.182433,-0.250000,21.424110,40815,49.106946,-3.482433,-0.197349,-0.250000,30.112724,40813,49.356823,-3.497349,-0.176514,-0.100000,47.724541,40806,49.857864,-3.476514,2.139062,-2.292993,4.432055,3.998800,3.000000,41
GBP_JPY,H1,13611,1792,1792,-0.195883,-1.000000,50.242668,3583,49.120848,-3.495883,-0.615941,-1.325000,70.449034,3582,48.994975,-3.915941,-0.383175,0.100000,100.931653,3578,50.055897,-3.683175,-0.681668,-0.650000,153.796744,3573,49.790092,-3.981668,7.834482,-8.546442,16.380923,3.796653,3.000000,25
AUD_JPY,S5,8947094,1197577,1197578,-0.007365,0.000000,1.254708,2395154,47.860806,-2.107365,-0.009926,0.000000,1.779322,2395152,48.527526,-2.109926,-0.010018,0.000000,2.518844,2395151,48.988769,-2.110018,-0.009739,0.000000,3.978112,2395140,49.403626,-2.109739,0.207446,-0.210693,0.418138,3.735495,3.000000,55
AUD_JPY,M5,163267,20467,20466,-0.077411,-0.150000,9.152804,40931,48.696587,-2.177411,-0.120514,-0.150000,13.030545,40929,49.165628,-2.220514,-0.061489,-0.050000,18.558283,40927,49.769101,-2.161489,-0.061009,0.000000,29.504446,40918,49.960897,-2.161009,1.302988,-1.378645,2.681633,3.988543,3.000000,42
AUD_JPY,H1,13611,1751,1751,-0.138671,-0.425000,32.800235,3500,49.028571,-2.238671,-0.223800,-0.375000,44.371197,3500,49.428571,-2.323800,-0.130680,-0.100000,63.159074,3499,49.899971,-2.230680,-0.434612,-0.750000,94.908926,3493,49.527627,-2.534612,4.715206,-5.108895,9.824101,3.885527,3.000000,23
CAD_JPY,S5,7696998,1102856,1102857,-0.009111,0.000000,1.306623,2205709,47.736669,-2.309111,-0.011408,0.000000,1.851076,2205708,48.454555,-2.311408,-0.011164,0.000000,2.609117,2205706,48.973345,-2.311164,-0.010902,0.000000,4.090049,2205702,49.392121,-2.310902,0.236031,-0.239646,0.475677,3.489572,2.000000,96
CAD_JPY,M5,163259,20520,20520,-0.084966,-0.099945,9.167713,41038,49.049661,-2.384966,-0.120805,-0.099182,12.895588,41037,49.445622,-2.420805,-0.096709,-0.100708,17.943464,41034,49.517473,-2.396709,-0.065907,-0.099182,28.205180,41024,49.792804,-2.365907,1.257978,-1.336270,2.594248,3.977949,3.000000,36
CAD_JPY,H1,13611,1783,1782,-0.096002,-0.400543,30.150419,3565,48.976157,-2.396002,-0.351444,0.049591,41.387617,3563,50.014033,-2.651444,-0.406432,0.450134,59.299575,3561,50.238697,-2.706432,-0.322633,0.674438,90.013538,3552,50.197072,-2.622633,4.576297,-4.809918,9.386215,3.816882,3.000000,27
CHF_JPY,S5,8284094,1174533,1174534,-0.029951,-0.048828,1.753030,2349063,47.807828,-3.529951,-0.032364,-0.048828,2.426927,2349063,48.440846,-3.532364,-0.032511,-0.048828,3.368871,2349060,48.929359,-3.532511,-0.032838,-0.048828,5.195437,2349048,49.336880,-3.532838,0.308747,-0.313030,0.621777,3.526545,3.000000,75
CHF_JPY,M5,162411,20597,20597,-0.230211,-0.250244,11.629534,41193,48.610201,-3.730211,-0.253633,-0.349426,16.207845,41190,48.732702,-3.753633,-0.232478,-0.199890,22.464692,41190,49.361496,-3.732478,-0.203431,-0.151062,35.120467,41178,49.684297,-3.703431,1.724614,-1.784489,3.509102,3.942493,3.000000,31
CHF_JPY,H1,13609,1779,1779,-0.771006,-0.749207,38.245810,3557,48.748946,-4.271006,-0.944106,-0.950623,54.181249,3556,49.100112,-4.444106,-0.502371,-1.200104,76.480644,3554,49.352842,-4.002371,-0.723528,-1.699829,117.466092,3547,49.619397,-4.223528,6.198504,-6.286599,12.485103,3.823827,3.000000,34
NZD_JPY,S5,7819369,1123016,1123017,-0.011339,0.000000,1.138815,2246031,47.777435,-2.711339,-0.012646,0.000000,1.609779,2246029,48.436374,-2.712646,-0.012213,0.000000,2.274653,2246026,48.945337,-2.712213,-0.012087,0.000000,3.580634,2246022,49.334690,-2.712087,0.210320,-0.213488,0.423808,3.481412,2.000000,140
NZD_JPY,M5,163089,20614,20614,-0.089352,-0.149536,7.852199,41226,48.770194,-2.789352,-0.107423,-0.099945,11.112472,41224,49.296526,-2.807423,-0.084461,-0.099945,15.729523,41222,49.529378,-2.784461,-0.098680,-0.099945,24.527156,41215,49.770715,-2.798680,1.136137,-1.186359,2.322496,3.955687,3.000000,38
NZD_JPY,H1,13611,1721,1722,0.164368,-0.049591,27.952315,3443,49.956433,-2.535632,-0.178702,0.199890,37.231640,3440,50.261628,-2.878702,-0.098817,-0.899506,52.286314,3439,49.287584,-2.798817,0.069558,-0.150299,80.020913,3433,49.868919,-2.630442,3.930229,-4.300058,8.230287,3.952091,3.000000,23
EUR_USD,S5,8140261,1123660,1123659,-0.001337,0.000000,0.920452,2247315,46.221558,-1.601337,-0.001700,0.000000,1.310598,2247315,47.628481,-1.601700,-0.001208,0.000000,1.853578,2247311,48.550735,-1.601208,-0.000905,0.000000,2.916325,2247308,49.183734,-1.600905,0.151563,-0.152892,0.304455,3.622208,3.000000,100
EUR_USD,M5,163290,20255,20255,-0.033986,-0.050000,6.500205,40509,49.132292,-1.633986,-0.086657,-0.100000,9.145502,40508,48.960699,-1.686657,-0.043965,-0.050000,12.894690,40507,49.500086,-1.643965,-0.100464,-0.100000,20.121708,40499,49.569125,-1.700464,0.933361,-0.956232,1.889593,4.030757,3.000000,40
EUR_USD,H1,13611,1714,1714,0.120668,-0.050000,22.392084,3428,49.883314,-1.479332,0.127642,-0.400000,31.977250,3426,49.416229,-1.472358,-0.243034,-0.550000,43.761474,3424,49.386682,-1.843034,-0.155061,0.175000,70.022970,3418,50.058514,-1.755061,3.407340,-3.413289,6.820629,3.969379,3.000000,23
GBP_USD,S5,8678776,1188752,1188752,-0.007247,0.000000,1.045232,2377500,46.088160,-1.907247,-0.007822,0.000000,1.471137,2377500,47.499432,-1.907822,-0.007419,0.000000,2.064862,2377495,48.413477,-1.907419,-0.007351,0.000000,3.240802,2377481,49.112359,-1.907351,0.169551,-0.170538,0.340089,3.650371,3.000000,84
GBP_USD,M5,163254,20264,20264,-0.059615,-0.050000,7.629975,40527,49.031510,-1.959615,-0.058485,-0.100000,10.704075,40526,49.133889,-1.958485,-0.053138,-0.050000,15.112958,40525,49.596545,-1.953138,-0.076834,-0.150000,23.419307,40519,49.598954,-1.976834,1.121841,-1.149365,2.271206,4.028079,3.000000,47
GBP_USD,H1,13611,1786,1787,-0.409292,0.050000,24.859194,3573,50.041982,-2.309292,-0.170675,-0.400000,35.281461,3572,49.524076,-2.070675,-0.836103,-0.600000,50.019113,3569,49.313533,-2.736103,-0.259430,0.450000,79.892400,3563,50.322762,-2.159430,4.025322,-4.143642,8.168964,3.808338,3.000000,29
AUD_USD,S5,7252099,1045298,1045299,-0.004980,0.000000,0.772028,2090596,46.640527,-1.304980,-0.005721,0.000000,1.096827,2090593,47.823512,-1.305721,-0.005619,0.000000,1.548146,2090590,48.615128,-1.305619,-0.005330,0.000000,2.437081,2090583,49.198190,-1.305330,0.147660,-0.148503,0.296162,3.468911,2.000000,67
AUD_USD,M5,163263,20527,20528,-0.033805,-0.050000,5.165927,41053,48.812511,-1.333805,-0.041834,-0.050000,7.284841,41052,49.264348,-1.341834,-0.042236,-0.050000,10.150749,41050,49.702801,-1.342236,-0.048715,-0.050000,15.928744,41043,49.684477,-1.348715,0.768348,-0.793400,1.561749,3.976593,3.000000,40
AUD_USD,H1,13613,1734,1734,0.002336,0.050000,17.368323,3467,50.043265,-1.297664,-0.173485,-0.025000,24.075912,3466,49.913445,-1.473485,-0.145889,-0.300000,33.275678,3466,49.509521,-1.445889,0.032090,-0.550000,50.175214,3459,49.407343,-1.267910,2.673096,-2.789503,5.462599,3.924186,3.000000,22
NZD_USD,S5,7207117,1048465,1048465,-0.005466,0.000000,0.699550,2096930,46.460254,-1.505466,-0.005631,0.000000,0.984581,2096928,47.720952,-1.505631,-0.005813,0.000000,1.387918,2096926,48.531088,-1.505813,-0.005181,0.000000,2.179577,2096921,49.180012,-1.505181,0.132022,-0.132728,0.264750,3.436983,2.000000,172
NZD_USD,M5,163252,20420,20420,-0.052382,-0.050068,4.633068,40839,48.872401,-1.552382,-0.041479,-0.050068,6.560745,40836,49.368205,-1.541479,-0.045797,-0.050068,9.098748,40835,49.653484,-1.545797,-0.058154,-0.049472,14.253781,40827,49.800377,-1.558154,0.698500,-0.717634,1.416134,3.997258,3.000000,35
NZD_USD,H1,13614,1750,1750,0.035004,0.100136,15.553804,3499,50.242927,-1.464996,-0.243020,0.024736,21.834184,3498,50.000000,-1.743020,-0.350311,-0.399947,30.026536,3497,49.470975,-1.850311,-0.017877,0.199676,47.207887,3491,50.157548,-1.517877,2.506494,-2.586806,5.093300,3.888603,3.000000,28
EUR_GBP,S5,6769239,1082401,1082402,-0.013081,0.000000,0.533669,2164800,44.698910,-1.413081,-0.014045,0.000000,0.741293,2164800,46.268385,-1.414045,-0.014164,0.000000,1.028887,2164799,47.401860,-1.414164,-0.013933,0.000000,1.591810,2164787,48.410814,-1.413933,0.109740,-0.110468,0.220208,3.126952,2.000000,82
EUR_GBP,M5,163272,21091,21090,-0.076061,-0.050068,3.229281,42179,47.945660,-1.476061,-0.074211,-0.050068,4.510873,42177,48.360481,-1.474211,-0.075112,-0.100136,6.216075,42175,48.818020,-1.475112,-0.074873,-0.050068,9.818787,42169,49.417819,-1.474873,0.483493,-0.488727,0.972220,3.870656,3.000000,38
EUR_GBP,H1,13611,1823,1823,-0.138705,-0.100136,10.922377,3644,49.231614,-1.538705,-0.240883,-0.300407,15.478629,3641,48.420764,-1.640883,-0.209820,-0.400245,21.932318,3638,48.873007,-1.609820,-0.089332,-0.149608,33.227770,3633,49.876135,-1.489332,1.592339,-1.638064,3.230404,3.732109,3.000000,23
