pair,mode,n,days,activate,trail,max_hold,ppd,wr,mdd,calmar,mean_hold_m5,max_loss,max_win
GBP_JPY,TRAIL,997,429.2,0.5,0.5,288,-19.65,39.1,8510.3,-0.0,43.9,-351.3,173.7
GBP_JPY,TRAIL,987,429.2,0.5,1.0,288,-23.73,29.1,10213.8,-0.0,46.3,-351.3,158.5
GBP_JPY,TRAIL,986,429.2,0.5,1.5,288,-23.13,34.2,10045.7,-0.0,50.5,-351.3,146.3
GBP_JPY,TRAIL,819,429.2,1.0,0.5,288,-19.19,79.6,8390.0,-0.0,67.1,-351.3,173.7
GBP_JPY,TRAIL,817,429.2,1.0,1.0,288,-22.84,51.7,9915.6,-0.0,69.1,-351.3,158.5
GBP_JPY,TRAIL,814,429.2,1.0,1.5,288,-22.9,46.1,9982.8,-0.0,73.3,-351.3,146.3
GBP_JPY,TRAIL,726,429.2,1.5,0.5,288,-15.99,81.3,7067.2,-0.0,85.4,-362.2,173.7
GBP_JPY,TRAIL,726,429.2,1.5,1.0,288,-19.26,75.8,8446.8,-0.0,86.9,-362.2,158.5
GBP_JPY,TRAIL,725,429.2,1.5,1.5,288,-19.31,61.1,8515.9,-0.0,90.4,-362.2,146.3
GBP_JPY,XBACK,1595,429.2,0.0,0.0,288,-34.81,21.1,15008.5,-0.0,29.9,-255.6,358.2
GBP_JPY,TRAIL,887,429.2,0.5,0.5,576,-15.11,39.8,6562.9,-0.0,58.3,-424.0,173.7
GBP_JPY,TRAIL,880,429.2,0.5,1.0,576,-18.7,31.5,8053.4,-0.0,60.8,-424.0,158.5
GBP_JPY,TRAIL,880,429.2,0.5,1.5,576,-18.0,36.1,7846.7,-0.0,65.0,-424.0,146.3
GBP_JPY,TRAIL,702,429.2,1.0,0.5,576,-14.07,83.3,6198.0,-0.0,92.0,-420.2,173.7
GBP_JPY,TRAIL,700,429.2,1.0,1.0,576,-17.31,53.9,7544.2,-0.0,94.3,-420.2,158.5
GBP_JPY,TRAIL,697,429.2,1.0,1.5,576,-17.56,47.6,7687.7,-0.0,98.7,-420.2,146.3
GBP_JPY,TRAIL,582,429.2,1.5,0.5,576,-13.55,85.1,6038.6,-0.0,126.3,-421.7,173.7
GBP_JPY,TRAIL,582,429.2,1.5,1.0,576,-16.55,79.4,7321.1,-0.0,128.0,-421.7,158.5
GBP_JPY,TRAIL,581,429.2,1.5,1.5,576,-16.66,64.5,7442.7,-0.0,131.9,-421.7,146.3
GBP_JPY,XBACK,1595,429.2,0.0,0.0,576,-34.81,21.1,15008.5,-0.0,29.9,-255.6,358.2
USD_JPY,TRAIL,1021,429.0,0.5,0.5,288,-12.56,57.5,5430.3,-0.0,45.8,-411.7,158.6
USD_JPY,TRAIL,1017,429.0,0.5,1.0,288,-14.95,37.6,6407.5,-0.0,47.3,-411.7,155.5
USD_JPY,TRAIL,1004,429.0,0.5,1.5,288,-13.18,39.2,5723.2,-0.0,51.8,-411.7,148.0
USD_JPY,TRAIL,869,429.0,1.0,0.5,288,-12.51,85.8,5543.9,-0.0,64.5,-411.7,158.6
USD_JPY,TRAIL,865,429.0,1.0,1.0,288,-15.17,64.3,6627.9,-0.0,66.5,-411.7,155.5
USD_JPY,TRAIL,861,429.0,1.0,1.5,288,-14.81,49.9,6497.7,-0.0,70.0,-411.7,148.0
USD_JPY,TRAIL,775,429.0,1.5,0.5,288,-10.18,83.7,4603.4,-0.0,80.3,-411.7,158.6
USD_JPY,TRAIL,775,429.0,1.5,1.0,288,-12.4,82.6,5497.5,-0.0,82.1,-411.7,155.5
USD_JPY,TRAIL,772,429.0,1.5,1.5,288,-12.01,68.1,5343.3,-0.0,85.4,-411.7,148.0
USD_JPY,XBACK,1663,429.0,0.0,0.0,288,-16.05,24.3,6901.5,-0.0,30.9,-192.0,376.0
USD_JPY,TRAIL,867,429.0,0.5,0.5,576,-10.86,59.7,4680.0,-0.0,65.3,-394.9,158.6
USD_JPY,TRAIL,872,429.0,0.5,1.0,576,-13.06,38.5,5596.7,-0.0,65.6,-372.4,155.5
USD_JPY,TRAIL,863,429.0,0.5,1.5,576,-11.91,41.1,5178.9,-0.0,70.9,-372.4,148.0
USD_JPY,TRAIL,719,429.0,1.0,0.5,576,-9.9,89.2,4344.2,-0.0,93.0,-372.4,158.6
USD_JPY,TRAIL,717,429.0,1.0,1.0,576,-12.43,66.2,5411.8,-0.0,95.0,-372.4,155.5
USD_JPY,TRAIL,712,429.0,1.0,1.5,576,-12.35,52.5,5428.4,-0.0,99.6,-372.4,148.0
USD_JPY,TRAIL,629,429.0,1.5,0.5,576,-7.37,88.6,3349.1,-0.0,115.4,-372.4,158.6
USD_JPY,TRAIL,629,429.0,1.5,1.0,576,-9.53,87.1,4236.5,-0.0,117.3,-372.4,155.5
USD_JPY,TRAIL,626,429.0,1.5,1.5,576,-10.03,71.2,4480.9,-0.0,121.5,-372.4,148.0
USD_JPY,XBACK,1663,429.0,0.0,0.0,576,-16.05,24.3,6901.5,-0.0,30.9,-192.0,376.0
EUR_JPY,TRAIL,499,429.0,0.5,0.5,288,-7.3,44.5,3229.2,-0.0,47.1,-238.5,161.0
EUR_JPY,TRAIL,498,429.0,0.5,1.0,288,-8.23,33.3,3615.4,-0.0,49.1,-238.5,150.3
EUR_JPY,TRAIL,497,429.0,0.5,1.5,288,-7.72,33.6,3412.2,-0.0,53.8,-238.5,125.3
EUR_JPY,TRAIL,438,429.0,1.0,0.5,288,-7.48,80.8,3487.5,-0.0,68.8,-264.0,161.0
EUR_JPY,TRAIL,438,429.0,1.0,1.0,288,-9.19,56.4,4098.2,-0.0,70.2,-264.0,150.3
EUR_JPY,TRAIL,438,429.0,1.0,1.5,288,-8.83,45.0,4009.5,-0.0,74.4,-264.0,125.3
EUR_JPY,TRAIL,405,429.0,1.5,0.5,288,-7.44,81.2,3574.5,-0.0,84.8,-264.0,161.0
EUR_JPY,TRAIL,405,429.0,1.5,1.0,288,-8.99,77.0,4104.0,-0.0,86.1,-264.0,150.3
EUR_JPY,TRAIL,408,429.0,1.5,1.5,288,-8.97,59.1,4133.0,-0.0,88.9,-264.0,125.3
EUR_JPY,XBACK,752,429.0,0.0,0.0,288,-12.66,21.8,5472.1,-0.0,29.6,-115.9,266.8
EUR_JPY,TRAIL,449,429.0,0.5,0.5,576,-4.29,46.1,1946.1,-0.0,63.4,-259.8,161.0
EUR_JPY,TRAIL,448,429.0,0.5,1.0,576,-5.35,34.4,2378.6,-0.0,65.4,-259.8,150.3
EUR_JPY,TRAIL,447,429.0,0.5,1.5,576,-5.01,34.2,2248.4,-0.0,70.1,-259.8,125.3
EUR_JPY,TRAIL,381,429.0,1.0,0.5,576,-4.8,83.7,2417.5,-0.0,94.7,-408.1,161.0
EUR_JPY,TRAIL,381,429.0,1.0,1.0,576,-6.4,58.5,2967.5,-0.0,96.1,-408.1,150.3
EUR_JPY,TRAIL,381,429.0,1.0,1.5,576,-5.99,47.0,2858.3,-0.0,100.4,-408.1,125.3
EUR_JPY,TRAIL,346,429.0,1.5,0.5,576,-3.26,86.7,1811.2,-0.0,118.6,-408.1,161.0
EUR_JPY,TRAIL,346,429.0,1.5,1.0,576,-4.71,82.1,2321.6,-0.0,120.0,-408.1,150.3
EUR_JPY,TRAIL,349,429.0,1.5,1.5,576,-4.54,64.5,2281.8,-0.0,122.4,-408.1,125.3
EUR_JPY,XBACK,752,429.0,0.0,0.0,576,-12.66,21.8,5472.1,-0.0,29.6,-115.9,266.8
GBP_USD,TRAIL,1008,428.8,0.5,0.5,288,-11.74,40.1,5034.7,-0.0,45.4,-178.3,87.2
GBP_USD,TRAIL,1002,428.8,0.5,1.0,288,-13.94,31.9,5984.2,-0.0,47.3,-178.3,84.6
GBP_USD,TRAIL,987,428.8,0.5,1.5,288,-13.24,33.5,5707.4,-0.0,52.3,-178.3,82.0
GBP_USD,TRAIL,894,428.8,1.0,0.5,288,-8.63,78.9,3718.2,-0.0,60.8,-178.3,87.2
GBP_USD,TRAIL,893,428.8,1.0,1.0,288,-10.52,54.3,4525.6,-0.0,62.4,-178.3,84.6
GBP_USD,TRAIL,881,428.8,1.0,1.5,288,-10.91,44.0,4730.1,-0.0,67.3,-178.3,82.0
GBP_USD,TRAIL,805,428.8,1.5,0.5,288,-7.32,84.8,3176.3,-0.0,76.4,-178.3,81.7
GBP_USD,TRAIL,804,428.8,1.5,1.0,288,-9.1,79.2,3952.8,-0.0,78.2,-178.3,82.0
GBP_USD,TRAIL,803,428.8,1.5,1.5,288,-9.41,60.4,4078.6,-0.0,81.6,-164.3,75.9
GBP_USD,XBACK,1650,428.8,0.0,0.0,288,-17.52,21.5,7558.4,-0.0,31.0,-101.1,158.0
GBP_USD,TRAIL,888,428.8,0.5,0.5,576,-9.21,41.3,3945.8,-0.0,61.1,-253.9,87.2
GBP_USD,TRAIL,883,428.8,0.5,1.0,576,-11.18,33.1,4804.0,-0.0,63.3,-253.9,84.6
GBP_USD,TRAIL,869,428.8,0.5,1.5,576,-10.68,34.4,4608.8,-0.0,68.8,-253.9,82.0
GBP_USD,TRAIL,760,428.8,1.0,0.5,576,-6.68,83.0,2910.7,-0.0,84.5,-253.9,87.2
GBP_USD,TRAIL,759,428.8,1.0,1.0,576,-8.41,58.2,3627.1,-0.0,86.1,-253.9,84.6
GBP_USD,TRAIL,749,428.8,1.0,1.5,576,-8.73,46.6,3796.5,-0.0,91.4,-253.9,82.0
GBP_USD,TRAIL,655,428.8,1.5,0.5,576,-7.08,88.9,3220.1,-0.0,108.9,-359.6,81.7
GBP_USD,TRAIL,654,428.8,1.5,1.0,576,-8.65,83.6,3806.6,-0.0,110.8,-359.6,82.0
GBP_USD,TRAIL,655,428.8,1.5,1.5,576,-8.78,62.6,3810.8,-0.0,114.0,-359.6,75.9
GBP_USD,XBACK,1650,428.8,0.0,0.0,576,-17.52,21.5,7558.4,-0.0,31.0,-101.1,158.0
AUD_JPY,TRAIL,713,429.3,0.5,0.5,288,-7.93,38.3,3444.9,-0.0,41.7,-329.9,50.8
AUD_JPY,TRAIL,711,429.3,0.5,1.0,288,-9.49,29.1,4157.9,-0.0,43.7,-329.9,48.0
AUD_JPY,TRAIL,706,429.3,0.5,1.5,288,-8.4,32.2,3819.0,-0.0,48.4,-329.9,87.7
AUD_JPY,TRAIL,625,429.3,1.0,0.5,288,-6.39,81.1,2875.5,-0.0,61.7,-329.9,54.0
AUD_JPY,TRAIL,624,429.3,1.0,1.0,288,-7.88,51.4,3488.0,-0.0,63.4,-329.9,51.8
AUD_JPY,TRAIL,622,429.3,1.0,1.5,288,-6.95,44.1,3105.7,-0.0,67.6,-329.9,87.7
AUD_JPY,TRAIL,566,429.3,1.5,0.5,288,-4.35,84.1,2045.1,-0.0,77.7,-298.7,82.3
AUD_JPY,TRAIL,566,429.3,1.5,1.0,288,-5.57,78.1,2524.8,-0.0,79.1,-298.7,79.1
AUD_JPY,TRAIL,566,429.3,1.5,1.5,288,-4.92,60.4,2357.8,-0.0,82.7,-298.7,87.7
AUD_JPY,XBACK,1049,429.3,0.0,0.0,288,-13.35,22.7,5762.8,-0.0,32.0,-127.7,201.9
AUD_JPY,TRAIL,652,429.3,0.5,0.5,576,-6.35,40.0,2768.7,-0.0,56.8,-260.9,50.8
AUD_JPY,TRAIL,645,429.3,0.5,1.0,576,-8.09,30.7,3557.0,-0.0,59.6,-260.9,48.0
AUD_JPY,TRAIL,640,429.3,0.5,1.5,576,-6.94,33.3,3218.5,-0.0,64.7,-260.9,87.7
AUD_JPY,TRAIL,551,429.3,1.0,0.5,576,-4.91,84.4,2281.1,-0.0,85.8,-260.9,54.0
AUD_JPY,TRAIL,550,429.3,1.0,1.0,576,-6.36,54.2,2896.2,-0.0,87.6,-260.9,51.8
AUD_JPY,TRAIL,548,429.3,1.0,1.5,576,-5.7,45.3,2598.3,-0.0,92.2,-260.9,87.7
AUD_JPY,TRAIL,487,429.3,1.5,0.5,576,-3.29,88.3,1790.0,-0.0,106.9,-238.8,82.3
AUD_JPY,TRAIL,487,429.3,1.5,1.0,576,-4.41,82.1,2180.2,-0.0,108.3,-238.8,79.1
AUD_JPY,TRAIL,487,429.3,1.5,1.5,576,-4.18,62.6,2146.7,-0.0,112.5,-238.8,87.7
AUD_JPY,XBACK,1049,429.3,0.0,0.0,576,-13.35,22.7,5762.8,-0.0,32.0,-127.7,201.9
EUR_USD,TRAIL,853,428.9,0.5,0.5,288,-6.94,41.3,2984.4,-0.0,41.5,-340.8,71.8
EUR_USD,TRAIL,848,428.9,0.5,1.0,288,-8.35,28.9,3585.2,-0.0,43.6,-340.8,70.4
EUR_USD,TRAIL,843,428.9,0.5,1.5,288,-7.5,32.1,3213.4,-0.0,48.3,-340.8,68.9
EUR_USD,TRAIL,755,428.9,1.0,0.5,288,-5.95,79.2,2581.6,-0.0,59.1,-340.8,71.8
EUR_USD,TRAIL,753,428.9,1.0,1.0,288,-7.34,51.5,3160.7,-0.0,60.5,-340.8,70.4
EUR_USD,TRAIL,751,428.9,1.0,1.5,288,-7.21,43.3,3105.5,-0.0,64.4,-340.8,68.9
EUR_USD,TRAIL,690,428.9,1.5,0.5,288,-4.92,86.1,2173.1,-0.0,75.1,-340.8,71.8
EUR_USD,TRAIL,689,428.9,1.5,1.0,288,-6.47,79.5,2806.1,-0.0,76.4,-340.8,70.4
EUR_USD,TRAIL,687,428.9,1.5,1.5,288,-6.73,60.0,2905.8,-0.0,79.9,-340.8,68.9
EUR_USD,XBACK,1237,428.9,0.0,0.0,288,-8.93,23.4,3856.4,-0.0,31.4,-70.2,151.2
EUR_USD,TRAIL,753,428.9,0.5,0.5,576,-7.3,41.6,3169.2,-0.0,59.7,-419.1,71.8
EUR_USD,TRAIL,750,428.9,0.5,1.0,576,-8.57,28.5,3676.8,-0.0,61.8,-419.1,70.4
EUR_USD,TRAIL,745,428.9,0.5,1.5,576,-7.88,31.8,3374.2,-0.0,66.6,-419.1,68.9
EUR_USD,TRAIL,659,428.9,1.0,0.5,576,-6.08,81.8,2653.4,-0.0,82.4,-419.1,71.8
EUR_USD,TRAIL,661,428.9,1.0,1.0,576,-7.33,52.3,3153.8,-0.0,83.3,-419.1,70.4
EUR_USD,TRAIL,659,428.9,1.0,1.5,576,-7.19,44.2,3095.6,-0.0,87.4,-419.1,68.9
EUR_USD,TRAIL,582,428.9,1.5,0.5,576,-5.08,89.3,2458.6,-0.0,105.9,-419.1,71.8
EUR_USD,TRAIL,583,428.9,1.5,1.0,576,-6.31,83.5,2830.4,-0.0,106.8,-419.1,70.4
EUR_USD,TRAIL,582,428.9,1.5,1.5,576,-6.49,63.9,2902.6,-0.0,110.5,-419.1,68.9
EUR_USD,XBACK,1237,428.9,0.0,0.0,576,-8.93,23.4,3856.4,-0.0,31.4,-70.2,151.2
EUR_GBP,TRAIL,954,429.0,0.5,0.5,288,-6.82,22.4,2932.3,-0.0,58.3,-72.4,23.4
EUR_GBP,TRAIL,949,429.0,0.5,1.0,288,-7.89,17.0,3384.2,-0.0,60.3,-72.4,22.1
EUR_GBP,TRAIL,941,429.0,0.5,1.5,288,-7.6,24.0,3263.1,-0.0,65.3,-72.4,21.4
EUR_GBP,TRAIL,843,429.0,1.0,0.5,288,-5.41,57.9,2325.7,-0.0,74.6,-72.4,23.4
EUR_GBP,TRAIL,840,429.0,1.0,1.0,288,-6.42,34.2,2762.0,-0.0,76.2,-72.4,22.1
EUR_GBP,TRAIL,839,429.0,1.0,1.5,288,-6.33,32.2,2718.4,-0.0,80.2,-72.4,21.4
EUR_GBP,TRAIL,741,429.0,1.5,0.5,288,-5.38,73.0,2315.2,-0.0,93.8,-112.6,25.4
EUR_GBP,TRAIL,741,429.0,1.5,1.0,288,-6.06,57.2,2603.6,-0.0,95.3,-112.6,24.3
EUR_GBP,TRAIL,740,429.0,1.5,1.5,288,-6.23,45.3,2676.4,-0.0,99.1,-112.6,27.8
EUR_GBP,XBACK,1868,429.0,0.0,0.0,288,-17.31,14.8,7464.6,-0.0,27.6,-46.4,62.9
EUR_GBP,TRAIL,811,429.0,0.5,0.5,576,-5.22,24.0,2241.6,-0.0,79.9,-73.9,23.4
EUR_GBP,TRAIL,805,429.0,0.5,1.0,576,-6.19,18.1,2658.5,-0.0,82.1,-73.9,22.1
EUR_GBP,TRAIL,800,429.0,0.5,1.5,576,-5.97,26.0,2561.3,-0.0,87.5,-73.9,19.4
EUR_GBP,TRAIL,696,429.0,1.0,0.5,576,-3.69,61.9,1584.4,-0.0,104.3,-73.9,23.4
EUR_GBP,TRAIL,691,429.0,1.0,1.0,576,-4.62,38.5,1986.5,-0.0,106.6,-73.9,22.1
EUR_GBP,TRAIL,688,429.0,1.0,1.5,576,-4.86,35.2,2085.2,-0.0,111.6,-73.9,19.4
EUR_GBP,TRAIL,581,429.0,1.5,0.5,576,-4.13,76.9,1777.0,-0.0,138.7,-145.1,25.4
EUR_GBP,TRAIL,580,429.0,1.5,1.0,576,-4.71,61.4,2023.2,-0.0,140.5,-145.1,24.3
EUR_GBP,TRAIL,579,429.0,1.5,1.5,576,-4.88,48.9,2094.4,-0.0,144.6,-145.1,27.8
EUR_GBP,XBACK,1868,429.0,0.0,0.0,576,-17.31,14.8,7464.6,-0.0,27.6,-46.4,62.9
AUD_USD,TRAIL,1048,428.6,0.5,0.5,288,-6.23,37.7,2671.0,-0.0,43.3,-347.4,53.9
AUD_USD,TRAIL,1041,428.6,0.5,1.0,288,-7.79,28.9,3335.4,-0.0,45.1,-347.4,52.5
AUD_USD,TRAIL,1027,428.6,0.5,1.5,288,-7.44,30.0,3185.4,-0.0,49.6,-347.4,51.1
AUD_USD,TRAIL,916,428.6,1.0,0.5,288,-4.59,79.9,1997.8,-0.0,59.0,-347.4,62.4
AUD_USD,TRAIL,911,428.6,1.0,1.0,288,-6.07,52.9,2604.1,-0.0,60.8,-347.4,60.3
AUD_USD,TRAIL,903,428.6,1.0,1.5,288,-5.89,41.0,2562.4,-0.0,64.9,-347.4,58.2
AUD_USD,TRAIL,808,428.6,1.5,0.5,288,-4.2,85.1,1901.9,-0.0,76.6,-208.3,39.6
AUD_USD,TRAIL,807,428.6,1.5,1.0,288,-5.55,77.6,2406.2,-0.0,78.1,-208.3,36.4
AUD_USD,TRAIL,801,428.6,1.5,1.5,288,-5.52,57.3,2430.3,-0.0,82.0,-208.3,48.8
AUD_USD,XBACK,1708,428.6,0.0,0.0,288,-14.2,20.6,6120.7,-0.0,30.1,-61.9,114.6
AUD_USD,TRAIL,926,428.6,0.5,0.5,576,-5.56,40.5,2429.3,-0.0,58.1,-342.8,53.9
AUD_USD,TRAIL,919,428.6,0.5,1.0,576,-7.08,30.0,3064.4,-0.0,60.2,-342.8,52.5
AUD_USD,TRAIL,907,428.6,0.5,1.5,576,-6.84,30.4,2925.8,-0.0,64.7,-342.8,51.1
AUD_USD,TRAIL,776,428.6,1.0,0.5,576,-3.62,84.4,1671.4,-0.0,82.3,-342.8,62.4
AUD_USD,TRAIL,772,428.6,1.0,1.0,576,-4.99,55.6,2161.2,-0.0,84.2,-342.8,60.3
AUD_USD,TRAIL,764,428.6,1.0,1.5,576,-4.83,42.9,2191.6,-0.0,88.6,-342.8,58.2
AUD_USD,TRAIL,639,428.6,1.5,0.5,576,-4.25,89.0,2041.3,-0.0,114.5,-282.8,39.6
AUD_USD,TRAIL,638,428.6,1.5,1.0,576,-5.29,81.7,2362.9,-0.0,116.3,-282.8,37.2
AUD_USD,TRAIL,634,428.6,1.5,1.5,576,-5.31,59.9,2427.4,-0.0,120.5,-282.8,48.8
AUD_USD,XBACK,1708,428.6,0.0,0.0,576,-14.2,20.6,6120.7,-0.0,30.1,-61.9,114.6
NZD_JPY,TRAIL,844,429.0,0.5,0.5,288,-13.71,22.3,5884.0,-0.0,49.2,-279.2,73.2
NZD_JPY,TRAIL,839,429.0,0.5,1.0,288,-15.24,20.6,6538.2,-0.0,51.4,-279.2,73.4
NZD_JPY,TRAIL,837,429.0,0.5,1.5,288,-14.38,27.4,6180.1,-0.0,55.1,-279.2,72.0
NZD_JPY,TRAIL,758,429.0,1.0,0.5,288,-10.53,60.6,4550.2,-0.0,62.4,-279.2,73.2
NZD_JPY,TRAIL,759,429.0,1.0,1.0,288,-12.26,37.7,5266.8,-0.0,63.4,-279.2,73.4
NZD_JPY,TRAIL,756,429.0,1.0,1.5,288,-12.08,37.6,5211.2,-0.0,67.3,-279.2,72.0
NZD_JPY,TRAIL,681,429.0,1.5,0.5,288,-9.42,79.6,4136.9,-0.0,79.8,-244.5,73.2
NZD_JPY,TRAIL,680,429.0,1.5,1.0,288,-10.84,65.6,4681.2,-0.0,81.1,-244.5,73.4
NZD_JPY,TRAIL,679,429.0,1.5,1.5,288,-10.99,50.8,4755.8,-0.0,84.6,-279.2,72.0
NZD_JPY,XBACK,1367,429.0,0.0,0.0,288,-22.02,19.0,9456.4,-0.0,30.6,-119.4,114.4
NZD_JPY,TRAIL,734,429.0,0.5,0.5,576,-9.68,22.8,4153.1,-0.0,67.8,-272.0,73.2
NZD_JPY,TRAIL,729,429.0,0.5,1.0,576,-11.01,21.4,4723.8,-0.0,70.2,-272.0,73.4
NZD_JPY,TRAIL,733,429.0,0.5,1.5,576,-10.12,29.1,4355.8,-0.0,73.1,-272.0,72.0
NZD_JPY,TRAIL,639,429.0,1.0,0.5,576,-7.25,64.5,3204.7,-0.0,87.5,-272.0,73.2
NZD_JPY,TRAIL,647,429.0,1.0,1.0,576,-8.2,40.3,3547.3,-0.0,86.7,-272.0,73.4
NZD_JPY,TRAIL,645,429.0,1.0,1.5,576,-8.12,40.2,3516.3,-0.0,90.7,-272.0,72.0
NZD_JPY,TRAIL,562,429.0,1.5,0.5,576,-6.19,83.8,2818.3,-0.0,112.1,-241.4,73.2
NZD_JPY,TRAIL,561,429.0,1.5,1.0,576,-7.99,69.5,3512.2,-0.0,113.6,-241.4,44.9
NZD_JPY,TRAIL,560,429.0,1.5,1.5,576,-8.09,53.9,3535.4,-0.0,117.5,-272.0,43.9
NZD_JPY,XBACK,1367,429.0,0.0,0.0,576,-22.02,19.0,9456.4,-0.0,30.6,-119.4,114.4
CHF_JPY,TRAIL,417,427.8,0.5,0.5,288,-7.93,34.1,3400.4,-0.0,42.6,-218.4,56.7
CHF_JPY,TRAIL,417,427.8,0.5,1.0,288,-9.19,25.9,3929.0,-0.0,44.7,-218.4,54.8
CHF_JPY,TRAIL,416,427.8,0.5,1.5,288,-8.57,28.8,3729.5,-0.0,49.4,-218.4,82.5
CHF_JPY,TRAIL,374,427.8,1.0,0.5,288,-8.15,74.3,3571.8,-0.0,61.9,-210.6,56.7
CHF_JPY,TRAIL,374,427.8,1.0,1.0,288,-9.53,43.3,4119.8,-0.0,63.6,-210.6,54.8
CHF_JPY,TRAIL,375,427.8,1.0,1.5,288,-9.02,36.0,3966.4,-0.0,67.3,-210.6,82.5
CHF_JPY,TRAIL,341,427.8,1.5,0.5,288,-6.7,81.2,3010.4,-0.0,79.9,-215.3,56.7
CHF_JPY,TRAIL,341,427.8,1.5,1.0,288,-8.38,68.6,3685.3,-0.0,81.2,-215.3,54.8
CHF_JPY,TRAIL,340,427.8,1.5,1.5,288,-8.28,48.8,3674.3,-0.0,85.0,-215.3,63.5
CHF_JPY,XBACK,571,427.8,0.0,0.0,288,-12.41,19.1,5287.4,-0.0,30.9,-195.0,170.4
CHF_JPY,TRAIL,368,427.8,0.5,0.5,576,-6.31,34.5,2743.0,-0.0,64.3,-306.1,56.7
CHF_JPY,TRAIL,368,427.8,0.5,1.0,576,-7.45,26.9,3240.3,-0.0,66.5,-306.1,54.8
CHF_JPY,TRAIL,371,427.8,0.5,1.5,576,-7.34,28.3,3201.3,-0.0,70.0,-306.1,82.5
CHF_JPY,TRAIL,317,427.8,1.0,0.5,576,-6.38,77.3,2841.7,-0.0,93.9,-306.1,56.7
CHF_JPY,TRAIL,317,427.8,1.0,1.0,576,-7.7,42.9,3387.8,-0.0,96.0,-306.1,54.8
CHF_JPY,TRAIL,322,427.8,1.0,1.5,576,-7.29,37.3,3225.1,-0.0,97.9,-306.1,82.5
CHF_JPY,TRAIL,283,427.8,1.5,0.5,576,-5.86,84.8,2683.8,-0.0,119.1,-306.1,56.7
CHF_JPY,TRAIL,283,427.8,1.5,1.0,576,-7.31,71.4,3276.3,-0.0,120.5,-306.1,54.8
CHF_JPY,TRAIL,283,427.8,1.5,1.5,576,-7.26,51.2,3251.2,-0.0,124.0,-306.1,63.5
CHF_JPY,XBACK,571,427.8,0.0,0.0,576,-12.41,19.1,5287.4,-0.0,30.9,-195.0,170.4
NZD_USD,TRAIL,1035,428.5,0.5,0.5,288,-8.46,30.1,3628.1,-0.0,44.9,-244.3,19.9
NZD_USD,TRAIL,1031,428.5,0.5,1.0,288,-10.12,23.7,4337.9,-0.0,46.3,-244.3,18.7
NZD_USD,TRAIL,1014,428.5,0.5,1.5,288,-9.93,25.7,4256.2,-0.0,50.9,-244.3,35.7
NZD_USD,TRAIL,881,428.5,1.0,0.5,288,-7.3,72.6,3131.6,-0.0,63.3,-244.3,16.4
NZD_USD,TRAIL,880,428.5,1.0,1.0,288,-8.6,44.5,3686.8,-0.0,64.7,-244.3,17.4
NZD_USD,TRAIL,874,428.5,1.0,1.5,288,-8.45,39.1,3625.0,-0.0,68.6,-244.3,35.7
NZD_USD,TRAIL,788,428.5,1.5,0.5,288,-6.62,82.1,2896.4,-0.0,79.9,-244.3,39.9
NZD_USD,TRAIL,788,428.5,1.5,1.0,288,-7.92,71.3,3406.9,-0.0,81.1,-244.3,38.6
NZD_USD,TRAIL,788,428.5,1.5,1.5,288,-7.79,52.4,3355.4,-0.0,84.1,-244.3,39.3
NZD_USD,XBACK,1747,428.5,0.0,0.0,288,-14.51,20.5,6254.7,-0.0,30.2,-74.9,91.2
NZD_USD,TRAIL,893,428.5,0.5,0.5,576,-7.37,31.5,3159.8,-0.0,63.4,-257.6,18.2
NZD_USD,TRAIL,885,428.5,0.5,1.0,576,-8.78,24.7,3762.3,-0.0,65.4,-257.6,15.4
NZD_USD,TRAIL,871,428.5,0.5,1.5,576,-8.76,25.3,3753.8,-0.0,70.3,-257.6,23.5
NZD_USD,TRAIL,746,428.5,1.0,0.5,576,-5.89,76.8,2578.0,-0.0,88.2,-274.5,16.4
NZD_USD,TRAIL,745,428.5,1.0,1.0,576,-7.12,45.8,3052.9,-0.0,89.7,-274.5,17.4
NZD_USD,TRAIL,740,428.5,1.0,1.5,576,-7.16,38.6,3068.2,-0.0,94.0,-274.5,23.5
NZD_USD,TRAIL,653,428.5,1.5,0.5,576,-5.21,87.1,2467.3,-0.0,111.6,-274.5,24.3
NZD_USD,TRAIL,653,428.5,1.5,1.0,576,-6.35,74.6,2902.3,-0.0,112.8,-274.5,23.4
NZD_USD,TRAIL,650,428.5,1.5,1.5,576,-6.41,54.5,2903.4,-0.0,116.6,-274.5,26.1
NZD_USD,XBACK,1747,428.5,0.0,0.0,576,-14.55,20.5,6270.1,-0.0,30.2,-74.9,75.8
CAD_JPY,TRAIL,807,429.2,0.5,0.5,288,-10.2,33.0,4380.4,-0.0,48.0,-160.6,109.5
CAD_JPY,TRAIL,804,429.2,0.5,1.0,288,-11.92,23.5,5151.7,-0.0,49.8,-160.6,107.5
CAD_JPY,TRAIL,801,429.2,0.5,1.5,288,-10.56,31.6,4675.5,-0.0,54.5,-160.6,105.4
CAD_JPY,TRAIL,719,429.2,1.0,0.5,288,-8.92,73.0,3870.2,-0.0,64.6,-160.6,109.5
CAD_JPY,TRAIL,716,429.2,1.0,1.0,288,-10.68,43.6,4657.5,-0.0,66.3,-160.6,107.5
CAD_JPY,TRAIL,713,429.2,1.0,1.5,288,-9.85,43.2,4419.6,-0.0,70.8,-160.6,105.4
CAD_JPY,TRAIL,654,429.2,1.5,0.5,288,-6.19,82.6,2742.0,-0.0,79.4,-197.1,113.0
CAD_JPY,TRAIL,652,429.2,1.5,1.0,288,-7.55,73.6,3340.0,-0.0,81.5,-197.1,118.2
CAD_JPY,TRAIL,651,429.2,1.5,1.5,288,-7.5,57.6,3436.3,-0.0,85.4,-197.1,116.8
CAD_JPY,XBACK,1339,429.2,0.0,0.0,288,-19.07,19.9,8197.3,-0.0,29.8,-142.4,153.4
CAD_JPY,TRAIL,702,429.2,0.5,0.5,576,-7.55,34.0,3242.8,-0.0,68.4,-213.3,109.5
CAD_JPY,TRAIL,703,429.2,0.5,1.0,576,-8.74,24.3,3784.0,-0.0,69.8,-213.3,107.5
CAD_JPY,TRAIL,697,429.2,0.5,1.5,576,-7.71,32.6,3453.7,-0.0,75.0,-213.3,105.4
CAD_JPY,TRAIL,610,429.2,1.0,0.5,576,-6.05,77.0,2701.6,-0.0,92.0,-213.3,109.5
CAD_JPY,TRAIL,607,429.2,1.0,1.0,576,-7.64,44.8,3390.4,-0.0,93.9,-213.3,107.5
CAD_JPY,TRAIL,604,429.2,1.0,1.5,576,-6.95,44.7,3187.8,-0.0,98.7,-213.3,105.4
CAD_JPY,TRAIL,549,429.2,1.5,0.5,576,-2.93,88.3,1407.2,-0.0,110.2,-215.4,91.5
CAD_JPY,TRAIL,547,429.2,1.5,1.0,576,-4.17,78.2,1923.7,-0.0,112.6,-215.4,95.1
CAD_JPY,TRAIL,546,429.2,1.5,1.5,576,-4.16,61.9,2037.4,-0.0,116.9,-215.4,103.9
CAD_JPY,XBACK,1339,429.2,0.0,0.0,576,-19.07,19.9,8197.3,-0.0,29.8,-142.4,153.4
