pair,res,lag_fast_base,lag_slow_base,fast_lags,slow_lags,atr_mult,accel,tp,sl,is_pd,is_wr,is_n,wf1,wf2,wf3,wf_pass,oos_pd,oos_wr,oos_n,mc_p
USD_JPY,s5,1,6,"[1,2,3]","[6,12,18]",0.0,False,2,1,0.0,0.0,0,0.0,0.0,0.0,False,0.0,0.0,0,
USD_JPY,s5,1,6,"[1,2,3]","[6,12,18]",0.5,False,2,1,0.0,0.0,0,0.0,0.0,0.0,False,0.0,0.0,0,
USD_JPY,s5,1,6,"[1,2,3]","[6,12,18]",1.0,False,2,1,0.0,0.0,0,0.0,0.0,0.0,False,0.0,0.0,0,
USD_JPY,s5,1,6,"[1,2,3]","[6,12,18]",2.0,False,2,1,0.0,0.0,0,0.0,0.0,0.0,False,0.0,0.0,0,
USD_JPY,s5,1,6,"[1,2,3]","[6,12,18]",0.0,False,2,2,0.0,0.0,0,0.0,0.0,0.0,False,0.0,0.0,0,
USD_JPY,s5,1,6,"[1,2,3]","[6,12,18]",0.5,False,2,2,0.0,0.0,0,0.0,0.0,0.0,False,0.0,0.0,0,
USD_JPY,s5,1,6,"[1,2,3]","[6,12,18]",1.0,False,2,2,0.0,0.0,0,0.0,0.0,0.0,False,0.0,0.0,0,
USD_JPY,s5,1,6,"[1,2,3]","[6,12,18]",2.0,False,2,2,0.0,0.0,0,0.0,0.0,0.0,False,0.0,0.0,0,
USD_JPY,s5,1,6,"[1,2,3]","[6,12,18]",0.0,False,3,1,-186.98,0.129,89608,-200.69,-190.56,-169.7,False,-133.42,0.129,26287,
USD_JPY,s5,1,6,"[1,2,3]","[6,12,18]",0.5,False,3,1,-119.16,0.122,55210,-121.45,-123.89,-112.13,False,-80.12,0.125,15551,
USD_JPY,s5,1,6,"[1,2,3]","[6,12,18]",1.0,False,3,1,-70.1,0.122,32395,-64.84,-75.65,-69.83,False,-49.22,0.121,9442,
USD_JPY,s5,1,6,"[1,2,3]","[6,12,18]",2.0,False,3,1,-18.71,0.124,8798,-15.39,-20.47,-20.27,False,-14.59,0.128,2885,
USD_JPY,s5,1,6,"[1,2,3]","[6,12,18]",0.0,False,3,2,-142.61,0.301,62256,-157.39,-142.17,-128.28,False,-112.13,0.287,19044,
USD_JPY,s5,1,6,"[1,2,3]","[6,12,18]",0.5,False,3,2,-103.72,0.294,43337,-110.44,-106.37,-94.33,False,-74.71,0.281,12542,
USD_JPY,s5,1,6,"[1,2,3]","[6,12,18]",1.0,False,3,2,-69.8,0.287,27812,-69.44,-72.73,-67.19,False,-50.53,0.276,8217,
USD_JPY,s5,1,6,"[1,2,3]","[6,12,18]",2.0,False,3,2,-20.87,0.288,8330,-18.39,-22.96,-21.25,False,-17.57,0.268,2739,
USD_JPY,s5,1,6,"[1,2,3]","[6,12,18]",0.0,False,3,3,-134.11,0.372,53410,-143.93,-135.91,-122.46,False,-108.24,0.341,16892,
USD_JPY,s5,1,6,"[1,2,3]","[6,12,18]",0.5,False,3,3,-100.03,0.366,38774,-105.34,-102.2,-92.53,False,-74.56,0.338,11475,
USD_JPY,s5,1,6,"[1,2,3]","[6,12,18]",1.0,False,3,3,-69.78,0.358,25854,-68.89,-73.24,-67.19,False,-51.7,0.331,7730,
USD_JPY,s5,1,6,"[1,2,3]","[6,12,18]",2.0,False,3,3,-22.18,0.354,8113,-19.03,-24.09,-23.44,False,-18.2,0.321,2672,
USD_JPY,s5,1,6,"[1,2,3]","[6,12,18]",0.0,False,5,1,-396.78,0.094,166412,-431.83,-381.49,-377.02,False,-376.77,0.092,63988,
USD_JPY,s5,1,6,"[1,2,3]","[6,12,18]",0.5,False,5,1,-276.07,0.091,114235,-279.64,-274.21,-274.35,False,-257.02,0.087,43064,
USD_JPY,s5,1,6,"[1,2,3]","[6,12,18]",1.0,False,5,1,-175.35,0.091,72373,-155.58,-182.02,-188.46,False,-171.96,0.085,28535,
USD_JPY,s5,1,6,"[1,2,3]","[6,12,18]",2.0,False,5,1,-51.97,0.09,21572,-36.35,-52.76,-66.79,False,-56.67,0.084,9509,
USD_JPY,s5,1,6,"[1,2,3]","[6,12,18]",0.0,False,5,2,-238.19,0.26,91744,-272.06,-223.98,-218.48,False,-239.01,0.248,35462,
USD_JPY,s5,1,6,"[1,2,3]","[6,12,18]",0.5,False,5,2,-193.94,0.258,73356,-210.44,-187.15,-184.21,False,-190.54,0.243,27872,
USD_JPY,s5,1,6,"[1,2,3]","[6,12,18]",1.0,False,5,2,-146.43,0.256,53397,-142.0,-146.28,-151.03,False,-148.07,0.239,21014,
USD_JPY,s5,1,6,"[1,2,3]","[6,12,18]",2.0,False,5,2,-52.78,0.251,18928,-39.78,-52.59,-65.95,False,-62.39,0.226,8312,
USD_JPY,s5,1,6,"[1,2,3]","[6,12,18]",0.0,False,5,3,-204.14,0.334,73224,-223.17,-195.67,-193.61,False,-205.81,0.308,28685,
USD_JPY,s5,1,6,"[1,2,3]","[6,12,18]",0.5,False,5,3,-172.57,0.331,61049,-183.86,-168.14,-165.68,False,-174.27,0.302,23577,
USD_JPY,s5,1,6,"[1,2,3]","[6,12,18]",1.0,False,5,3,-135.81,0.33,46590,-133.04,-136.3,-138.08,False,-140.02,0.297,18423,
USD_JPY,s5,1,6,"[1,2,3]","[6,12,18]",2.0,False,5,3,-53.01,0.322,17878,-40.13,-53.0,-65.91,False,-62.26,0.286,7802,
USD_JPY,s5,1,6,"[1,2,3]","[6,12,18]",0.0,False,5,5,-184.02,0.373,61698,-194.29,-180.36,-177.4,False,-184.83,0.336,24848,
USD_JPY,s5,1,6,"[1,2,3]","[6,12,18]",0.5,False,5,5,-160.78,0.371,52978,-165.46,-161.18,-155.66,False,-162.83,0.33,20977,
USD_JPY,s5,1,6,"[1,2,3]","[6,12,18]",1.0,False,5,5,-127.1,0.37,41854,-121.07,-130.61,-129.6,False,-134.74,0.322,16839,
USD_JPY,s5,1,6,"[1,2,3]","[6,12,18]",2.0,False,5,5,-53.37,0.358,17085,-39.38,-54.93,-65.81,False,-63.1,0.312,7501,
USD_JPY,s5,1,6,"[1,2,3]","[6,12,18]",0.0,False,10,1,-384.27,0.092,161663,-413.45,-370.53,-368.84,False,-372.35,0.09,62932,
USD_JPY,s5,1,6,"[1,2,3]","[6,12,18]",0.5,False,10,1,-270.3,0.088,111916,-273.24,-267.53,-270.13,False,-256.08,0.085,42582,
USD_JPY,s5,1,6,"[1,2,3]","[6,12,18]",1.0,False,10,1,-172.28,0.088,71351,-152.49,-178.17,-186.18,False,-171.69,0.082,28312,
USD_JPY,s5,1,6,"[1,2,3]","[6,12,18]",2.0,False,10,1,-51.6,0.086,21418,-36.1,-52.02,-66.67,False,-56.48,0.08,9461,
USD_JPY,s5,1,6,"[1,2,3]","[6,12,18]",0.0,False,10,2,-225.75,0.256,87994,-250.38,-216.72,-210.11,False,-233.08,0.245,34534,
USD_JPY,s5,1,6,"[1,2,3]","[6,12,18]",0.5,False,10,2,-185.54,0.254,70979,-198.47,-179.41,-178.72,False,-187.43,0.239,27305,
USD_JPY,s5,1,6,"[1,2,3]","[6,12,18]",1.0,False,10,2,-141.67,0.252,52186,-137.59,-140.58,-146.87,False,-146.57,0.235,20722,
USD_JPY,s5,1,6,"[1,2,3]","[6,12,18]",2.0,False,10,2,-51.23,0.246,18688,-38.05,-50.44,-65.21,False,-60.97,0.221,8224,
USD_JPY,s5,1,6,"[1,2,3]","[6,12,18]",0.0,False,10,3,-192.8,0.328,70215,-202.42,-187.45,-188.55,False,-202.63,0.302,27947,
USD_JPY,s5,1,6,"[1,2,3]","[6,12,18]",0.5,False,10,3,-165.03,0.325,59076,-172.18,-162.05,-160.85,False,-172.49,0.296,23095,
USD_JPY,s5,1,6,"[1,2,3]","[6,12,18]",1.0,False,10,3,-131.32,0.324,45481,-128.93,-131.03,-133.98,False,-137.66,0.292,18141,
USD_JPY,s5,1,6,"[1,2,3]","[6,12,18]",2.0,False,10,3,-51.3,0.316,17632,-38.12,-50.57,-65.22,False,-60.54,0.28,7714,
USD_JPY,s5,1,6,"[1,2,3]","[6,12,18]",0.0,False,10,5,-174.41,0.365,59458,-177.85,-173.92,-171.45,False,-182.73,0.329,24303,
USD_JPY,s5,1,6,"[1,2,3]","[6,12,18]",0.5,False,10,5,-153.78,0.364,51417,-156.04,-154.4,-150.85,False,-161.11,0.323,20600,
USD_JPY,s5,1,6,"[1,2,3]","[6,12,18]",1.0,False,10,5,-121.45,0.364,40893,-113.9,-124.72,-125.71,False,-133.07,0.316,16598,
USD_JPY,s5,1,6,"[1,2,3]","[6,12,18]",2.0,False,10,5,-51.61,0.351,16848,-37.12,-52.33,-65.37,False,-61.54,0.305,7417,
USD_JPY,s5,1,6,"[1,2,3]","[6,12,18]",0.0,True,2,1,0.0,0.0,0,0.0,0.0,0.0,False,0.0,0.0,0,
USD_JPY,s5,1,6,"[1,2,3]","[6,12,18]",0.5,True,2,1,0.0,0.0,0,0.0,0.0,0.0,False,0.0,0.0,0,
USD_JPY,s5,1,6,"[1,2,3]","[6,12,18]",1.0,True,2,1,0.0,0.0,0,0.0,0.0,0.0,False,0.0,0.0,0,
USD_JPY,s5,1,6,"[1,2,3]","[6,12,18]",2.0,True,2,1,0.0,0.0,0,0.0,0.0,0.0,False,0.0,0.0,0,
USD_JPY,s5,1,6,"[1,2,3]","[6,12,18]",0.0,True,2,2,0.0,0.0,0,0.0,0.0,0.0,False,0.0,0.0,0,
USD_JPY,s5,1,6,"[1,2,3]","[6,12,18]",0.5,True,2,2,0.0,0.0,0,0.0,0.0,0.0,False,0.0,0.0,0,
USD_JPY,s5,1,6,"[1,2,3]","[6,12,18]",1.0,True,2,2,0.0,0.0,0,0.0,0.0,0.0,False,0.0,0.0,0,
USD_JPY,s5,1,6,"[1,2,3]","[6,12,18]",2.0,True,2,2,0.0,0.0,0,0.0,0.0,0.0,False,0.0,0.0,0,
USD_JPY,s5,1,6,"[1,2,3]","[6,12,18]",0.0,True,3,1,-43.78,0.128,20657,-44.35,-46.81,-40.18,False,-30.96,0.13,6038,
USD_JPY,s5,1,6,"[1,2,3]","[6,12,18]",0.5,True,3,1,-39.79,0.125,18457,-39.79,-42.68,-36.89,False,-27.25,0.129,5328,
USD_JPY,s5,1,6,"[1,2,3]","[6,12,18]",1.0,True,3,1,-31.84,0.123,14632,-30.16,-34.44,-30.91,False,-21.75,0.129,4270,
USD_JPY,s5,1,6,"[1,2,3]","[6,12,18]",2.0,True,3,1,-12.13,0.123,5662,-10.5,-13.01,-12.87,False,-9.28,0.13,1844,
USD_JPY,s5,1,6,"[1,2,3]","[6,12,18]",0.0,True,3,2,-44.09,0.297,18538,-46.04,-46.44,-39.81,False,-32.79,0.28,5428,
USD_JPY,s5,1,6,"[1,2,3]","[6,12,18]",0.5,True,3,2,-41.82,0.291,16920,-42.77,-44.8,-37.88,False,-29.61,0.277,4883,
USD_JPY,s5,1,6,"[1,2,3]","[6,12,18]",1.0,True,3,2,-34.68,0.288,13729,-34.48,-36.86,-32.69,False,-24.6,0.274,3994,
USD_JPY,s5,1,6,"[1,2,3]","[6,12,18]",2.0,True,3,2,-14.41,0.281,5507,-13.03,-15.6,-14.61,False,-11.47,0.266,1799,
USD_JPY,s5,1,6,"[1,2,3]","[6,12,18]",0.0,True,3,3,-44.81,0.364,17502,-45.5,-47.86,-41.07,False,-33.77,0.331,5202,
USD_JPY,s5,1,6,"[1,2,3]","[6,12,18]",0.5,True,3,3,-42.86,0.358,16070,-42.64,-46.79,-39.14,False,-30.83,0.329,4693,
USD_JPY,s5,1,6,"[1,2,3]","[6,12,18]",1.0,True,3,3,-36.06,0.354,13219,-34.85,-39.21,-34.11,False,-25.77,0.325,3874,
USD_JPY,s5,1,6,"[1,2,3]","[6,12,18]",2.0,True,3,3,-15.41,0.346,5434,-13.96,-16.34,-15.94,False,-12.04,0.314,1769,
USD_JPY,s5,1,6,"[1,2,3]","[6,12,18]",0.0,True,5,1,-117.75,0.095,49005,-115.16,-118.84,-119.24,False,-112.42,0.091,18943,
USD_JPY,s5,1,6,"[1,2,3]","[6,12,18]",0.5,True,5,1,-106.45,0.094,44173,-102.49,-107.84,-109.03,False,-102.12,0.089,17091,
USD_JPY,s5,1,6,"[1,2,3]","[6,12,18]",1.0,True,5,1,-86.3,0.093,35550,-77.78,-88.9,-92.22,False,-84.96,0.088,14154,
USD_JPY,s5,1,6,"[1,2,3]","[6,12,18]",2.0,True,5,1,-34.64,0.091,14396,-26.11,-35.25,-42.57,False,-39.21,0.083,6438,
USD_JPY,s5,1,6,"[1,2,3]","[6,12,18]",0.0,True,5,2,-104.62,0.263,39607,-107.98,-104.04,-101.87,False,-105.24,0.246,15198,
USD_JPY,s5,1,6,"[1,2,3]","[6,12,18]",0.5,True,5,2,-99.37,0.259,36793,-101.12,-98.47,-98.55,False,-99.32,0.242,14135,
USD_JPY,s5,1,6,"[1,2,3]","[6,12,18]",1.0,True,5,2,-85.58,0.257,30924,-82.27,-86.08,-88.41,False,-87.25,0.24,12209,
USD_JPY,s5,1,6,"[1,2,3]","[6,12,18]",2.0,True,5,2,-38.39,0.251,13474,-31.29,-38.41,-45.47,False,-46.32,0.221,5980,
USD_JPY,s5,1,6,"[1,2,3]","[6,12,18]",0.0,True,5,3,-99.13,0.334,35582,-100.21,-99.13,-98.02,False,-99.82,0.304,13724,
USD_JPY,s5,1,6,"[1,2,3]","[6,12,18]",0.5,True,5,3,-95.45,0.33,33324,-96.59,-94.86,-94.88,False,-95.27,0.301,12843,
USD_JPY,s5,1,6,"[1,2,3]","[6,12,18]",1.0,True,5,3,-83.32,0.33,28531,-80.06,-84.88,-85.0,False,-85.63,0.297,11239,
USD_JPY,s5,1,6,"[1,2,3]","[6,12,18]",2.0,True,5,3,-38.94,0.321,13015,-31.87,-38.6,-46.34,False,-46.71,0.281,5711,
USD_JPY,s5,1,6,"[1,2,3]","[6,12,18]",0.0,True,5,5,-97.24,0.371,32832,-95.59,-96.63,-99.49,False,-98.01,0.329,12973,
USD_JPY,s5,1,6,"[1,2,3]","[6,12,18]",0.5,True,5,5,-93.79,0.368,30872,-91.35,-94.64,-95.36,False,-94.34,0.325,12174,
USD_JPY,s5,1,6,"[1,2,3]","[6,12,18]",1.0,True,5,5,-82.03,0.367,26841,-75.83,-85.72,-84.52,False,-86.31,0.32,10733,
USD_JPY,s5,1,6,"[1,2,3]","[6,12,18]",2.0,True,5,5,-39.52,0.356,12629,-31.29,-40.15,-47.12,False,-47.31,0.305,5565,
USD_JPY,s5,1,6,"[1,2,3]","[6,12,18]",0.0,True,10,1,-118.0,0.092,48874,-116.5,-117.98,-119.51,False,-112.28,0.089,18906,
USD_JPY,s5,1,6,"[1,2,3]","[6,12,18]",0.5,True,10,1,-106.59,0.091,44071,-103.59,-107.03,-109.17,False,-102.11,0.088,17062,
USD_JPY,s5,1,6,"[1,2,3]","[6,12,18]",1.0,True,10,1,-86.31,0.089,35479,-78.55,-88.13,-92.25,False,-85.02,0.086,14131,
USD_JPY,s5,1,6,"[1,2,3]","[6,12,18]",2.0,True,10,1,-34.64,0.086,14374,-26.15,-35.05,-42.73,False,-39.05,0.08,6429,
USD_JPY,s5,1,6,"[1,2,3]","[6,12,18]",0.0,True,10,2,-104.6,0.257,39348,-108.61,-103.38,-101.83,False,-105.1,0.242,15136,
USD_JPY,s5,1,6,"[1,2,3]","[6,12,18]",0.5,True,10,2,-99.43,0.254,36575,-101.96,-97.56,-98.8,False,-99.18,0.239,14083,
USD_JPY,s5,1,6,"[1,2,3]","[6,12,18]",1.0,True,10,2,-85.48,0.252,30776,-82.85,-85.3,-88.3,False,-87.07,0.237,12165,
USD_JPY,s5,1,6,"[1,2,3]","[6,12,18]",2.0,True,10,2,-37.72,0.246,13429,-30.07,-37.75,-45.36,False,-45.78,0.217,5959,
USD_JPY,s5,1,6,"[1,2,3]","[6,12,18]",0.0,True,10,3,-98.87,0.328,35312,-100.53,-97.74,-98.31,False,-99.86,0.3,13652,
USD_JPY,s5,1,6,"[1,2,3]","[6,12,18]",0.5,True,10,3,-95.39,0.324,33087,-96.99,-93.96,-95.19,False,-95.08,0.297,12780,
USD_JPY,s5,1,6,"[1,2,3]","[6,12,18]",1.0,True,10,3,-83.4,0.324,28370,-81.03,-84.17,-84.98,False,-84.98,0.294,11185,
USD_JPY,s5,1,6,"[1,2,3]","[6,12,18]",2.0,True,10,3,-38.26,0.315,12960,-30.36,-38.21,-46.22,False,-46.07,0.275,5688,
USD_JPY,s5,1,6,"[1,2,3]","[6,12,18]",0.0,True,10,5,-96.65,0.364,32606,-95.47,-95.04,-99.43,False,-97.78,0.324,12908,
USD_JPY,s5,1,6,"[1,2,3]","[6,12,18]",0.5,True,10,5,-93.3,0.361,30669,-91.52,-93.12,-95.24,False,-94.15,0.32,12119,
USD_JPY,s5,1,6,"[1,2,3]","[6,12,18]",1.0,True,10,5,-81.36,0.361,26699,-75.93,-83.92,-84.21,False,-85.85,0.316,10689,
USD_JPY,s5,1,6,"[1,2,3]","[6,12,18]",2.0,True,10,5,-38.54,0.35,12577,-29.47,-39.34,-46.82,False,-46.73,0.298,5544,
USD_JPY,s5,1,12,"[1,2,3]","[12,24,36]",0.0,False,2,1,0.0,0.0,0,0.0,0.0,0.0,False,0.0,0.0,0,
USD_JPY,s5,1,12,"[1,2,3]","[12,24,36]",0.5,False,2,1,0.0,0.0,0,0.0,0.0,0.0,False,0.0,0.0,0,
USD_JPY,s5,1,12,"[1,2,3]","[12,24,36]",1.0,False,2,1,0.0,0.0,0,0.0,0.0,0.0,False,0.0,0.0,0,
USD_JPY,s5,1,12,"[1,2,3]","[12,24,36]",2.0,False,2,1,0.0,0.0,0,0.0,0.0,0.0,False,0.0,0.0,0,
USD_JPY,s5,1,12,"[1,2,3]","[12,24,36]",0.0,False,2,2,0.0,0.0,0,0.0,0.0,0.0,False,0.0,0.0,0,
USD_JPY,s5,1,12,"[1,2,3]","[12,24,36]",0.5,False,2,2,0.0,0.0,0,0.0,0.0,0.0,False,0.0,0.0,0,
USD_JPY,s5,1,12,"[1,2,3]","[12,24,36]",1.0,False,2,2,0.0,0.0,0,0.0,0.0,0.0,False,0.0,0.0,0,
USD_JPY,s5,1,12,"[1,2,3]","[12,24,36]",2.0,False,2,2,0.0,0.0,0,0.0,0.0,0.0,False,0.0,0.0,0,
USD_JPY,s5,1,12,"[1,2,3]","[12,24,36]",0.0,False,3,1,-163.62,0.129,78477,-176.22,-167.42,-147.21,False,-117.41,0.128,23131,
USD_JPY,s5,1,12,"[1,2,3]","[12,24,36]",0.5,False,3,1,-102.32,0.123,47726,-104.16,-107.38,-95.4,False,-71.12,0.121,13563,
USD_JPY,s5,1,12,"[1,2,3]","[12,24,36]",1.0,False,3,1,-60.09,0.122,27901,-55.48,-65.36,-59.44,False,-42.36,0.121,8137,
USD_JPY,s5,1,12,"[1,2,3]","[12,24,36]",2.0,False,3,1,-15.73,0.129,7646,-12.62,-17.75,-16.83,False,-13.21,0.116,2474,
USD_JPY,s5,1,12,"[1,2,3]","[12,24,36]",0.0,False,3,2,-128.41,0.301,55766,-143.8,-127.82,-113.67,False,-100.4,0.287,17136,
USD_JPY,s5,1,12,"[1,2,3]","[12,24,36]",0.5,False,3,2,-89.74,0.296,37908,-95.0,-94.22,-79.96,False,-69.0,0.274,11088,
USD_JPY,s5,1,12,"[1,2,3]","[12,24,36]",1.0,False,3,2,-60.31,0.287,24027,-58.5,-64.19,-58.21,False,-44.92,0.273,7152,
USD_JPY,s5,1,12,"[1,2,3]","[12,24,36]",2.0,False,3,2,-18.06,0.29,7235,-15.08,-21.01,-18.08,False,-15.84,0.259,2346,
USD_JPY,s5,1,12,"[1,2,3]","[12,24,36]",0.0,False,3,3,-122.93,0.371,48813,-136.48,-123.27,-109.02,False,-98.49,0.342,15412,
USD_JPY,s5,1,12,"[1,2,3]","[12,24,36]",0.5,False,3,3,-87.83,0.368,34471,-92.41,-93.11,-77.95,False,-70.07,0.329,10281,
USD_JPY,s5,1,12,"[1,2,3]","[12,24,36]",1.0,False,3,3,-60.98,0.358,22552,-59.76,-64.72,-58.42,False,-45.96,0.329,6791,
USD_JPY,s5,1,12,"[1,2,3]","[12,24,36]",2.0,False,3,3,-19.02,0.358,7052,-15.16,-22.54,-19.38,False,-16.41,0.316,2300,
USD_JPY,s5,1,12,"[1,2,3]","[12,24,36]",0.0,False,5,1,-351.92,0.092,146618,-384.81,-338.52,-332.41,False,-336.75,0.089,56600,
USD_JPY,s5,1,12,"[1,2,3]","[12,24,36]",0.5,False,5,1,-240.25,0.09,99120,-244.12,-238.3,-238.34,False,-226.54,0.084,37603,
USD_JPY,s5,1,12,"[1,2,3]","[12,24,36]",1.0,False,5,1,-150.62,0.091,62293,-132.64,-156.99,-162.24,False,-149.05,0.082,24589,
USD_JPY,s5,1,12,"[1,2,3]","[12,24,36]",2.0,False,5,1,-44.5,0.091,18698,-30.83,-46.2,-56.46,False,-49.66,0.078,8185,
USD_JPY,s5,1,12,"[1,2,3]","[12,24,36]",0.0,False,5,2,-219.81,0.258,83319,-250.47,-207.04,-201.86,False,-218.69,0.246,32219,
USD_JPY,s5,1,12,"[1,2,3]","[12,24,36]",0.5,False,5,2,-172.14,0.257,64683,-188.18,-166.73,-161.49,False,-171.18,0.241,24746,
USD_JPY,s5,1,12,"[1,2,3]","[12,24,36]",1.0,False,5,2,-127.23,0.255,46332,-123.9,-128.72,-129.08,False,-131.42,0.234,18312,
USD_JPY,s5,1,12,"[1,2,3]","[12,24,36]",2.0,False,5,2,-46.22,0.249,16445,-34.41,-46.89,-57.37,False,-56.02,0.215,7189,
USD_JPY,s5,1,12,"[1,2,3]","[12,24,36]",0.0,False,5,3,-192.35,0.33,67849,-209.06,-186.74,-181.28,False,-191.54,0.309,26677,
USD_JPY,s5,1,12,"[1,2,3]","[12,24,36]",0.5,False,5,3,-157.82,0.329,55011,-168.02,-154.29,-151.12,False,-158.55,0.299,21328,
USD_JPY,s5,1,12,"[1,2,3]","[12,24,36]",1.0,False,5,3,-121.7,0.326,41113,-118.97,-122.08,-124.04,False,-124.41,0.294,16291,
USD_JPY,s5,1,12,"[1,2,3]","[12,24,36]",2.0,False,5,3,-46.39,0.322,15575,-34.18,-47.55,-57.44,False,-54.55,0.28,6781,
USD_JPY,s5,1,12,"[1,2,3]","[12,24,36]",0.0,False,5,5,-175.55,0.372,58310,-189.82,-171.59,-165.31,False,-176.92,0.334,23548,
USD_JPY,s5,1,12,"[1,2,3]","[12,24,36]",0.5,False,5,5,-149.6,0.368,48663,-155.41,-150.17,-143.21,False,-147.82,0.328,19244,
USD_JPY,s5,1,12,"[1,2,3]","[12,24,36]",1.0,False,5,5,-116.72,0.367,37503,-112.43,-119.02,-118.68,False,-120.92,0.32,15072,
USD_JPY,s5,1,12,"[1,2,3]","[12,24,36]",2.0,False,5,5,-46.88,0.36,15000,-35.08,-48.17,-57.38,False,-54.96,0.306,6546,
USD_JPY,s5,1,12,"[1,2,3]","[12,24,36]",0.0,False,10,1,-340.22,0.09,142337,-366.6,-328.91,-325.17,False,-331.74,0.087,55597,
USD_JPY,s5,1,12,"[1,2,3]","[12,24,36]",0.5,False,10,1,-234.34,0.087,96964,-236.37,-233.27,-233.39,False,-225.58,0.081,37140,
USD_JPY,s5,1,12,"[1,2,3]","[12,24,36]",1.0,False,10,1,-147.54,0.088,61337,-129.22,-153.1,-160.3,False,-148.43,0.079,24371,
USD_JPY,s5,1,12,"[1,2,3]","[12,24,36]",2.0,False,10,1,-44.17,0.086,18548,-30.57,-45.79,-56.17,False,-49.7,0.073,8145,
USD_JPY,s5,1,12,"[1,2,3]","[12,24,36]",0.0,False,10,2,-207.76,0.254,79732,-230.01,-198.88,-194.35,False,-212.11,0.243,31343,
USD_JPY,s5,1,12,"[1,2,3]","[12,24,36]",0.5,False,10,2,-163.72,0.253,62521,-175.44,-159.56,-156.13,False,-168.34,0.237,24236,
USD_JPY,s5,1,12,"[1,2,3]","[12,24,36]",1.0,False,10,2,-121.86,0.251,45204,-118.48,-121.91,-125.21,False,-129.48,0.23,18034,
USD_JPY,s5,1,12,"[1,2,3]","[12,24,36]",2.0,False,10,2,-44.92,0.244,16210,-33.31,-44.99,-56.45,False,-54.53,0.21,7113,
USD_JPY,s5,1,12,"[1,2,3]","[12,24,36]",0.0,False,10,3,-181.32,0.324,65059,-189.4,-179.05,-175.55,False,-186.59,0.305,25964,
USD_JPY,s5,1,12,"[1,2,3]","[12,24,36]",0.5,False,10,3,-149.76,0.323,53196,-155.4,-148.51,-145.35,False,-155.32,0.294,20879,
USD_JPY,s5,1,12,"[1,2,3]","[12,24,36]",1.0,False,10,3,-116.29,0.322,40080,-112.87,-116.31,-119.66,False,-121.35,0.289,16022,
USD_JPY,s5,1,12,"[1,2,3]","[12,24,36]",2.0,False,10,3,-44.78,0.316,15343,-32.61,-45.16,-56.56,False,-52.65,0.275,6701,
USD_JPY,s5,1,12,"[1,2,3]","[12,24,36]",0.0,False,10,5,-166.82,0.363,56209,-174.31,-165.25,-160.95,False,-172.92,0.328,23023,
USD_JPY,s5,1,12,"[1,2,3]","[12,24,36]",0.5,False,10,5,-142.85,0.36,47161,-144.81,-145.68,-138.02,False,-146.4,0.32,18893,
USD_JPY,s5,1,12,"[1,2,3]","[12,24,36]",1.0,False,10,5,-110.84,0.361,36600,-104.07,-113.83,-114.61,False,-118.63,0.314,14838,
USD_JPY,s5,1,12,"[1,2,3]","[12,24,36]",2.0,False,10,5,-45.12,0.353,14780,-32.71,-45.42,-57.22,False,-53.53,0.299,6472,
USD_JPY,s5,1,12,"[1,2,3]","[12,24,36]",0.0,True,2,1,0.0,0.0,0,0.0,0.0,0.0,False,0.0,0.0,0,
USD_JPY,s5,1,12,"[1,2,3]","[12,24,36]",0.5,True,2,1,0.0,0.0,0,0.0,0.0,0.0,False,0.0,0.0,0,
USD_JPY,s5,1,12,"[1,2,3]","[12,24,36]",1.0,True,2,1,0.0,0.0,0,0.0,0.0,0.0,False,0.0,0.0,0,
USD_JPY,s5,1,12,"[1,2,3]","[12,24,36]",2.0,True,2,1,0.0,0.0,0,0.0,0.0,0.0,False,0.0,0.0,0,
USD_JPY,s5,1,12,"[1,2,3]","[12,24,36]",0.0,True,2,2,0.0,0.0,0,0.0,0.0,0.0,False,0.0,0.0,0,
USD_JPY,s5,1,12,"[1,2,3]","[12,24,36]",0.5,True,2,2,0.0,0.0,0,0.0,0.0,0.0,False,0.0,0.0,0,
USD_JPY,s5,1,12,"[1,2,3]","[12,24,36]",1.0,True,2,2,0.0,0.0,0,0.0,0.0,0.0,False,0.0,0.0,0,
USD_JPY,s5,1,12,"[1,2,3]","[12,24,36]",2.0,True,2,2,0.0,0.0,0,0.0,0.0,0.0,False,0.0,0.0,0,
USD_JPY,s5,1,12,"[1,2,3]","[12,24,36]",0.0,True,3,1,-39.03,0.126,18313,-39.02,-43.04,-35.04,False,-27.43,0.127,5306,
USD_JPY,s5,1,12,"[1,2,3]","[12,24,36]",0.5,True,3,1,-33.21,0.123,15447,-32.57,-36.68,-30.38,False,-23.57,0.119,4422,
USD_JPY,s5,1,12,"[1,2,3]","[12,24,36]",1.0,True,3,1,-24.9,0.125,11716,-22.51,-28.08,-24.11,False,-17.73,0.119,3354,
USD_JPY,s5,1,12,"[1,2,3]","[12,24,36]",2.0,True,3,1,-9.0,0.134,4464,-7.26,-9.94,-9.79,False,-7.53,0.116,1417,
USD_JPY,s5,1,12,"[1,2,3]","[12,24,36]",0.0,True,3,2,-38.65,0.297,16362,-40.07,-41.1,-34.78,False,-28.98,0.279,4791,
USD_JPY,s5,1,12,"[1,2,3]","[12,24,36]",0.5,True,3,2,-34.07,0.293,14043,-35.1,-36.86,-30.23,False,-25.8,0.267,4062,
USD_JPY,s5,1,12,"[1,2,3]","[12,24,36]",1.0,True,3,2,-26.71,0.291,10892,-25.71,-29.39,-25.03,False,-20.82,0.261,3159,
USD_JPY,s5,1,12,"[1,2,3]","[12,24,36]",2.0,True,3,2,-10.55,0.293,4316,-8.56,-12.32,-10.78,False,-9.73,0.244,1379,
USD_JPY,s5,1,12,"[1,2,3]","[12,24,36]",0.0,True,3,3,-40.43,0.364,15675,-42.66,-42.21,-36.41,False,-30.9,0.328,4648,
USD_JPY,s5,1,12,"[1,2,3]","[12,24,36]",0.5,True,3,3,-36.02,0.359,13530,-37.56,-38.44,-32.07,False,-27.35,0.317,3954,
USD_JPY,s5,1,12,"[1,2,3]","[12,24,36]",1.0,True,3,3,-28.15,0.358,10558,-27.85,-30.54,-26.05,False,-21.61,0.314,3089,
USD_JPY,s5,1,12,"[1,2,3]","[12,24,36]",2.0,True,3,3,-11.3,0.36,4265,-9.5,-13.03,-11.37,False,-10.26,0.293,1368,
USD_JPY,s5,1,12,"[1,2,3]","[12,24,36]",0.0,True,5,1,-104.27,0.092,42929,-102.23,-107.01,-103.57,False,-99.23,0.087,16500,
USD_JPY,s5,1,12,"[1,2,3]","[12,24,36]",0.5,True,5,1,-89.24,0.09,36705,-84.75,-92.11,-90.86,False,-85.84,0.082,14105,
USD_JPY,s5,1,12,"[1,2,3]","[12,24,36]",1.0,True,5,1,-68.35,0.091,28296,-58.99,-72.56,-73.52,False,-68.32,0.08,11192,
USD_JPY,s5,1,12,"[1,2,3]","[12,24,36]",2.0,True,5,1,-26.92,0.091,11254,-18.38,-27.97,-34.4,False,-30.42,0.075,4975,
USD_JPY,s5,1,12,"[1,2,3]","[12,24,36]",0.0,True,5,2,-91.38,0.26,34016,-94.69,-91.19,-88.26,False,-90.75,0.242,13105,
USD_JPY,s5,1,12,"[1,2,3]","[12,24,36]",0.5,True,5,2,-82.4,0.256,30035,-83.89,-84.1,-79.22,False,-82.87,0.235,11564,
USD_JPY,s5,1,12,"[1,2,3]","[12,24,36]",1.0,True,5,2,-67.02,0.256,24213,-63.55,-69.31,-68.19,False,-70.49,0.23,9563,
USD_JPY,s5,1,12,"[1,2,3]","[12,24,36]",2.0,True,5,2,-29.67,0.25,10420,-22.63,-30.27,-36.12,False,-37.34,0.206,4620,
USD_JPY,s5,1,12,"[1,2,3]","[12,24,36]",0.0,True,5,3,-88.91,0.33,31107,-92.22,-88.95,-85.57,False,-89.55,0.296,12057,
USD_JPY,s5,1,12,"[1,2,3]","[12,24,36]",0.5,True,5,3,-81.33,0.327,27718,-82.44,-83.26,-78.29,False,-82.36,0.29,10703,
USD_JPY,s5,1,12,"[1,2,3]","[12,24,36]",1.0,True,5,3,-66.91,0.327,22662,-65.51,-68.34,-66.88,False,-70.67,0.287,8956,
USD_JPY,s5,1,12,"[1,2,3]","[12,24,36]",2.0,True,5,3,-31.09,0.319,10099,-24.61,-30.96,-37.7,False,-37.29,0.271,4454,
USD_JPY,s5,1,12,"[1,2,3]","[12,24,36]",0.0,True,5,5,-87.19,0.369,29126,-89.09,-88.57,-83.9,False,-88.43,0.32,11484,
USD_JPY,s5,1,12,"[1,2,3]","[12,24,36]",0.5,True,5,5,-80.26,0.366,26147,-80.67,-82.28,-77.83,False,-81.72,0.315,10248,
USD_JPY,s5,1,12,"[1,2,3]","[12,24,36]",1.0,True,5,5,-66.38,0.367,21621,-65.88,-66.92,-66.33,False,-70.54,0.313,8619,
USD_JPY,s5,1,12,"[1,2,3]","[12,24,36]",2.0,True,5,5,-31.22,0.358,9871,-24.34,-31.21,-38.1,False,-37.62,0.298,4363,
USD_JPY,s5,1,12,"[1,2,3]","[12,24,36]",0.0,True,10,1,-104.11,0.089,42688,-102.94,-106.06,-103.33,False,-98.31,0.084,16443,
USD_JPY,s5,1,12,"[1,2,3]","[12,24,36]",0.5,True,10,1,-89.28,0.087,36526,-85.73,-91.46,-90.64,False,-85.22,0.08,14060,
USD_JPY,s5,1,12,"[1,2,3]","[12,24,36]",1.0,True,10,1,-68.61,0.088,28181,-59.93,-72.37,-73.54,False,-67.75,0.078,11162,
USD_JPY,s5,1,12,"[1,2,3]","[12,24,36]",2.0,True,10,1,-27.02,0.086,11220,-18.57,-27.95,-34.54,False,-30.09,0.071,4969,
USD_JPY,s5,1,12,"[1,2,3]","[12,24,36]",0.0,True,10,2,-90.51,0.256,33605,-94.12,-89.85,-87.55,False,-89.15,0.239,13004,
USD_JPY,s5,1,12,"[1,2,3]","[12,24,36]",0.5,True,10,2,-81.6,0.252,29715,-83.54,-82.72,-78.55,False,-81.58,0.231,11481,
USD_JPY,s5,1,12,"[1,2,3]","[12,24,36]",1.0,True,10,2,-67.07,0.251,24029,-64.66,-68.43,-68.12,False,-69.63,0.225,9504,
USD_JPY,s5,1,12,"[1,2,3]","[12,24,36]",2.0,True,10,2,-29.79,0.243,10363,-22.89,-30.08,-36.4,False,-36.66,0.201,4601,
USD_JPY,s5,1,12,"[1,2,3]","[12,24,36]",0.0,True,10,3,-87.26,0.325,30664,-89.61,-87.04,-85.14,False,-87.89,0.292,11959,
USD_JPY,s5,1,12,"[1,2,3]","[12,24,36]",0.5,True,10,3,-79.72,0.322,27367,-80.09,-81.62,-77.44,False,-80.66,0.286,10622,
USD_JPY,s5,1,12,"[1,2,3]","[12,24,36]",1.0,True,10,3,-66.52,0.322,22453,-65.58,-67.06,-66.9,False,-69.17,0.284,8899,
USD_JPY,s5,1,12,"[1,2,3]","[12,24,36]",2.0,True,10,3,-31.2,0.312,10034,-24.59,-30.89,-38.12,False,-36.28,0.266,4431,
USD_JPY,s5,1,12,"[1,2,3]","[12,24,36]",0.0,True,10,5,-85.59,0.363,28705,-87.01,-86.72,-83.05,False,-87.32,0.315,11387,
USD_JPY,s5,1,12,"[1,2,3]","[12,24,36]",0.5,True,10,5,-78.46,0.361,25815,-78.46,-80.23,-76.69,False,-80.52,0.31,10166,
USD_JPY,s5,1,12,"[1,2,3]","[12,24,36]",1.0,True,10,5,-65.57,0.361,21419,-65.08,-65.47,-66.15,False,-69.49,0.308,8562,
USD_JPY,s5,1,12,"[1,2,3]","[12,24,36]",2.0,True,10,5,-31.23,0.35,9809,-23.56,-31.35,-38.8,False,-36.58,0.291,4335,
USD_JPY,s5,1,18,"[1,2,3]","[18,36,54]",0.0,False,2,1,0.0,0.0,0,0.0,0.0,0.0,False,0.0,0.0,0,
USD_JPY,s5,1,18,"[1,2,3]","[18,36,54]",0.5,False,2,1,0.0,0.0,0,0.0,0.0,0.0,False,0.0,0.0,0,
USD_JPY,s5,1,18,"[1,2,3]","[18,36,54]",1.0,False,2,1,0.0,0.0,0,0.0,0.0,0.0,False,0.0,0.0,0,
USD_JPY,s5,1,18,"[1,2,3]","[18,36,54]",2.0,False,2,1,0.0,0.0,0,0.0,0.0,0.0,False,0.0,0.0,0,
USD_JPY,s5,1,18,"[1,2,3]","[18,36,54]",0.0,False,2,2,0.0,0.0,0,0.0,0.0,0.0,False,0.0,0.0,0,
USD_JPY,s5,1,18,"[1,2,3]","[18,36,54]",0.5,False,2,2,0.0,0.0,0,0.0,0.0,0.0,False,0.0,0.0,0,
USD_JPY,s5,1,18,"[1,2,3]","[18,36,54]",1.0,False,2,2,0.0,0.0,0,0.0,0.0,0.0,False,0.0,0.0,0,
USD_JPY,s5,1,18,"[1,2,3]","[18,36,54]",2.0,False,2,2,0.0,0.0,0,0.0,0.0,0.0,False,0.0,0.0,0,
USD_JPY,s5,1,18,"[1,2,3]","[18,36,54]",0.0,False,3,1,-153.72,0.128,73437,-163.16,-159.01,-138.99,False,-111.04,0.128,21704,
USD_JPY,s5,1,18,"[1,2,3]","[18,36,54]",0.5,False,3,1,-95.35,0.123,44739,-96.95,-100.68,-88.41,False,-66.99,0.121,12793,
USD_JPY,s5,1,18,"[1,2,3]","[18,36,54]",1.0,False,3,1,-55.76,0.123,26110,-52.01,-60.59,-54.7,False,-40.89,0.117,7720,
USD_JPY,s5,1,18,"[1,2,3]","[18,36,54]",2.0,False,3,1,-15.14,0.124,7154,-12.11,-16.78,-16.53,False,-12.73,0.114,2358,
USD_JPY,s5,1,18,"[1,2,3]","[18,36,54]",0.0,False,3,2,-120.79,0.301,52345,-133.33,-119.96,-109.13,False,-96.8,0.283,16150,
USD_JPY,s5,1,18,"[1,2,3]","[18,36,54]",0.5,False,3,2,-84.94,0.294,35540,-89.81,-88.37,-76.62,False,-64.15,0.275,10427,
USD_JPY,s5,1,18,"[1,2,3]","[18,36,54]",1.0,False,3,2,-56.21,0.287,22519,-55.3,-58.83,-54.46,False,-42.36,0.273,6763,
USD_JPY,s5,1,18,"[1,2,3]","[18,36,54]",2.0,False,3,2,-17.28,0.285,6746,-14.47,-19.45,-17.93,False,-15.12,0.259,2235,
USD_JPY,s5,1,18,"[1,2,3]","[18,36,54]",0.0,False,3,3,-115.3,0.373,46127,-124.35,-116.37,-105.16,False,-94.94,0.339,14623,
USD_JPY,s5,1,18,"[1,2,3]","[18,36,54]",0.5,False,3,3,-82.01,0.368,32368,-82.83,-86.36,-76.83,False,-64.55,0.33,9687,
USD_JPY,s5,1,18,"[1,2,3]","[18,36,54]",1.0,False,3,3,-56.17,0.359,21104,-54.3,-59.77,-54.4,False,-43.38,0.329,6416,
USD_JPY,s5,1,18,"[1,2,3]","[18,36,54]",2.0,False,3,3,-18.28,0.352,6580,-14.43,-20.44,-19.97,False,-15.56,0.317,2188,
USD_JPY,s5,1,18,"[1,2,3]","[18,36,54]",0.0,False,5,1,-331.15,0.091,137260,-360.37,-321.2,-311.88,False,-314.51,0.089,52932,
USD_JPY,s5,1,18,"[1,2,3]","[18,36,54]",0.5,False,5,1,-225.57,0.089,92859,-228.18,-227.3,-221.25,False,-211.19,0.084,35046,
USD_JPY,s5,1,18,"[1,2,3]","[18,36,54]",1.0,False,5,1,-140.48,0.091,58242,-124.12,-147.47,-149.87,False,-139.27,0.083,22990,
USD_JPY,s5,1,18,"[1,2,3]","[18,36,54]",2.0,False,5,1,-41.97,0.089,17489,-29.35,-42.9,-53.66,False,-46.19,0.08,7662,
USD_JPY,s5,1,18,"[1,2,3]","[18,36,54]",0.0,False,5,2,-208.02,0.258,78533,-233.95,-194.46,-195.61,False,-207.99,0.245,30459,
USD_JPY,s5,1,18,"[1,2,3]","[18,36,54]",0.5,False,5,2,-163.89,0.254,60700,-177.57,-160.08,-153.98,False,-161.77,0.239,23183,
USD_JPY,s5,1,18,"[1,2,3]","[18,36,54]",1.0,False,5,2,-119.78,0.253,43245,-115.85,-120.68,-122.83,False,-122.81,0.234,17080,
USD_JPY,s5,1,18,"[1,2,3]","[18,36,54]",2.0,False,5,2,-42.92,0.251,15313,-32.57,-42.76,-53.44,False,-51.1,0.221,6695,
USD_JPY,s5,1,18,"[1,2,3]","[18,36,54]",0.0,False,5,3,-181.93,0.33,64461,-198.78,-173.97,-173.03,False,-183.63,0.308,25386,
USD_JPY,s5,1,18,"[1,2,3]","[18,36,54]",0.5,False,5,3,-147.93,0.33,51690,-155.44,-144.46,-143.85,False,-149.99,0.298,20090,
USD_JPY,s5,1,18,"[1,2,3]","[18,36,54]",1.0,False,5,3,-112.23,0.328,38262,-109.11,-111.7,-115.87,False,-116.57,0.294,15238,
USD_JPY,s5,1,18,"[1,2,3]","[18,36,54]",2.0,False,5,3,-42.69,0.323,14460,-31.85,-42.57,-53.64,False,-49.63,0.285,6300,
USD_JPY,s5,1,18,"[1,2,3]","[18,36,54]",0.0,False,5,5,-170.72,0.369,56220,-184.1,-165.35,-162.71,False,-172.49,0.334,22739,
USD_JPY,s5,1,18,"[1,2,3]","[18,36,54]",0.5,False,5,5,-141.1,0.369,46201,-144.43,-139.8,-139.06,False,-141.08,0.327,18326,
USD_JPY,s5,1,18,"[1,2,3]","[18,36,54]",1.0,False,5,5,-108.06,0.368,35225,-101.32,-111.24,-111.6,False,-111.51,0.322,14177,
USD_JPY,s5,1,18,"[1,2,3]","[18,36,54]",2.0,False,5,5,-43.34,0.361,13925,-31.79,-44.07,-54.15,False,-49.69,0.311,6083,
USD_JPY,s5,1,18,"[1,2,3]","[18,36,54]",0.0,False,10,1,-319.81,0.089,132990,-342.87,-312.44,-304.13,False,-310.46,0.087,51971,
USD_JPY,s5,1,18,"[1,2,3]","[18,36,54]",0.5,False,10,1,-220.37,0.086,90767,-221.03,-223.64,-216.45,False,-209.64,0.081,34600,
USD_JPY,s5,1,18,"[1,2,3]","[18,36,54]",1.0,False,10,1,-137.42,0.088,57300,-120.94,-144.26,-147.05,False,-138.69,0.08,22779,
USD_JPY,s5,1,18,"[1,2,3]","[18,36,54]",2.0,False,10,1,-41.74,0.085,17346,-29.63,-42.48,-53.11,False,-46.16,0.075,7623,
USD_JPY,s5,1,18,"[1,2,3]","[18,36,54]",0.0,False,10,2,-194.88,0.255,74976,-210.93,-185.88,-187.78,False,-200.29,0.242,29612,
USD_JPY,s5,1,18,"[1,2,3]","[18,36,54]",0.5,False,10,2,-156.19,0.25,58590,-164.51,-154.6,-149.44,False,-157.72,0.235,22679,
USD_JPY,s5,1,18,"[1,2,3]","[18,36,54]",1.0,False,10,2,-114.81,0.249,42148,-110.96,-114.99,-118.49,False,-120.38,0.231,16800,
USD_JPY,s5,1,18,"[1,2,3]","[18,36,54]",2.0,False,10,2,-41.67,0.246,15069,-31.56,-41.21,-52.25,False,-49.67,0.216,6616,
USD_JPY,s5,1,18,"[1,2,3]","[18,36,54]",0.0,False,10,3,-171.03,0.325,61742,-178.52,-166.8,-167.76,False,-177.76,0.304,24740,
USD_JPY,s5,1,18,"[1,2,3]","[18,36,54]",0.5,False,10,3,-141.2,0.324,49873,-144.2,-139.76,-139.61,False,-147.03,0.293,19680,
USD_JPY,s5,1,18,"[1,2,3]","[18,36,54]",1.0,False,10,3,-107.4,0.323,37269,-103.07,-107.76,-111.35,False,-114.19,0.289,14990,
USD_JPY,s5,1,18,"[1,2,3]","[18,36,54]",2.0,False,10,3,-41.31,0.316,14216,-30.82,-40.89,-52.23,False,-47.93,0.28,6214,
USD_JPY,s5,1,18,"[1,2,3]","[18,36,54]",0.0,False,10,5,-159.97,0.362,54140,-163.92,-158.12,-157.85,False,-166.34,0.329,22233,
USD_JPY,s5,1,18,"[1,2,3]","[18,36,54]",0.5,False,10,5,-135.13,0.361,44743,-133.85,-136.73,-134.78,False,-139.29,0.319,17998,
USD_JPY,s5,1,18,"[1,2,3]","[18,36,54]",1.0,False,10,5,-102.34,0.362,34347,-92.41,-106.97,-107.62,False,-110.2,0.314,13972,
USD_JPY,s5,1,18,"[1,2,3]","[18,36,54]",2.0,False,10,5,-41.95,0.353,13691,-30.64,-41.88,-53.32,False,-47.94,0.304,6002,
USD_JPY,s5,1,18,"[1,2,3]","[18,36,54]",0.0,True,2,1,0.0,0.0,0,0.0,0.0,0.0,False,0.0,0.0,0,
USD_JPY,s5,1,18,"[1,2,3]","[18,36,54]",0.5,True,2,1,0.0,0.0,0,0.0,0.0,0.0,False,0.0,0.0,0,
USD_JPY,s5,1,18,"[1,2,3]","[18,36,54]",1.0,True,2,1,0.0,0.0,0,0.0,0.0,0.0,False,0.0,0.0,0,
USD_JPY,s5,1,18,"[1,2,3]","[18,36,54]",2.0,True,2,1,0.0,0.0,0,0.0,0.0,0.0,False,0.0,0.0,0,
USD_JPY,s5,1,18,"[1,2,3]","[18,36,54]",0.0,True,2,2,0.0,0.0,0,0.0,0.0,0.0,False,0.0,0.0,0,
USD_JPY,s5,1,18,"[1,2,3]","[18,36,54]",0.5,True,2,2,0.0,0.0,0,0.0,0.0,0.0,False,0.0,0.0,0,
USD_JPY,s5,1,18,"[1,2,3]","[18,36,54]",1.0,True,2,2,0.0,0.0,0,0.0,0.0,0.0,False,0.0,0.0,0,
USD_JPY,s5,1,18,"[1,2,3]","[18,36,54]",2.0,True,2,2,0.0,0.0,0,0.0,0.0,0.0,False,0.0,0.0,0,
USD_JPY,s5,1,18,"[1,2,3]","[18,36,54]",0.0,True,3,1,-36.97,0.125,17258,-36.9,-38.94,-35.08,False,-25.97,0.128,5003,
USD_JPY,s5,1,18,"[1,2,3]","[18,36,54]",0.5,True,3,1,-30.04,0.126,14258,-29.78,-31.65,-28.68,False,-21.53,0.122,4063,
USD_JPY,s5,1,18,"[1,2,3]","[18,36,54]",1.0,True,3,1,-22.2,0.125,10531,-20.47,-24.3,-21.84,False,-16.67,0.116,3066,
USD_JPY,s5,1,18,"[1,2,3]","[18,36,54]",2.0,True,3,1,-8.21,0.125,3920,-6.91,-8.68,-9.05,False,-6.98,0.11,1268,
USD_JPY,s5,1,18,"[1,2,3]","[18,36,54]",0.0,True,3,2,-35.94,0.297,15243,-36.22,-37.24,-34.37,False,-27.32,0.278,4484,
USD_JPY,s5,1,18,"[1,2,3]","[18,36,54]",0.5,True,3,2,-30.83,0.293,12865,-32.21,-31.46,-28.83,False,-22.54,0.274,3691,
USD_JPY,s5,1,18,"[1,2,3]","[18,36,54]",1.0,True,3,2,-24.33,0.286,9753,-23.21,-25.98,-23.81,False,-17.85,0.271,2841,
USD_JPY,s5,1,18,"[1,2,3]","[18,36,54]",2.0,True,3,2,-9.79,0.28,3780,-8.66,-10.77,-9.95,False,-8.6,0.252,1219,
USD_JPY,s5,1,18,"[1,2,3]","[18,36,54]",0.0,True,3,3,-36.97,0.365,14570,-36.41,-37.87,-36.63,False,-28.03,0.332,4337,
USD_JPY,s5,1,18,"[1,2,3]","[18,36,54]",0.5,True,3,3,-31.35,0.364,12353,-30.92,-32.54,-30.59,False,-23.31,0.326,3575,
USD_JPY,s5,1,18,"[1,2,3]","[18,36,54]",1.0,True,3,3,-25.07,0.357,9447,-22.96,-27.13,-25.12,False,-18.05,0.329,2770,
USD_JPY,s5,1,18,"[1,2,3]","[18,36,54]",2.0,True,3,3,-10.54,0.346,3727,-9.01,-10.98,-11.61,False,-8.57,0.314,1205,
USD_JPY,s5,1,18,"[1,2,3]","[18,36,54]",0.0,True,5,1,-97.03,0.091,39765,-95.13,-97.47,-98.51,False,-91.56,0.087,15266,
USD_JPY,s5,1,18,"[1,2,3]","[18,36,54]",0.5,True,5,1,-80.82,0.091,33437,-76.86,-81.62,-83.97,False,-77.61,0.083,12815,
USD_JPY,s5,1,18,"[1,2,3]","[18,36,54]",1.0,True,5,1,-61.1,0.091,25250,-53.34,-63.22,-66.74,False,-61.13,0.081,10026,
USD_JPY,s5,1,18,"[1,2,3]","[18,36,54]",2.0,True,5,1,-23.97,0.087,9873,-17.07,-24.14,-30.71,False,-26.5,0.078,4406,
USD_JPY,s5,1,18,"[1,2,3]","[18,36,54]",0.0,True,5,2,-84.12,0.258,30850,-87.2,-82.14,-83.03,False,-82.05,0.243,11868,
USD_JPY,s5,1,18,"[1,2,3]","[18,36,54]",0.5,True,5,2,-73.78,0.256,26881,-75.52,-72.29,-73.52,False,-74.29,0.234,10353,
USD_JPY,s5,1,18,"[1,2,3]","[18,36,54]",1.0,True,5,2,-60.1,0.252,21300,-57.14,-59.22,-63.92,False,-61.72,0.231,8443,
USD_JPY,s5,1,18,"[1,2,3]","[18,36,54]",2.0,True,5,2,-26.07,0.246,9056,-21.18,-25.65,-31.4,False,-31.24,0.215,4013,
USD_JPY,s5,1,18,"[1,2,3]","[18,36,54]",0.0,True,5,3,-81.49,0.329,28120,-83.01,-79.6,-81.85,False,-80.3,0.299,10947,
USD_JPY,s5,1,18,"[1,2,3]","[18,36,54]",0.5,True,5,3,-72.13,0.328,24755,-72.0,-71.03,-73.35,False,-72.8,0.291,9614,
USD_JPY,s5,1,18,"[1,2,3]","[18,36,54]",1.0,True,5,3,-58.49,0.328,19846,-54.39,-57.51,-63.55,False,-60.62,0.292,7910,
USD_JPY,s5,1,18,"[1,2,3]","[18,36,54]",2.0,True,5,3,-26.67,0.317,8746,-21.26,-26.0,-32.76,False,-30.41,0.283,3854,
USD_JPY,s5,1,18,"[1,2,3]","[18,36,54]",0.0,True,5,5,-80.72,0.369,26587,-80.36,-81.87,-79.93,False,-80.27,0.323,10530,
USD_JPY,s5,1,18,"[1,2,3]","[18,36,54]",0.5,True,5,5,-71.72,0.368,23549,-69.39,-73.23,-72.53,False,-73.11,0.317,9279,
USD_JPY,s5,1,18,"[1,2,3]","[18,36,54]",1.0,True,5,5,-58.77,0.367,19077,-54.44,-59.02,-62.85,False,-61.03,0.32,7660,
USD_JPY,s5,1,18,"[1,2,3]","[18,36,54]",2.0,True,5,5,-27.34,0.354,8561,-21.84,-27.21,-32.97,False,-31.65,0.307,3779,
USD_JPY,s5,1,18,"[1,2,3]","[18,36,54]",0.0,True,10,1,-96.32,0.088,39362,-93.76,-96.63,-98.57,False,-91.48,0.084,15161,
USD_JPY,s5,1,18,"[1,2,3]","[18,36,54]",0.5,True,10,1,-80.6,0.088,33143,-76.44,-81.38,-84.0,False,-77.51,0.08,12739,
USD_JPY,s5,1,18,"[1,2,3]","[18,36,54]",1.0,True,10,1,-61.07,0.087,25071,-53.14,-63.16,-66.91,False,-61.2,0.078,9978,
USD_JPY,s5,1,18,"[1,2,3]","[18,36,54]",2.0,True,10,1,-24.26,0.082,9835,-17.31,-24.63,-30.84,False,-26.53,0.072,4392,
USD_JPY,s5,1,18,"[1,2,3]","[18,36,54]",0.0,True,10,2,-82.55,0.254,30241,-84.3,-80.47,-82.89,False,-81.38,0.238,11721,
USD_JPY,s5,1,18,"[1,2,3]","[18,36,54]",0.5,True,10,2,-72.95,0.252,26409,-74.25,-71.44,-73.17,False,-73.53,0.229,10240,
USD_JPY,s5,1,18,"[1,2,3]","[18,36,54]",1.0,True,10,2,-59.55,0.248,21013,-56.38,-58.9,-63.39,False,-61.4,0.226,8370,
USD_JPY,s5,1,18,"[1,2,3]","[18,36,54]",2.0,True,10,2,-26.01,0.24,8975,-20.92,-26.01,-31.09,False,-30.64,0.208,3983,
USD_JPY,s5,1,18,"[1,2,3]","[18,36,54]",0.0,True,10,3,-79.16,0.325,27508,-78.13,-77.96,-81.38,False,-79.13,0.293,10801,
USD_JPY,s5,1,18,"[1,2,3]","[18,36,54]",0.5,True,10,3,-70.62,0.323,24265,-69.46,-70.13,-72.25,False,-71.61,0.285,9496,
USD_JPY,s5,1,18,"[1,2,3]","[18,36,54]",1.0,True,10,3,-57.55,0.323,19538,-53.01,-56.79,-62.84,False,-59.98,0.286,7829,
USD_JPY,s5,1,18,"[1,2,3]","[18,36,54]",2.0,True,10,3,-26.69,0.309,8651,-21.08,-26.61,-32.38,False,-29.55,0.275,3819,
USD_JPY,s5,1,18,"[1,2,3]","[18,36,54]",0.0,True,10,5,-79.02,0.363,26036,-76.23,-80.72,-80.12,False,-78.8,0.317,10391,
USD_JPY,s5,1,18,"[1,2,3]","[18,36,54]",0.5,True,10,5,-70.5,0.362,23098,-66.35,-73.13,-72.02,False,-71.68,0.311,9168,
USD_JPY,s5,1,18,"[1,2,3]","[18,36,54]",1.0,True,10,5,-57.47,0.361,18780,-51.39,-58.52,-62.5,False,-60.55,0.313,7583,
USD_JPY,s5,1,18,"[1,2,3]","[18,36,54]",2.0,True,10,5,-27.23,0.346,8466,-21.23,-27.74,-32.73,False,-30.66,0.299,3741,
USD_JPY,s5,2,12,"[2,4,6]","[12,24,36]",0.0,False,2,1,0.0,0.0,0,0.0,0.0,0.0,False,0.0,0.0,0,
USD_JPY,s5,2,12,"[2,4,6]","[12,24,36]",0.5,False,2,1,0.0,0.0,0,0.0,0.0,0.0,False,0.0,0.0,0,
USD_JPY,s5,2,12,"[2,4,6]","[12,24,36]",1.0,False,2,1,0.0,0.0,0,0.0,0.0,0.0,False,0.0,0.0,0,
USD_JPY,s5,2,12,"[2,4,6]","[12,24,36]",2.0,False,2,1,0.0,0.0,0,0.0,0.0,0.0,False,0.0,0.0,0,
USD_JPY,s5,2,12,"[2,4,6]","[12,24,36]",0.0,False,2,2,0.0,0.0,0,0.0,0.0,0.0,False,0.0,0.0,0,
USD_JPY,s5,2,12,"[2,4,6]","[12,24,36]",0.5,False,2,2,0.0,0.0,0,0.0,0.0,0.0,False,0.0,0.0,0,
USD_JPY,s5,2,12,"[2,4,6]","[12,24,36]",1.0,False,2,2,0.0,0.0,0,0.0,0.0,0.0,False,0.0,0.0,0,
USD_JPY,s5,2,12,"[2,4,6]","[12,24,36]",2.0,False,2,2,0.0,0.0,0,0.0,0.0,0.0,False,0.0,0.0,0,
USD_JPY,s5,2,12,"[2,4,6]","[12,24,36]",0.0,False,3,1,-170.68,0.129,81844,-184.51,-172.92,-154.6,False,-125.73,0.127,24531,
USD_JPY,s5,2,12,"[2,4,6]","[12,24,36]",0.5,False,3,1,-123.19,0.123,57522,-128.45,-127.62,-113.52,False,-89.04,0.12,16880,
USD_JPY,s5,2,12,"[2,4,6]","[12,24,36]",1.0,False,3,1,-84.16,0.123,39213,-82.28,-89.78,-80.41,False,-60.46,0.12,11582,
USD_JPY,s5,2,12,"[2,4,6]","[12,24,36]",2.0,False,3,1,-31.74,0.124,15029,-27.61,-34.94,-32.68,False,-24.8,0.114,4603,
USD_JPY,s5,2,12,"[2,4,6]","[12,24,36]",0.0,False,3,2,-135.78,0.299,58330,-153.07,-132.93,-121.3,False,-110.88,0.281,18305,
USD_JPY,s5,2,12,"[2,4,6]","[12,24,36]",0.5,False,3,2,-105.75,0.295,44690,-115.52,-105.82,-95.92,False,-85.68,0.273,13604,
USD_JPY,s5,2,12,"[2,4,6]","[12,24,36]",1.0,False,3,2,-80.37,0.291,32777,-82.46,-82.44,-76.19,False,-62.36,0.27,9940,
USD_JPY,s5,2,12,"[2,4,6]","[12,24,36]",2.0,False,3,2,-34.39,0.29,13863,-31.65,-36.71,-34.8,False,-28.21,0.263,4263,
USD_JPY,s5,2,12,"[2,4,6]","[12,24,36]",0.0,False,3,3,-130.1,0.37,51205,-145.42,-127.94,-116.91,False,-106.15,0.338,16401,
USD_JPY,s5,2,12,"[2,4,6]","[12,24,36]",0.5,False,3,3,-104.3,0.366,40527,-114.53,-103.89,-94.48,False,-84.58,0.331,12505,
USD_JPY,s5,2,12,"[2,4,6]","[12,24,36]",1.0,False,3,3,-80.27,0.364,30576,-82.79,-82.16,-75.83,False,-64.06,0.325,9362,
USD_JPY,s5,2,12,"[2,4,6]","[12,24,36]",2.0,False,3,3,-35.77,0.361,13432,-32.78,-38.11,-36.43,False,-29.73,0.318,4160,
USD_JPY,s5,2,12,"[2,4,6]","[12,24,36]",0.0,False,5,1,-348.84,0.093,145574,-384.44,-335.61,-326.47,False,-339.01,0.088,56776,
USD_JPY,s5,2,12,"[2,4,6]","[12,24,36]",0.5,False,5,1,-259.86,0.089,107181,-269.67,-257.4,-252.52,False,-250.8,0.083,41431,
USD_JPY,s5,2,12,"[2,4,6]","[12,24,36]",1.0,False,5,1,-183.56,0.09,76001,-174.19,-187.1,-189.39,False,-181.07,0.083,29957,
USD_JPY,s5,2,12,"[2,4,6]","[12,24,36]",2.0,False,5,1,-76.95,0.088,31720,-61.94,-80.94,-87.97,False,-80.32,0.078,13160,
USD_JPY,s5,2,12,"[2,4,6]","[12,24,36]",0.0,False,5,2,-221.62,0.257,83532,-253.62,-209.04,-202.16,False,-221.51,0.246,32557,
USD_JPY,s5,2,12,"[2,4,6]","[12,24,36]",0.5,False,5,2,-185.31,0.255,69056,-205.5,-177.64,-172.75,False,-186.86,0.24,26807,
USD_JPY,s5,2,12,"[2,4,6]","[12,24,36]",1.0,False,5,2,-149.2,0.254,54489,-152.7,-146.5,-148.37,False,-153.1,0.236,21558,
USD_JPY,s5,2,12,"[2,4,6]","[12,24,36]",2.0,False,5,2,-74.67,0.251,26662,-67.64,-74.08,-82.28,False,-82.62,0.226,11058,
USD_JPY,s5,2,12,"[2,4,6]","[12,24,36]",0.0,False,5,3,-196.54,0.33,68723,-219.58,-187.69,-182.34,False,-195.98,0.309,27124,
USD_JPY,s5,2,12,"[2,4,6]","[12,24,36]",0.5,False,5,3,-169.31,0.329,58959,-185.15,-163.74,-159.02,False,-173.82,0.298,23157,
USD_JPY,s5,2,12,"[2,4,6]","[12,24,36]",1.0,False,5,3,-139.64,0.329,48271,-142.55,-138.13,-138.21,False,-146.94,0.293,19214,
USD_JPY,s5,2,12,"[2,4,6]","[12,24,36]",2.0,False,5,3,-74.52,0.325,24974,-66.53,-74.67,-82.34,False,-81.31,0.289,10379,
USD_JPY,s5,2,12,"[2,4,6]","[12,24,36]",0.0,False,5,5,-180.49,0.371,59082,-199.83,-173.15,-168.52,False,-180.49,0.334,23901,
USD_JPY,s5,2,12,"[2,4,6]","[12,24,36]",0.5,False,5,5,-158.76,0.369,51830,-170.88,-155.26,-150.12,False,-162.61,0.324,20705,
USD_JPY,s5,2,12,"[2,4,6]","[12,24,36]",1.0,False,5,5,-135.02,0.367,43703,-138.28,-134.2,-132.54,False,-139.99,0.322,17524,
USD_JPY,s5,2,12,"[2,4,6]","[12,24,36]",2.0,False,5,5,-75.88,0.363,23759,-67.78,-76.55,-83.3,False,-81.54,0.317,9894,
USD_JPY,s5,2,12,"[2,4,6]","[12,24,36]",0.0,False,10,1,-336.15,0.09,140828,-365.48,-324.73,-318.23,False,-333.05,0.086,55695,
USD_JPY,s5,2,12,"[2,4,6]","[12,24,36]",0.5,False,10,1,-252.21,0.087,104246,-258.78,-250.72,-247.13,False,-248.24,0.081,40770,
USD_JPY,s5,2,12,"[2,4,6]","[12,24,36]",1.0,False,10,1,-178.77,0.087,74269,-167.75,-182.87,-185.71,False,-179.01,0.08,29553,
USD_JPY,s5,2,12,"[2,4,6]","[12,24,36]",2.0,False,10,1,-75.8,0.084,31193,-60.0,-80.64,-86.76,False,-79.45,0.075,13027,
USD_JPY,s5,2,12,"[2,4,6]","[12,24,36]",0.0,False,10,2,-208.05,0.254,79589,-230.94,-199.09,-194.08,False,-214.14,0.243,31553,
USD_JPY,s5,2,12,"[2,4,6]","[12,24,36]",0.5,False,10,2,-174.55,0.252,66123,-189.16,-168.99,-165.48,False,-182.12,0.237,26059,
USD_JPY,s5,2,12,"[2,4,6]","[12,24,36]",1.0,False,10,2,-141.31,0.25,52530,-141.73,-138.94,-143.23,False,-149.2,0.233,21059,
USD_JPY,s5,2,12,"[2,4,6]","[12,24,36]",2.0,False,10,2,-71.75,0.247,25935,-62.51,-72.07,-80.67,False,-79.66,0.222,10847,
USD_JPY,s5,2,12,"[2,4,6]","[12,24,36]",0.0,False,10,3,-183.83,0.324,65571,-195.38,-179.98,-176.13,False,-189.46,0.304,26301,
USD_JPY,s5,2,12,"[2,4,6]","[12,24,36]",0.5,False,10,3,-158.79,0.323,56434,-166.8,-156.08,-153.47,False,-167.73,0.294,22508,
USD_JPY,s5,2,12,"[2,4,6]","[12,24,36]",1.0,False,10,3,-132.28,0.324,46469,-130.63,-131.99,-134.18,False,-143.28,0.289,18754,
USD_JPY,s5,2,12,"[2,4,6]","[12,24,36]",2.0,False,10,3,-71.01,0.32,24247,-60.92,-71.82,-80.28,False,-77.93,0.285,10160,
USD_JPY,s5,2,12,"[2,4,6]","[12,24,36]",0.0,False,10,5,-169.07,0.364,56576,-178.52,-166.67,-162.06,False,-175.1,0.328,23256,
USD_JPY,s5,2,12,"[2,4,6]","[12,24,36]",0.5,False,10,5,-148.49,0.362,49720,-152.36,-148.47,-144.62,False,-158.08,0.318,20177,
USD_JPY,s5,2,12,"[2,4,6]","[12,24,36]",1.0,False,10,5,-126.99,0.36,42104,-123.88,-128.91,-128.16,False,-137.17,0.316,17125,
USD_JPY,s5,2,12,"[2,4,6]","[12,24,36]",2.0,False,10,5,-72.1,0.356,23058,-61.76,-73.43,-81.1,False,-78.34,0.311,9681,
USD_JPY,s5,2,12,"[2,4,6]","[12,24,36]",0.0,True,2,1,0.0,0.0,0,0.0,0.0,0.0,False,0.0,0.0,0,
USD_JPY,s5,2,12,"[2,4,6]","[12,24,36]",0.5,True,2,1,0.0,0.0,0,0.0,0.0,0.0,False,0.0,0.0,0,
USD_JPY,s5,2,12,"[2,4,6]","[12,24,36]",1.0,True,2,1,0.0,0.0,0,0.0,0.0,0.0,False,0.0,0.0,0,
USD_JPY,s5,2,12,"[2,4,6]","[12,24,36]",2.0,True,2,1,0.0,0.0,0,0.0,0.0,0.0,False,0.0,0.0,0,
USD_JPY,s5,2,12,"[2,4,6]","[12,24,36]",0.0,True,2,2,0.0,0.0,0,0.0,0.0,0.0,False,0.0,0.0,0,
USD_JPY,s5,2,12,"[2,4,6]","[12,24,36]",0.5,True,2,2,0.0,0.0,0,0.0,0.0,0.0,False,0.0,0.0,0,
USD_JPY,s5,2,12,"[2,4,6]","[12,24,36]",1.0,True,2,2,0.0,0.0,0,0.0,0.0,0.0,False,0.0,0.0,0,
USD_JPY,s5,2,12,"[2,4,6]","[12,24,36]",2.0,True,2,2,0.0,0.0,0,0.0,0.0,0.0,False,0.0,0.0,0,
USD_JPY,s5,2,12,"[2,4,6]","[12,24,36]",0.0,True,3,1,-37.82,0.124,17649,-37.77,-40.54,-35.16,False,-26.81,0.126,5170,
USD_JPY,s5,2,12,"[2,4,6]","[12,24,36]",0.5,True,3,1,-35.47,0.122,16417,-34.94,-38.6,-32.88,False,-25.51,0.12,4803,
USD_JPY,s5,2,12,"[2,4,6]","[12,24,36]",1.0,True,3,1,-31.16,0.122,14463,-30.08,-34.45,-28.94,False,-22.1,0.119,4195,
USD_JPY,s5,2,12,"[2,4,6]","[12,24,36]",2.0,True,3,1,-17.14,0.125,8179,-15.07,-19.6,-16.77,False,-13.32,0.113,2459,
USD_JPY,s5,2,12,"[2,4,6]","[12,24,36]",0.0,True,3,2,-40.68,0.29,16277,-43.58,-41.9,-36.56,False,-29.45,0.273,4821,
USD_JPY,s5,2,12,"[2,4,6]","[12,24,36]",0.5,True,3,2,-38.62,0.287,15241,-40.67,-40.53,-34.65,False,-28.37,0.267,4508,
USD_JPY,s5,2,12,"[2,4,6]","[12,24,36]",1.0,True,3,2,-34.61,0.286,13591,-35.78,-36.88,-31.18,False,-25.77,0.26,3993,
USD_JPY,s5,2,12,"[2,4,6]","[12,24,36]",2.0,True,3,2,-19.77,0.289,7895,-18.05,-22.61,-18.64,False,-15.94,0.257,2379,
USD_JPY,s5,2,12,"[2,4,6]","[12,24,36]",0.0,True,3,3,-41.55,0.36,15611,-45.19,-42.64,-36.81,False,-31.17,0.324,4654,
USD_JPY,s5,2,12,"[2,4,6]","[12,24,36]",0.5,True,3,3,-39.57,0.358,14671,-42.6,-41.13,-34.99,False,-30.06,0.32,4363,
USD_JPY,s5,2,12,"[2,4,6]","[12,24,36]",1.0,True,3,3,-35.87,0.356,13163,-37.67,-37.8,-32.15,False,-27.61,0.311,3889,
USD_JPY,s5,2,12,"[2,4,6]","[12,24,36]",2.0,True,3,3,-21.28,0.356,7765,-20.17,-23.77,-19.89,False,-17.59,0.306,2353,
USD_JPY,s5,2,12,"[2,4,6]","[12,24,36]",0.0,True,5,1,-91.67,0.093,38192,-89.24,-92.46,-93.31,False,-91.63,0.085,14998,
USD_JPY,s5,2,12,"[2,4,6]","[12,24,36]",0.5,True,5,1,-85.71,0.092,35602,-82.29,-87.66,-87.18,False,-86.48,0.081,13995,
USD_JPY,s5,2,12,"[2,4,6]","[12,24,36]",1.0,True,5,1,-75.39,0.091,31367,-70.45,-77.87,-77.86,False,-76.61,0.081,12479,
USD_JPY,s5,2,12,"[2,4,6]","[12,24,36]",2.0,True,5,1,-43.41,0.09,18101,-35.51,-46.15,-48.58,False,-45.82,0.079,7487,
USD_JPY,s5,2,12,"[2,4,6]","[12,24,36]",0.0,True,5,2,-87.2,0.258,32253,-91.0,-85.65,-84.97,False,-88.81,0.239,12611,
USD_JPY,s5,2,12,"[2,4,6]","[12,24,36]",0.5,True,5,2,-83.55,0.255,30447,-86.79,-82.7,-81.17,False,-85.74,0.234,11910,
USD_JPY,s5,2,12,"[2,4,6]","[12,24,36]",1.0,True,5,2,-75.84,0.254,27353,-77.25,-74.91,-75.35,False,-79.12,0.231,10839,
USD_JPY,s5,2,12,"[2,4,6]","[12,24,36]",2.0,True,5,2,-46.4,0.253,16621,-41.97,-47.68,-49.55,False,-53.44,0.219,6909,
USD_JPY,s5,2,12,"[2,4,6]","[12,24,36]",0.0,True,5,3,-84.69,0.331,29768,-87.25,-84.84,-81.97,False,-86.82,0.297,11665,
USD_JPY,s5,2,12,"[2,4,6]","[12,24,36]",0.5,True,5,3,-81.6,0.328,28285,-83.76,-81.92,-79.12,False,-84.38,0.293,11081,
USD_JPY,s5,2,12,"[2,4,6]","[12,24,36]",1.0,True,5,3,-75.14,0.327,25674,-77.13,-73.91,-74.37,False,-78.95,0.29,10183,
USD_JPY,s5,2,12,"[2,4,6]","[12,24,36]",2.0,True,5,3,-47.78,0.326,16008,-44.72,-48.05,-50.58,False,-54.36,0.279,6649,
USD_JPY,s5,2,12,"[2,4,6]","[12,24,36]",0.0,True,5,5,-83.74,0.368,27812,-87.26,-83.94,-80.02,False,-85.08,0.322,11038,
USD_JPY,s5,2,12,"[2,4,6]","[12,24,36]",0.5,True,5,5,-80.76,0.366,26546,-83.69,-80.77,-77.83,False,-83.84,0.317,10520,
USD_JPY,s5,2,12,"[2,4,6]","[12,24,36]",1.0,True,5,5,-75.14,0.365,24325,-78.32,-74.43,-72.69,False,-78.56,0.314,9723,
USD_JPY,s5,2,12,"[2,4,6]","[12,24,36]",2.0,True,5,5,-49.69,0.363,15549,-48.26,-49.45,-51.36,False,-55.46,0.305,6459,
USD_JPY,s5,2,12,"[2,4,6]","[12,24,36]",0.0,True,10,1,-91.36,0.089,37954,-88.11,-92.7,-93.28,False,-91.01,0.083,14951,
USD_JPY,s5,2,12,"[2,4,6]","[12,24,36]",0.5,True,10,1,-85.43,0.088,35385,-81.44,-87.75,-87.1,False,-85.89,0.079,13947,
USD_JPY,s5,2,12,"[2,4,6]","[12,24,36]",1.0,True,10,1,-75.32,0.088,31180,-69.91,-78.14,-77.91,False,-75.92,0.079,12432,
USD_JPY,s5,2,12,"[2,4,6]","[12,24,36]",2.0,True,10,1,-43.58,0.085,17997,-35.5,-46.66,-48.58,False,-45.22,0.076,7467,
USD_JPY,s5,2,12,"[2,4,6]","[12,24,36]",0.0,True,10,2,-85.6,0.254,31795,-87.6,-83.45,-85.73,False,-87.94,0.235,12497,
USD_JPY,s5,2,12,"[2,4,6]","[12,24,36]",0.5,True,10,2,-82.19,0.251,30036,-83.74,-80.97,-81.85,False,-84.73,0.231,11802,
USD_JPY,s5,2,12,"[2,4,6]","[12,24,36]",1.0,True,10,2,-74.67,0.25,26994,-74.55,-73.54,-75.91,False,-78.11,0.227,10737,
USD_JPY,s5,2,12,"[2,4,6]","[12,24,36]",2.0,True,10,2,-46.05,0.249,16433,-40.57,-47.46,-50.1,False,-52.14,0.214,6848,
USD_JPY,s5,2,12,"[2,4,6]","[12,24,36]",0.0,True,10,3,-82.49,0.326,29264,-82.9,-81.56,-83.01,False,-85.26,0.293,11534,
USD_JPY,s5,2,12,"[2,4,6]","[12,24,36]",0.5,True,10,3,-79.48,0.323,27821,-79.4,-79.04,-80.01,False,-82.63,0.29,10956,
USD_JPY,s5,2,12,"[2,4,6]","[12,24,36]",1.0,True,10,3,-73.42,0.322,25265,-73.41,-71.76,-75.1,False,-77.25,0.286,10064,
USD_JPY,s5,2,12,"[2,4,6]","[12,24,36]",2.0,True,10,3,-47.13,0.321,15790,-42.59,-47.28,-51.5,False,-52.41,0.275,6576,
USD_JPY,s5,2,12,"[2,4,6]","[12,24,36]",0.0,True,10,5,-81.26,0.362,27308,-80.99,-81.44,-81.36,False,-83.47,0.317,10909,
USD_JPY,s5,2,12,"[2,4,6]","[12,24,36]",0.5,True,10,5,-78.29,0.36,26077,-77.67,-78.41,-78.8,False,-82.08,0.312,10398,
USD_JPY,s5,2,12,"[2,4,6]","[12,24,36]",1.0,True,10,5,-73.0,0.359,23910,-72.87,-72.44,-73.68,False,-76.85,0.31,9610,
USD_JPY,s5,2,12,"[2,4,6]","[12,24,36]",2.0,True,10,5,-48.84,0.357,15328,-45.17,-49.03,-52.31,False,-53.54,0.3,6387,
USD_JPY,s5,2,18,"[2,4,6]","[18,36,54]",0.0,False,2,1,0.0,0.0,0,0.0,0.0,0.0,False,0.0,0.0,0,
USD_JPY,s5,2,18,"[2,4,6]","[18,36,54]",0.5,False,2,1,0.0,0.0,0,0.0,0.0,0.0,False,0.0,0.0,0,
USD_JPY,s5,2,18,"[2,4,6]","[18,36,54]",1.0,False,2,1,0.0,0.0,0,0.0,0.0,0.0,False,0.0,0.0,0,
USD_JPY,s5,2,18,"[2,4,6]","[18,36,54]",2.0,False,2,1,0.0,0.0,0,0.0,0.0,0.0,False,0.0,0.0,0,
USD_JPY,s5,2,18,"[2,4,6]","[18,36,54]",0.0,False,2,2,0.0,0.0,0,0.0,0.0,0.0,False,0.0,0.0,0,
USD_JPY,s5,2,18,"[2,4,6]","[18,36,54]",0.5,False,2,2,0.0,0.0,0,0.0,0.0,0.0,False,0.0,0.0,0,
USD_JPY,s5,2,18,"[2,4,6]","[18,36,54]",1.0,False,2,2,0.0,0.0,0,0.0,0.0,0.0,False,0.0,0.0,0,
USD_JPY,s5,2,18,"[2,4,6]","[18,36,54]",2.0,False,2,2,0.0,0.0,0,0.0,0.0,0.0,False,0.0,0.0,0,
USD_JPY,s5,2,18,"[2,4,6]","[18,36,54]",0.0,False,3,1,-156.54,0.128,74906,-166.99,-160.76,-141.86,False,-117.1,0.124,22502,
USD_JPY,s5,2,18,"[2,4,6]","[18,36,54]",0.5,False,3,1,-112.08,0.124,52713,-116.27,-117.58,-102.38,False,-81.91,0.118,15458,
USD_JPY,s5,2,18,"[2,4,6]","[18,36,54]",1.0,False,3,1,-76.7,0.124,35950,-75.14,-81.72,-73.24,False,-55.97,0.118,10641,
USD_JPY,s5,2,18,"[2,4,6]","[18,36,54]",2.0,False,3,1,-29.62,0.122,13816,-25.3,-32.15,-31.41,False,-23.31,0.112,4271,
USD_JPY,s5,2,18,"[2,4,6]","[18,36,54]",0.0,False,3,2,-123.71,0.301,53632,-137.45,-122.72,-110.93,False,-104.15,0.277,16848,
USD_JPY,s5,2,18,"[2,4,6]","[18,36,54]",0.5,False,3,2,-97.7,0.296,41059,-104.24,-99.8,-89.07,False,-77.43,0.274,12433,
USD_JPY,s5,2,18,"[2,4,6]","[18,36,54]",1.0,False,3,2,-72.58,0.293,30010,-74.02,-75.41,-68.27,False,-57.19,0.272,9079,
USD_JPY,s5,2,18,"[2,4,6]","[18,36,54]",2.0,False,3,2,-31.91,0.288,12685,-29.45,-32.81,-33.48,False,-26.08,0.265,3944,
USD_JPY,s5,2,18,"[2,4,6]","[18,36,54]",0.0,False,3,3,-119.44,0.372,47585,-129.38,-120.22,-108.69,False,-100.81,0.334,15293,
USD_JPY,s5,2,18,"[2,4,6]","[18,36,54]",0.5,False,3,3,-94.91,0.369,37342,-99.12,-97.12,-88.47,False,-77.23,0.331,11551,
USD_JPY,s5,2,18,"[2,4,6]","[18,36,54]",1.0,False,3,3,-72.01,0.365,28001,-72.5,-74.49,-69.01,False,-58.76,0.329,8593,
USD_JPY,s5,2,18,"[2,4,6]","[18,36,54]",2.0,False,3,3,-32.96,0.36,12254,-30.24,-33.96,-34.68,False,-27.14,0.321,3835,
USD_JPY,s5,2,18,"[2,4,6]","[18,36,54]",0.0,False,5,1,-320.5,0.092,133435,-350.23,-309.28,-301.95,False,-310.84,0.088,51994,
USD_JPY,s5,2,18,"[2,4,6]","[18,36,54]",0.5,False,5,1,-236.62,0.09,97978,-244.73,-236.84,-228.25,False,-230.31,0.083,37944,
USD_JPY,s5,2,18,"[2,4,6]","[18,36,54]",1.0,False,5,1,-167.91,0.09,69575,-159.7,-172.13,-171.9,False,-166.12,0.082,27400,
USD_JPY,s5,2,18,"[2,4,6]","[18,36,54]",2.0,False,5,1,-71.06,0.087,29162,-56.78,-73.61,-82.81,False,-72.69,0.079,11985,
USD_JPY,s5,2,18,"[2,4,6]","[18,36,54]",0.0,False,5,2,-205.77,0.257,77186,-231.56,-194.1,-191.63,False,-208.45,0.245,30211,
USD_JPY,s5,2,18,"[2,4,6]","[18,36,54]",0.5,False,5,2,-171.36,0.253,63338,-187.3,-163.42,-163.35,False,-174.01,0.239,24688,
USD_JPY,s5,2,18,"[2,4,6]","[18,36,54]",1.0,False,5,2,-136.85,0.253,49826,-140.9,-134.74,-134.89,False,-139.47,0.237,19664,
USD_JPY,s5,2,18,"[2,4,6]","[18,36,54]",2.0,False,5,2,-67.96,0.252,24373,-61.5,-66.59,-75.81,False,-73.05,0.232,9988,
USD_JPY,s5,2,18,"[2,4,6]","[18,36,54]",0.0,False,5,3,-182.33,0.33,64175,-201.91,-175.86,-169.23,False,-189.59,0.305,25546,
USD_JPY,s5,2,18,"[2,4,6]","[18,36,54]",0.5,False,5,3,-156.19,0.329,54401,-167.79,-151.01,-149.74,False,-160.88,0.3,21476,
USD_JPY,s5,2,18,"[2,4,6]","[18,36,54]",1.0,False,5,3,-126.85,0.33,44059,-130.46,-124.36,-125.72,False,-133.56,0.295,17549,
USD_JPY,s5,2,18,"[2,4,6]","[18,36,54]",2.0,False,5,3,-67.65,0.326,22796,-59.9,-67.85,-75.19,False,-71.76,0.296,9365,
USD_JPY,s5,2,18,"[2,4,6]","[18,36,54]",0.0,False,5,5,-170.54,0.371,56235,-188.29,-164.43,-158.9,False,-176.57,0.33,22809,
USD_JPY,s5,2,18,"[2,4,6]","[18,36,54]",0.5,False,5,5,-149.83,0.368,48670,-159.39,-146.6,-143.45,False,-155.41,0.325,19600,
USD_JPY,s5,2,18,"[2,4,6]","[18,36,54]",1.0,False,5,5,-123.1,0.369,40396,-122.86,-125.23,-121.17,False,-128.36,0.323,16253,
USD_JPY,s5,2,18,"[2,4,6]","[18,36,54]",2.0,False,5,5,-68.26,0.366,21737,-59.8,-69.02,-75.97,False,-70.85,0.325,8967,
USD_JPY,s5,2,18,"[2,4,6]","[18,36,54]",0.0,False,10,1,-309.03,0.089,128884,-332.82,-299.85,-294.38,False,-305.65,0.086,51006,
USD_JPY,s5,2,18,"[2,4,6]","[18,36,54]",0.5,False,10,1,-230.32,0.087,95216,-236.04,-231.46,-223.42,False,-227.51,0.08,37333,
USD_JPY,s5,2,18,"[2,4,6]","[18,36,54]",1.0,False,10,1,-163.75,0.087,67950,-153.87,-169.22,-168.17,False,-164.05,0.079,27023,
USD_JPY,s5,2,18,"[2,4,6]","[18,36,54]",2.0,False,10,1,-70.03,0.083,28668,-55.61,-72.86,-81.61,False,-72.36,0.075,11865,
USD_JPY,s5,2,18,"[2,4,6]","[18,36,54]",0.0,False,10,2,-192.97,0.253,73467,-208.69,-185.13,-185.05,False,-200.58,0.242,29310,
USD_JPY,s5,2,18,"[2,4,6]","[18,36,54]",0.5,False,10,2,-161.5,0.25,60568,-170.44,-156.68,-157.39,False,-169.47,0.235,24010,
USD_JPY,s5,2,18,"[2,4,6]","[18,36,54]",1.0,False,10,2,-129.43,0.249,47967,-129.58,-128.29,-130.4,False,-135.73,0.233,19180,
USD_JPY,s5,2,18,"[2,4,6]","[18,36,54]",2.0,False,10,2,-64.75,0.248,23661,-56.38,-64.05,-73.82,False,-70.28,0.228,9789,
USD_JPY,s5,2,18,"[2,4,6]","[18,36,54]",0.0,False,10,3,-171.39,0.324,61202,-180.98,-168.91,-164.27,False,-183.01,0.301,24825,
USD_JPY,s5,2,18,"[2,4,6]","[18,36,54]",0.5,False,10,3,-147.45,0.323,52055,-152.25,-144.82,-145.25,False,-155.83,0.296,20857,
USD_JPY,s5,2,18,"[2,4,6]","[18,36,54]",1.0,False,10,3,-120.01,0.324,42379,-118.29,-119.04,-122.65,False,-130.47,0.29,17119,
USD_JPY,s5,2,18,"[2,4,6]","[18,36,54]",2.0,False,10,3,-63.73,0.321,22084,-54.18,-64.49,-72.51,False,-67.9,0.292,9156,
USD_JPY,s5,2,18,"[2,4,6]","[18,36,54]",0.0,False,10,5,-158.95,0.363,53864,-165.27,-157.76,-153.81,False,-169.87,0.325,22237,
USD_JPY,s5,2,18,"[2,4,6]","[18,36,54]",0.5,False,10,5,-141.02,0.361,46727,-142.59,-141.21,-139.23,False,-151.18,0.319,19086,
USD_JPY,s5,2,18,"[2,4,6]","[18,36,54]",1.0,False,10,5,-115.26,0.362,38910,-108.38,-119.15,-118.23,False,-125.37,0.316,15869,
USD_JPY,s5,2,18,"[2,4,6]","[18,36,54]",2.0,False,10,5,-64.34,0.359,21068,-53.19,-65.88,-73.93,False,-67.4,0.319,8772,
USD_JPY,s5,2,18,"[2,4,6]","[18,36,54]",0.0,True,2,1,0.0,0.0,0,0.0,0.0,0.0,False,0.0,0.0,0,
USD_JPY,s5,2,18,"[2,4,6]","[18,36,54]",0.5,True,2,1,0.0,0.0,0,0.0,0.0,0.0,False,0.0,0.0,0,
USD_JPY,s5,2,18,"[2,4,6]","[18,36,54]",1.0,True,2,1,0.0,0.0,0,0.0,0.0,0.0,False,0.0,0.0,0,
USD_JPY,s5,2,18,"[2,4,6]","[18,36,54]",2.0,True,2,1,0.0,0.0,0,0.0,0.0,0.0,False,0.0,0.0,0,
USD_JPY,s5,2,18,"[2,4,6]","[18,36,54]",0.0,True,2,2,0.0,0.0,0,0.0,0.0,0.0,False,0.0,0.0,0,
USD_JPY,s5,2,18,"[2,4,6]","[18,36,54]",0.5,True,2,2,0.0,0.0,0,0.0,0.0,0.0,False,0.0,0.0,0,
USD_JPY,s5,2,18,"[2,4,6]","[18,36,54]",1.0,True,2,2,0.0,0.0,0,0.0,0.0,0.0,False,0.0,0.0,0,
USD_JPY,s5,2,18,"[2,4,6]","[18,36,54]",2.0,True,2,2,0.0,0.0,0,0.0,0.0,0.0,False,0.0,0.0,0,
USD_JPY,s5,2,18,"[2,4,6]","[18,36,54]",0.0,True,3,1,-35.61,0.125,16683,-35.59,-38.15,-33.1,False,-26.47,0.118,4913,
USD_JPY,s5,2,18,"[2,4,6]","[18,36,54]",0.5,True,3,1,-32.48,0.124,15232,-32.19,-34.99,-30.25,False,-24.29,0.114,4451,
USD_JPY,s5,2,18,"[2,4,6]","[18,36,54]",1.0,True,3,1,-27.89,0.124,13030,-26.94,-30.37,-26.37,False,-21.17,0.113,3849,
USD_JPY,s5,2,18,"[2,4,6]","[18,36,54]",2.0,True,3,1,-15.39,0.122,7219,-13.55,-17.16,-15.44,False,-12.04,0.108,2162,
USD_JPY,s5,2,18,"[2,4,6]","[18,36,54]",0.0,True,3,2,-37.0,0.293,15096,-39.34,-37.59,-34.06,False,-27.19,0.276,4472,
USD_JPY,s5,2,18,"[2,4,6]","[18,36,54]",0.5,True,3,2,-34.3,0.291,13908,-35.73,-35.04,-32.13,False,-25.47,0.272,4092,
USD_JPY,s5,2,18,"[2,4,6]","[18,36,54]",1.0,True,3,2,-30.27,0.288,12057,-30.59,-31.4,-28.82,False,-23.02,0.268,3581,
USD_JPY,s5,2,18,"[2,4,6]","[18,36,54]",2.0,True,3,2,-17.75,0.282,6897,-17.06,-19.09,-17.08,False,-13.31,0.267,2073,
USD_JPY,s5,2,18,"[2,4,6]","[18,36,54]",0.0,True,3,3,-38.01,0.363,14475,-40.68,-37.81,-35.56,False,-27.99,0.329,4315,
USD_JPY,s5,2,18,"[2,4,6]","[18,36,54]",0.5,True,3,3,-35.35,0.362,13384,-36.58,-35.95,-33.52,False,-26.16,0.327,3961,
USD_JPY,s5,2,18,"[2,4,6]","[18,36,54]",1.0,True,3,3,-31.45,0.358,11662,-31.98,-32.29,-30.07,False,-24.15,0.323,3486,
USD_JPY,s5,2,18,"[2,4,6]","[18,36,54]",2.0,True,3,3,-18.93,0.352,6769,-18.39,-19.82,-18.57,False,-13.81,0.323,2040,
USD_JPY,s5,2,18,"[2,4,6]","[18,36,54]",0.0,True,5,1,-84.69,0.094,35559,-82.48,-85.67,-85.91,False,-84.94,0.084,13943,
USD_JPY,s5,2,18,"[2,4,6]","[18,36,54]",0.5,True,5,1,-77.27,0.094,32490,-73.97,-78.3,-79.54,False,-78.23,0.081,12704,
USD_JPY,s5,2,18,"[2,4,6]","[18,36,54]",1.0,True,5,1,-66.94,0.092,27983,-60.63,-69.35,-70.85,False,-67.74,0.081,11069,
USD_JPY,s5,2,18,"[2,4,6]","[18,36,54]",2.0,True,5,1,-38.53,0.087,15759,-31.78,-39.81,-44.01,False,-40.13,0.077,6508,
USD_JPY,s5,2,18,"[2,4,6]","[18,36,54]",0.0,True,5,2,-78.67,0.259,29147,-83.29,-75.36,-77.35,False,-80.7,0.237,11344,
USD_JPY,s5,2,18,"[2,4,6]","[18,36,54]",0.5,True,5,2,-73.82,0.257,27051,-77.14,-70.16,-74.16,False,-76.15,0.233,10505,
USD_JPY,s5,2,18,"[2,4,6]","[18,36,54]",1.0,True,5,2,-65.36,0.256,23826,-65.58,-62.96,-67.53,False,-67.72,0.233,9354,
USD_JPY,s5,2,18,"[2,4,6]","[18,36,54]",2.0,True,5,2,-41.0,0.25,14265,-38.51,-39.57,-44.92,False,-43.49,0.227,5855,
USD_JPY,s5,2,18,"[2,4,6]","[18,36,54]",0.0,True,5,3,-76.47,0.332,26892,-81.8,-72.63,-74.99,False,-79.13,0.296,10527,
USD_JPY,s5,2,18,"[2,4,6]","[18,36,54]",0.5,True,5,3,-72.22,0.33,25089,-76.13,-68.8,-71.74,False,-75.23,0.292,9807,
USD_JPY,s5,2,18,"[2,4,6]","[18,36,54]",1.0,True,5,3,-63.75,0.331,22270,-65.18,-60.32,-65.74,False,-67.95,0.292,8808,
USD_JPY,s5,2,18,"[2,4,6]","[18,36,54]",2.0,True,5,3,-41.69,0.324,13682,-41.05,-39.35,-44.68,False,-43.57,0.291,5624,
USD_JPY,s5,2,18,"[2,4,6]","[18,36,54]",0.0,True,5,5,-76.34,0.372,25496,-80.5,-74.4,-74.12,False,-78.87,0.321,10073,
USD_JPY,s5,2,18,"[2,4,6]","[18,36,54]",0.5,True,5,5,-72.35,0.37,23865,-75.23,-70.98,-70.82,False,-75.06,0.318,9413,
USD_JPY,s5,2,18,"[2,4,6]","[18,36,54]",1.0,True,5,5,-64.26,0.37,21372,-65.13,-62.43,-65.23,False,-68.0,0.319,8474,
USD_JPY,s5,2,18,"[2,4,6]","[18,36,54]",2.0,True,5,5,-42.95,0.363,13329,-42.05,-41.43,-45.38,False,-45.47,0.316,5499,
USD_JPY,s5,2,18,"[2,4,6]","[18,36,54]",0.0,True,10,1,-84.31,0.091,35208,-80.9,-86.09,-85.93,False,-84.04,0.082,13859,
USD_JPY,s5,2,18,"[2,4,6]","[18,36,54]",0.5,True,10,1,-76.95,0.09,32168,-72.28,-78.91,-79.66,False,-77.38,0.079,12628,
USD_JPY,s5,2,18,"[2,4,6]","[18,36,54]",1.0,True,10,1,-66.81,0.089,27724,-59.5,-69.91,-71.03,False,-67.05,0.079,11006,
USD_JPY,s5,2,18,"[2,4,6]","[18,36,54]",2.0,True,10,1,-38.54,0.083,15643,-31.15,-40.18,-44.3,False,-39.53,0.073,6476,
USD_JPY,s5,2,18,"[2,4,6]","[18,36,54]",0.0,True,10,2,-77.41,0.255,28583,-80.11,-73.85,-78.28,False,-79.46,0.233,11199,
USD_JPY,s5,2,18,"[2,4,6]","[18,36,54]",0.5,True,10,2,-72.43,0.253,26534,-73.34,-69.08,-74.88,False,-74.77,0.229,10371,
USD_JPY,s5,2,18,"[2,4,6]","[18,36,54]",1.0,True,10,2,-64.34,0.252,23407,-62.49,-62.26,-68.28,False,-66.65,0.229,9240,
USD_JPY,s5,2,18,"[2,4,6]","[18,36,54]",2.0,True,10,2,-40.36,0.245,14063,-36.22,-39.54,-45.3,False,-42.25,0.222,5788,
USD_JPY,s5,2,18,"[2,4,6]","[18,36,54]",0.0,True,10,3,-74.04,0.327,26268,-76.31,-69.87,-75.93,False,-77.5,0.291,10369,
USD_JPY,s5,2,18,"[2,4,6]","[18,36,54]",0.5,True,10,3,-69.76,0.326,24509,-70.3,-66.54,-72.43,False,-73.49,0.287,9660,
USD_JPY,s5,2,18,"[2,4,6]","[18,36,54]",1.0,True,10,3,-61.66,0.326,21791,-59.82,-58.39,-66.77,False,-66.54,0.287,8678,
USD_JPY,s5,2,18,"[2,4,6]","[18,36,54]",2.0,True,10,3,-40.53,0.319,13451,-37.45,-38.93,-45.22,False,-41.64,0.285,5548,
USD_JPY,s5,2,18,"[2,4,6]","[18,36,54]",0.0,True,10,5,-74.09,0.366,24900,-74.23,-72.43,-75.62,False,-77.56,0.315,9928,
USD_JPY,s5,2,18,"[2,4,6]","[18,36,54]",0.5,True,10,5,-69.91,0.364,23313,-68.32,-69.39,-72.02,False,-73.48,0.312,9273,
USD_JPY,s5,2,18,"[2,4,6]","[18,36,54]",1.0,True,10,5,-62.25,0.364,20904,-58.92,-61.14,-66.69,False,-67.02,0.313,8353,
USD_JPY,s5,2,18,"[2,4,6]","[18,36,54]",2.0,True,10,5,-41.7,0.356,13093,-38.1,-40.98,-46.01,False,-43.89,0.309,5426,
USD_JPY,s5,3,12,"[3,6,9]","[12,24,36]",0.0,False,2,1,0.0,0.0,0,0.0,0.0,0.0,False,0.0,0.0,0,
USD_JPY,s5,3,12,"[3,6,9]","[12,24,36]",0.5,False,2,1,0.0,0.0,0,0.0,0.0,0.0,False,0.0,0.0,0,
USD_JPY,s5,3,12,"[3,6,9]","[12,24,36]",1.0,False,2,1,0.0,0.0,0,0.0,0.0,0.0,False,0.0,0.0,0,
USD_JPY,s5,3,12,"[3,6,9]","[12,24,36]",2.0,False,2,1,0.0,0.0,0,0.0,0.0,0.0,False,0.0,0.0,0,
USD_JPY,s5,3,12,"[3,6,9]","[12,24,36]",0.0,False,2,2,0.0,0.0,0,0.0,0.0,0.0,False,0.0,0.0,0,
USD_JPY,s5,3,12,"[3,6,9]","[12,24,36]",0.5,False,2,2,0.0,0.0,0,0.0,0.0,0.0,False,0.0,0.0,0,
USD_JPY,s5,3,12,"[3,6,9]","[12,24,36]",1.0,False,2,2,0.0,0.0,0,0.0,0.0,0.0,False,0.0,0.0,0,
USD_JPY,s5,3,12,"[3,6,9]","[12,24,36]",2.0,False,2,2,0.0,0.0,0,0.0,0.0,0.0,False,0.0,0.0,0,
USD_JPY,s5,3,12,"[3,6,9]","[12,24,36]",0.0,False,3,1,-179.76,0.128,86116,-192.21,-181.92,-165.14,False,-132.68,0.127,25852,
USD_JPY,s5,3,12,"[3,6,9]","[12,24,36]",0.5,False,3,1,-136.1,0.126,64502,-140.14,-140.26,-127.89,False,-99.2,0.123,19061,
USD_JPY,s5,3,12,"[3,6,9]","[12,24,36]",1.0,False,3,1,-99.82,0.125,47070,-98.44,-104.42,-96.62,False,-72.6,0.121,13945,
USD_JPY,s5,3,12,"[3,6,9]","[12,24,36]",2.0,False,3,1,-45.2,0.125,21547,-41.9,-48.81,-44.88,False,-34.95,0.115,6529,
USD_JPY,s5,3,12,"[3,6,9]","[12,24,36]",0.0,False,3,2,-141.35,0.298,60341,-156.81,-137.91,-129.27,False,-116.66,0.28,19063,
USD_JPY,s5,3,12,"[3,6,9]","[12,24,36]",0.5,False,3,2,-114.45,0.296,48531,-124.31,-113.88,-105.19,False,-93.11,0.275,14969,
USD_JPY,s5,3,12,"[3,6,9]","[12,24,36]",1.0,False,3,2,-90.61,0.294,37720,-95.11,-89.96,-86.73,False,-72.79,0.273,11573,
USD_JPY,s5,3,12,"[3,6,9]","[12,24,36]",2.0,False,3,2,-46.27,0.292,19016,-44.56,-47.92,-46.31,False,-38.23,0.266,5843,
USD_JPY,s5,3,12,"[3,6,9]","[12,24,36]",0.0,False,3,3,-134.47,0.37,52940,-146.9,-133.78,-122.7,False,-112.64,0.335,17105,
USD_JPY,s5,3,12,"[3,6,9]","[12,24,36]",0.5,False,3,3,-112.1,0.368,43907,-119.91,-112.65,-103.72,False,-92.17,0.332,13748,
USD_JPY,s5,3,12,"[3,6,9]","[12,24,36]",1.0,False,3,3,-90.57,0.367,35074,-94.57,-91.43,-85.7,False,-73.74,0.33,10842,
USD_JPY,s5,3,12,"[3,6,9]","[12,24,36]",2.0,False,3,3,-48.37,0.364,18329,-46.69,-49.84,-48.58,False,-39.07,0.326,5656,
USD_JPY,s5,3,12,"[3,6,9]","[12,24,36]",0.0,False,5,1,-361.42,0.092,151005,-398.86,-345.84,-339.56,False,-349.03,0.089,58906,
USD_JPY,s5,3,12,"[3,6,9]","[12,24,36]",0.5,False,5,1,-284.39,0.09,117665,-299.65,-277.76,-275.77,False,-272.15,0.085,45437,
USD_JPY,s5,3,12,"[3,6,9]","[12,24,36]",1.0,False,5,1,-214.57,0.09,88787,-213.79,-215.03,-214.88,False,-209.87,0.083,34743,
USD_JPY,s5,3,12,"[3,6,9]","[12,24,36]",2.0,False,5,1,-104.55,0.089,43395,-90.01,-108.82,-114.84,False,-106.78,0.081,17653,
USD_JPY,s5,3,12,"[3,6,9]","[12,24,36]",0.0,False,5,2,-223.84,0.257,84177,-252.64,-212.35,-206.48,False,-224.68,0.246,32856,
USD_JPY,s5,3,12,"[3,6,9]","[12,24,36]",0.5,False,5,2,-191.03,0.255,71346,-210.43,-183.92,-178.74,False,-191.44,0.241,27769,
USD_JPY,s5,3,12,"[3,6,9]","[12,24,36]",1.0,False,5,2,-159.98,0.253,58500,-169.31,-153.89,-156.71,False,-163.56,0.238,23084,
USD_JPY,s5,3,12,"[3,6,9]","[12,24,36]",2.0,False,5,2,-92.42,0.25,33210,-86.32,-90.83,-100.12,False,-98.89,0.231,13577,
USD_JPY,s5,3,12,"[3,6,9]","[12,24,36]",0.0,False,5,3,-197.46,0.331,69216,-216.5,-190.53,-185.37,False,-199.07,0.308,27393,
USD_JPY,s5,3,12,"[3,6,9]","[12,24,36]",0.5,False,5,3,-173.57,0.329,60788,-189.2,-167.89,-163.58,False,-176.59,0.301,23986,
USD_JPY,s5,3,12,"[3,6,9]","[12,24,36]",1.0,False,5,3,-149.56,0.328,51503,-157.13,-145.61,-145.92,False,-156.18,0.296,20459,
USD_JPY,s5,3,12,"[3,6,9]","[12,24,36]",2.0,False,5,3,-92.22,0.324,30808,-86.56,-91.29,-98.8,False,-97.47,0.293,12630,
USD_JPY,s5,3,12,"[3,6,9]","[12,24,36]",0.0,False,5,5,-181.72,0.372,59640,-200.09,-175.62,-169.48,False,-179.48,0.336,24112,
USD_JPY,s5,3,12,"[3,6,9]","[12,24,36]",0.5,False,5,5,-161.5,0.371,53449,-172.51,-160.38,-151.58,False,-165.83,0.327,21482,
USD_JPY,s5,3,12,"[3,6,9]","[12,24,36]",1.0,False,5,5,-141.94,0.37,46468,-150.03,-140.95,-134.82,False,-147.64,0.325,18621,
USD_JPY,s5,3,12,"[3,6,9]","[12,24,36]",2.0,False,5,5,-92.9,0.363,29168,-87.63,-91.97,-99.11,False,-95.29,0.324,11992,
USD_JPY,s5,3,12,"[3,6,9]","[12,24,36]",0.0,False,10,1,-347.41,0.09,145742,-375.86,-335.42,-330.96,False,-342.35,0.087,57628,
USD_JPY,s5,3,12,"[3,6,9]","[12,24,36]",0.5,False,10,1,-273.82,0.088,113927,-283.7,-269.32,-268.44,False,-267.84,0.083,44562,
USD_JPY,s5,3,12,"[3,6,9]","[12,24,36]",1.0,False,10,1,-207.42,0.088,86301,-204.56,-208.27,-209.43,False,-206.29,0.081,34150,
USD_JPY,s5,3,12,"[3,6,9]","[12,24,36]",2.0,False,10,1,-101.95,0.085,42426,-86.5,-106.63,-112.72,False,-105.17,0.077,17414,
USD_JPY,s5,3,12,"[3,6,9]","[12,24,36]",0.0,False,10,2,-209.43,0.253,79970,-229.02,-201.81,-197.41,False,-216.32,0.243,31792,
USD_JPY,s5,3,12,"[3,6,9]","[12,24,36]",0.5,False,10,2,-178.84,0.252,67953,-191.99,-174.01,-170.5,False,-185.54,0.238,26930,
USD_JPY,s5,3,12,"[3,6,9]","[12,24,36]",1.0,False,10,2,-149.98,0.251,55981,-154.23,-145.33,-150.36,False,-157.97,0.235,22420,
USD_JPY,s5,3,12,"[3,6,9]","[12,24,36]",2.0,False,10,2,-87.55,0.247,32054,-78.93,-87.13,-96.58,False,-95.94,0.227,13265,
USD_JPY,s5,3,12,"[3,6,9]","[12,24,36]",0.0,False,10,3,-185.01,0.325,65983,-192.84,-182.76,-179.44,False,-191.27,0.303,26538,
USD_JPY,s5,3,12,"[3,6,9]","[12,24,36]",0.5,False,10,3,-162.97,0.323,57987,-171.34,-160.34,-157.2,False,-169.8,0.297,23274,
USD_JPY,s5,3,12,"[3,6,9]","[12,24,36]",1.0,False,10,3,-140.75,0.323,49257,-142.81,-138.88,-140.54,False,-149.44,0.293,19866,
USD_JPY,s5,3,12,"[3,6,9]","[12,24,36]",2.0,False,10,3,-86.78,0.319,29655,-77.52,-87.23,-95.6,False,-94.04,0.288,12322,
USD_JPY,s5,3,12,"[3,6,9]","[12,24,36]",0.0,False,10,5,-171.02,0.364,57043,-178.3,-170.65,-164.13,False,-174.61,0.33,23451,
USD_JPY,s5,3,12,"[3,6,9]","[12,24,36]",0.5,False,10,5,-151.32,0.364,51098,-154.7,-153.39,-145.83,False,-161.49,0.321,20901,
USD_JPY,s5,3,12,"[3,6,9]","[12,24,36]",1.0,False,10,5,-133.23,0.362,44485,-132.69,-135.56,-131.4,False,-141.94,0.321,18111,
USD_JPY,s5,3,12,"[3,6,9]","[12,24,36]",2.0,False,10,5,-87.14,0.357,28061,-77.74,-88.29,-95.4,False,-92.46,0.317,11686,
USD_JPY,s5,3,12,"[3,6,9]","[12,24,36]",0.0,True,2,1,0.0,0.0,0,0.0,0.0,0.0,False,0.0,0.0,0,
USD_JPY,s5,3,12,"[3,6,9]","[12,24,36]",0.5,True,2,1,0.0,0.0,0,0.0,0.0,0.0,False,0.0,0.0,0,
USD_JPY,s5,3,12,"[3,6,9]","[12,24,36]",1.0,True,2,1,0.0,0.0,0,0.0,0.0,0.0,False,0.0,0.0,0,
USD_JPY,s5,3,12,"[3,6,9]","[12,24,36]",2.0,True,2,1,0.0,0.0,0,0.0,0.0,0.0,False,0.0,0.0,0,
USD_JPY,s5,3,12,"[3,6,9]","[12,24,36]",0.0,True,2,2,0.0,0.0,0,0.0,0.0,0.0,False,0.0,0.0,0,
USD_JPY,s5,3,12,"[3,6,9]","[12,24,36]",0.5,True,2,2,0.0,0.0,0,0.0,0.0,0.0,False,0.0,0.0,0,
USD_JPY,s5,3,12,"[3,6,9]","[12,24,36]",1.0,True,2,2,0.0,0.0,0,0.0,0.0,0.0,False,0.0,0.0,0,
USD_JPY,s5,3,12,"[3,6,9]","[12,24,36]",2.0,True,2,2,0.0,0.0,0,0.0,0.0,0.0,False,0.0,0.0,0,
USD_JPY,s5,3,12,"[3,6,9]","[12,24,36]",0.0,True,3,1,-43.52,0.128,20826,-43.63,-46.2,-40.72,False,-31.76,0.126,6133,
USD_JPY,s5,3,12,"[3,6,9]","[12,24,36]",0.5,True,3,1,-41.0,0.127,19512,-40.81,-43.84,-38.36,False,-29.85,0.123,5699,
USD_JPY,s5,3,12,"[3,6,9]","[12,24,36]",1.0,True,3,1,-37.2,0.126,17698,-36.67,-39.89,-35.04,False,-27.06,0.121,5139,
USD_JPY,s5,3,12,"[3,6,9]","[12,24,36]",2.0,True,3,1,-23.9,0.127,11575,-22.62,-25.99,-23.11,False,-18.67,0.114,3418,
USD_JPY,s5,3,12,"[3,6,9]","[12,24,36]",0.0,True,3,2,-45.07,0.297,18875,-47.72,-46.3,-41.2,False,-33.61,0.281,5610,
USD_JPY,s5,3,12,"[3,6,9]","[12,24,36]",0.5,True,3,2,-42.76,0.295,17770,-44.51,-44.41,-39.36,False,-31.89,0.276,5241,
USD_JPY,s5,3,12,"[3,6,9]","[12,24,36]",1.0,True,3,2,-39.49,0.294,16238,-41.32,-40.88,-36.27,False,-29.65,0.273,4770,
USD_JPY,s5,3,12,"[3,6,9]","[12,24,36]",2.0,True,3,2,-26.33,0.292,10865,-26.1,-28.07,-24.83,False,-20.78,0.267,3227,
USD_JPY,s5,3,12,"[3,6,9]","[12,24,36]",0.0,True,3,3,-46.74,0.366,18090,-50.27,-47.25,-42.69,False,-35.76,0.331,5422,
USD_JPY,s5,3,12,"[3,6,9]","[12,24,36]",0.5,True,3,3,-44.71,0.364,17108,-47.23,-45.64,-41.25,False,-33.82,0.328,5079,
USD_JPY,s5,3,12,"[3,6,9]","[12,24,36]",1.0,True,3,3,-41.35,0.364,15709,-43.68,-41.95,-38.41,False,-31.54,0.326,4651,
USD_JPY,s5,3,12,"[3,6,9]","[12,24,36]",2.0,True,3,3,-28.03,0.362,10660,-28.11,-28.82,-27.16,False,-21.9,0.321,3174,
USD_JPY,s5,3,12,"[3,6,9]","[12,24,36]",0.0,True,5,1,-104.83,0.093,43888,-103.27,-105.11,-106.12,False,-103.78,0.086,17274,
USD_JPY,s5,3,12,"[3,6,9]","[12,24,36]",0.5,True,5,1,-98.79,0.091,41209,-96.06,-99.98,-100.34,False,-97.69,0.084,16180,
USD_JPY,s5,3,12,"[3,6,9]","[12,24,36]",1.0,True,5,1,-90.0,0.091,37472,-85.76,-91.65,-92.58,False,-89.4,0.083,14783,
USD_JPY,s5,3,12,"[3,6,9]","[12,24,36]",2.0,True,5,1,-59.33,0.09,24810,-51.49,-62.41,-64.08,False,-61.01,0.082,10068,
USD_JPY,s5,3,12,"[3,6,9]","[12,24,36]",0.0,True,5,2,-94.5,0.259,35232,-97.16,-93.65,-92.68,False,-96.69,0.24,13812,
USD_JPY,s5,3,12,"[3,6,9]","[12,24,36]",0.5,True,5,2,-90.21,0.257,33303,-92.06,-89.92,-88.64,False,-93.29,0.235,13076,
USD_JPY,s5,3,12,"[3,6,9]","[12,24,36]",1.0,True,5,2,-84.29,0.255,30671,-85.17,-83.69,-84.02,False,-87.17,0.233,12092,
USD_JPY,s5,3,12,"[3,6,9]","[12,24,36]",2.0,True,5,2,-59.68,0.252,21250,-55.38,-61.39,-62.28,False,-64.13,0.226,8598,
USD_JPY,s5,3,12,"[3,6,9]","[12,24,36]",0.0,True,5,3,-92.78,0.33,32416,-97.56,-90.16,-90.61,False,-95.59,0.297,12757,
USD_JPY,s5,3,12,"[3,6,9]","[12,24,36]",0.5,True,5,3,-89.26,0.328,30845,-93.21,-87.38,-87.21,False,-92.31,0.292,12132,
USD_JPY,s5,3,12,"[3,6,9]","[12,24,36]",1.0,True,5,3,-83.69,0.327,28628,-86.54,-80.89,-83.64,False,-87.49,0.29,11314,
USD_JPY,s5,3,12,"[3,6,9]","[12,24,36]",2.0,True,5,3,-61.45,0.323,20305,-60.06,-60.17,-64.14,False,-65.34,0.287,8234,
USD_JPY,s5,3,12,"[3,6,9]","[12,24,36]",0.0,True,5,5,-90.69,0.371,30105,-98.05,-87.65,-86.38,False,-92.68,0.322,12013,
USD_JPY,s5,3,12,"[3,6,9]","[12,24,36]",0.5,True,5,5,-87.65,0.369,28810,-93.84,-85.2,-83.91,False,-90.35,0.318,11490,
USD_JPY,s5,3,12,"[3,6,9]","[12,24,36]",1.0,True,5,5,-82.44,0.367,26949,-86.73,-80.71,-79.88,False,-85.76,0.316,10767,
USD_JPY,s5,3,12,"[3,6,9]","[12,24,36]",2.0,True,5,5,-63.54,0.362,19607,-63.37,-62.33,-64.93,False,-65.07,0.316,7969,
USD_JPY,s5,3,12,"[3,6,9]","[12,24,36]",0.0,True,10,1,-104.01,0.09,43509,-102.14,-105.07,-104.82,False,-102.81,0.084,17176,
USD_JPY,s5,3,12,"[3,6,9]","[12,24,36]",0.5,True,10,1,-97.96,0.088,40853,-95.02,-99.72,-99.14,False,-96.84,0.082,16083,
USD_JPY,s5,3,12,"[3,6,9]","[12,24,36]",1.0,True,10,1,-89.36,0.088,37149,-84.93,-91.55,-91.61,False,-88.62,0.08,14692,
USD_JPY,s5,3,12,"[3,6,9]","[12,24,36]",2.0,True,10,1,-58.93,0.087,24598,-50.74,-62.35,-63.7,False,-60.27,0.079,10011,
USD_JPY,s5,3,12,"[3,6,9]","[12,24,36]",0.0,True,10,2,-91.59,0.256,34585,-91.85,-91.54,-91.38,False,-95.08,0.236,13643,
USD_JPY,s5,3,12,"[3,6,9]","[12,24,36]",0.5,True,10,2,-87.31,0.253,32704,-86.87,-87.76,-87.3,False,-91.87,0.232,12917,
USD_JPY,s5,3,12,"[3,6,9]","[12,24,36]",1.0,True,10,2,-81.6,0.251,30109,-80.35,-81.45,-82.99,False,-85.62,0.23,11943,
USD_JPY,s5,3,12,"[3,6,9]","[12,24,36]",2.0,True,10,2,-58.14,0.247,20890,-52.39,-60.07,-61.97,False,-62.5,0.223,8496,
USD_JPY,s5,3,12,"[3,6,9]","[12,24,36]",0.0,True,10,3,-89.19,0.325,31735,-90.53,-87.13,-89.9,False,-93.44,0.293,12572,
USD_JPY,s5,3,12,"[3,6,9]","[12,24,36]",0.5,True,10,3,-85.48,0.324,30208,-85.46,-84.41,-86.59,False,-90.21,0.289,11957,
USD_JPY,s5,3,12,"[3,6,9]","[12,24,36]",1.0,True,10,3,-80.46,0.322,28028,-79.92,-78.23,-83.22,False,-85.34,0.286,11152,
USD_JPY,s5,3,12,"[3,6,9]","[12,24,36]",2.0,True,10,3,-59.31,0.319,19912,-54.85,-58.86,-64.23,False,-62.79,0.284,8112,
USD_JPY,s5,3,12,"[3,6,9]","[12,24,36]",0.0,True,10,5,-86.58,0.364,29410,-87.78,-86.09,-85.87,False,-90.74,0.317,11823,
USD_JPY,s5,3,12,"[3,6,9]","[12,24,36]",0.5,True,10,5,-83.15,0.363,28153,-83.0,-83.23,-83.21,False,-88.48,0.313,11308,
USD_JPY,s5,3,12,"[3,6,9]","[12,24,36]",1.0,True,10,5,-78.55,0.362,26336,-77.32,-78.88,-79.45,False,-83.8,0.31,10602,
USD_JPY,s5,3,12,"[3,6,9]","[12,24,36]",2.0,True,10,5,-61.13,0.356,19202,-57.08,-60.93,-65.37,False,-62.99,0.31,7842,
USD_JPY,s5,3,18,"[3,6,9]","[18,36,54]",0.0,False,2,1,0.0,0.0,0,0.0,0.0,0.0,False,0.0,0.0,0,
USD_JPY,s5,3,18,"[3,6,9]","[18,36,54]",0.5,False,2,1,0.0,0.0,0,0.0,0.0,0.0,False,0.0,0.0,0,
USD_JPY,s5,3,18,"[3,6,9]","[18,36,54]",1.0,False,2,1,0.0,0.0,0,0.0,0.0,0.0,False,0.0,0.0,0,
USD_JPY,s5,3,18,"[3,6,9]","[18,36,54]",2.0,False,2,1,0.0,0.0,0,0.0,0.0,0.0,False,0.0,0.0,0,
USD_JPY,s5,3,18,"[3,6,9]","[18,36,54]",0.0,False,2,2,0.0,0.0,0,0.0,0.0,0.0,False,0.0,0.0,0,
USD_JPY,s5,3,18,"[3,6,9]","[18,36,54]",0.5,False,2,2,0.0,0.0,0,0.0,0.0,0.0,False,0.0,0.0,0,
USD_JPY,s5,3,18,"[3,6,9]","[18,36,54]",1.0,False,2,2,0.0,0.0,0,0.0,0.0,0.0,False,0.0,0.0,0,
USD_JPY,s5,3,18,"[3,6,9]","[18,36,54]",2.0,False,2,2,0.0,0.0,0,0.0,0.0,0.0,False,0.0,0.0,0,
USD_JPY,s5,3,18,"[3,6,9]","[18,36,54]",0.0,False,3,1,-162.25,0.127,77403,-172.43,-165.26,-149.07,False,-120.3,0.125,23181,
USD_JPY,s5,3,18,"[3,6,9]","[18,36,54]",0.5,False,3,1,-122.9,0.125,58039,-127.7,-126.0,-114.99,False,-89.47,0.121,17067,
USD_JPY,s5,3,18,"[3,6,9]","[18,36,54]",1.0,False,3,1,-89.6,0.124,42218,-89.45,-93.63,-85.74,False,-65.42,0.118,12455,
USD_JPY,s5,3,18,"[3,6,9]","[18,36,54]",2.0,False,3,1,-41.4,0.123,19409,-38.15,-45.03,-41.02,False,-31.31,0.115,5857,
USD_JPY,s5,3,18,"[3,6,9]","[18,36,54]",0.0,False,3,2,-127.12,0.3,54505,-139.56,-125.17,-116.57,False,-106.34,0.277,17215,
USD_JPY,s5,3,18,"[3,6,9]","[18,36,54]",0.5,False,3,2,-103.76,0.296,43727,-111.16,-103.67,-96.48,False,-83.38,0.277,13441,
USD_JPY,s5,3,18,"[3,6,9]","[18,36,54]",1.0,False,3,2,-82.48,0.292,33888,-86.51,-83.08,-77.82,False,-64.78,0.274,10304,
USD_JPY,s5,3,18,"[3,6,9]","[18,36,54]",2.0,False,3,2,-42.52,0.289,17131,-40.82,-43.57,-43.16,False,-34.1,0.269,5249,
USD_JPY,s5,3,18,"[3,6,9]","[18,36,54]",0.0,False,3,3,-121.37,0.372,48446,-128.51,-122.85,-112.72,False,-105.26,0.332,15715,
USD_JPY,s5,3,18,"[3,6,9]","[18,36,54]",0.5,False,3,3,-100.78,0.369,39828,-105.67,-101.85,-94.81,False,-84.0,0.333,12514,
USD_JPY,s5,3,18,"[3,6,9]","[18,36,54]",1.0,False,3,3,-81.63,0.366,31536,-84.04,-82.85,-77.98,False,-66.76,0.331,9731,
USD_JPY,s5,3,18,"[3,6,9]","[18,36,54]",2.0,False,3,3,-44.28,0.361,16480,-42.42,-45.83,-44.6,False,-34.46,0.331,5075,
USD_JPY,s5,3,18,"[3,6,9]","[18,36,54]",0.0,False,5,1,-326.31,0.091,135974,-358.97,-311.4,-308.5,False,-317.65,0.087,53169,
USD_JPY,s5,3,18,"[3,6,9]","[18,36,54]",0.5,False,5,1,-255.77,0.089,105646,-270.87,-249.54,-246.88,False,-245.74,0.084,40801,
USD_JPY,s5,3,18,"[3,6,9]","[18,36,54]",1.0,False,5,1,-192.63,0.089,79643,-192.44,-193.5,-191.94,False,-188.51,0.081,31109,
USD_JPY,s5,3,18,"[3,6,9]","[18,36,54]",2.0,False,5,1,-93.86,0.088,38887,-80.76,-97.21,-103.62,False,-94.56,0.081,15725,
USD_JPY,s5,3,18,"[3,6,9]","[18,36,54]",0.0,False,5,2,-204.64,0.256,76572,-227.98,-192.61,-193.31,False,-207.5,0.245,30019,
USD_JPY,s5,3,18,"[3,6,9]","[18,36,54]",0.5,False,5,2,-174.01,0.253,64251,-190.02,-166.17,-165.84,False,-175.59,0.24,25166,
USD_JPY,s5,3,18,"[3,6,9]","[18,36,54]",1.0,False,5,2,-144.03,0.252,52466,-152.24,-139.22,-140.6,False,-146.72,0.237,20662,
USD_JPY,s5,3,18,"[3,6,9]","[18,36,54]",2.0,False,5,2,-82.77,0.249,29679,-78.35,-80.76,-89.21,False,-87.7,0.233,12064,
USD_JPY,s5,3,18,"[3,6,9]","[18,36,54]",0.0,False,5,3,-180.74,0.331,63872,-198.35,-173.8,-170.06,False,-189.11,0.306,25500,
USD_JPY,s5,3,18,"[3,6,9]","[18,36,54]",0.5,False,5,3,-158.08,0.329,55309,-170.75,-151.9,-151.58,False,-163.25,0.301,21952,
USD_JPY,s5,3,18,"[3,6,9]","[18,36,54]",1.0,False,5,3,-134.78,0.328,46417,-141.8,-131.1,-131.41,False,-141.65,0.296,18436,
USD_JPY,s5,3,18,"[3,6,9]","[18,36,54]",2.0,False,5,3,-81.84,0.324,27506,-77.09,-81.35,-87.09,False,-84.79,0.297,11182,
USD_JPY,s5,3,18,"[3,6,9]","[18,36,54]",0.0,False,5,5,-169.11,0.371,56197,-184.15,-163.47,-159.68,False,-176.56,0.332,22838,
USD_JPY,s5,3,18,"[3,6,9]","[18,36,54]",0.5,False,5,5,-152.24,0.369,49728,-163.3,-148.08,-145.32,False,-159.03,0.326,20070,
USD_JPY,s5,3,18,"[3,6,9]","[18,36,54]",1.0,False,5,5,-130.25,0.369,42655,-135.5,-129.46,-125.76,False,-135.16,0.325,17088,
USD_JPY,s5,3,18,"[3,6,9]","[18,36,54]",2.0,False,5,5,-82.55,0.364,26209,-77.99,-82.29,-87.37,False,-82.68,0.327,10690,
USD_JPY,s5,3,18,"[3,6,9]","[18,36,54]",0.0,False,10,1,-313.87,0.089,131070,-339.45,-301.71,-300.42,False,-311.87,0.085,52053,
USD_JPY,s5,3,18,"[3,6,9]","[18,36,54]",0.5,False,10,1,-247.12,0.086,102262,-257.87,-242.4,-241.06,False,-241.42,0.082,39991,
USD_JPY,s5,3,18,"[3,6,9]","[18,36,54]",1.0,False,10,1,-186.62,0.086,77365,-184.7,-188.45,-186.71,False,-185.3,0.079,30585,
USD_JPY,s5,3,18,"[3,6,9]","[18,36,54]",2.0,False,10,1,-91.9,0.084,38029,-78.33,-95.62,-101.75,False,-92.98,0.078,15509,
USD_JPY,s5,3,18,"[3,6,9]","[18,36,54]",0.0,False,10,2,-191.13,0.253,72694,-204.93,-183.53,-184.9,False,-199.3,0.242,29075,
USD_JPY,s5,3,18,"[3,6,9]","[18,36,54]",0.5,False,10,2,-163.38,0.25,61194,-172.51,-158.96,-158.68,False,-169.68,0.237,24392,
USD_JPY,s5,3,18,"[3,6,9]","[18,36,54]",1.0,False,10,2,-135.43,0.249,50201,-138.55,-132.47,-135.23,False,-141.47,0.234,20067,
USD_JPY,s5,3,18,"[3,6,9]","[18,36,54]",2.0,False,10,2,-77.77,0.246,28598,-70.74,-76.79,-85.78,False,-84.96,0.228,11781,
USD_JPY,s5,3,18,"[3,6,9]","[18,36,54]",0.0,False,10,3,-169.31,0.325,60836,-176.52,-166.56,-164.84,False,-182.07,0.301,24737,
USD_JPY,s5,3,18,"[3,6,9]","[18,36,54]",0.5,False,10,3,-149.61,0.322,52764,-155.63,-146.13,-147.07,False,-157.72,0.297,21296,
USD_JPY,s5,3,18,"[3,6,9]","[18,36,54]",1.0,False,10,3,-126.86,0.323,44357,-128.37,-124.74,-127.47,False,-137.02,0.291,17926,
USD_JPY,s5,3,18,"[3,6,9]","[18,36,54]",2.0,False,10,3,-76.4,0.319,26440,-68.17,-76.93,-84.09,False,-81.13,0.292,10896,
USD_JPY,s5,3,18,"[3,6,9]","[18,36,54]",0.0,False,10,5,-158.87,0.364,53743,-164.57,-157.61,-154.39,False,-170.2,0.326,22235,
USD_JPY,s5,3,18,"[3,6,9]","[18,36,54]",0.5,False,10,5,-142.95,0.361,47540,-145.34,-143.01,-140.47,False,-153.57,0.32,19505,
USD_JPY,s5,3,18,"[3,6,9]","[18,36,54]",1.0,False,10,5,-121.88,0.362,40793,-119.51,-123.66,-122.44,False,-130.42,0.319,16637,
USD_JPY,s5,3,18,"[3,6,9]","[18,36,54]",2.0,False,10,5,-77.07,0.357,25190,-67.97,-78.41,-84.84,False,-79.6,0.319,10426,
USD_JPY,s5,3,18,"[3,6,9]","[18,36,54]",0.0,True,2,1,0.0,0.0,0,0.0,0.0,0.0,False,0.0,0.0,0,
USD_JPY,s5,3,18,"[3,6,9]","[18,36,54]",0.5,True,2,1,0.0,0.0,0,0.0,0.0,0.0,False,0.0,0.0,0,
USD_JPY,s5,3,18,"[3,6,9]","[18,36,54]",1.0,True,2,1,0.0,0.0,0,0.0,0.0,0.0,False,0.0,0.0,0,
USD_JPY,s5,3,18,"[3,6,9]","[18,36,54]",2.0,True,2,1,0.0,0.0,0,0.0,0.0,0.0,False,0.0,0.0,0,
USD_JPY,s5,3,18,"[3,6,9]","[18,36,54]",0.0,True,2,2,0.0,0.0,0,0.0,0.0,0.0,False,0.0,0.0,0,
USD_JPY,s5,3,18,"[3,6,9]","[18,36,54]",0.5,True,2,2,0.0,0.0,0,0.0,0.0,0.0,False,0.0,0.0,0,
USD_JPY,s5,3,18,"[3,6,9]","[18,36,54]",1.0,True,2,2,0.0,0.0,0,0.0,0.0,0.0,False,0.0,0.0,0,
USD_JPY,s5,3,18,"[3,6,9]","[18,36,54]",2.0,True,2,2,0.0,0.0,0,0.0,0.0,0.0,False,0.0,0.0,0,
USD_JPY,s5,3,18,"[3,6,9]","[18,36,54]",0.0,True,3,1,-33.78,0.127,16109,-33.92,-35.77,-31.65,False,-25.51,0.115,4656,
USD_JPY,s5,3,18,"[3,6,9]","[18,36,54]",0.5,True,3,1,-32.04,0.127,15231,-31.8,-34.11,-30.22,False,-23.7,0.116,4362,
USD_JPY,s5,3,18,"[3,6,9]","[18,36,54]",1.0,True,3,1,-29.14,0.127,13885,-28.69,-31.03,-27.7,False,-21.77,0.114,3981,
USD_JPY,s5,3,18,"[3,6,9]","[18,36,54]",2.0,True,3,1,-19.3,0.126,9271,-18.51,-20.64,-18.75,False,-15.42,0.104,2712,
USD_JPY,s5,3,18,"[3,6,9]","[18,36,54]",0.0,True,3,2,-35.32,0.295,14618,-36.43,-36.85,-32.69,False,-26.68,0.271,4269,
USD_JPY,s5,3,18,"[3,6,9]","[18,36,54]",0.5,True,3,2,-33.98,0.293,13875,-34.38,-35.87,-31.69,False,-24.99,0.272,4020,
USD_JPY,s5,3,18,"[3,6,9]","[18,36,54]",1.0,True,3,2,-31.57,0.291,12749,-31.25,-33.42,-30.04,False,-23.21,0.271,3693,
USD_JPY,s5,3,18,"[3,6,9]","[18,36,54]",2.0,True,3,2,-21.43,0.29,8723,-20.85,-22.56,-20.87,False,-16.37,0.268,2551,
USD_JPY,s5,3,18,"[3,6,9]","[18,36,54]",0.0,True,3,3,-37.46,0.364,14143,-39.14,-38.32,-34.93,False,-27.77,0.323,4157,
USD_JPY,s5,3,18,"[3,6,9]","[18,36,54]",0.5,True,3,3,-35.97,0.362,13456,-36.72,-37.43,-33.75,False,-26.18,0.324,3920,
USD_JPY,s5,3,18,"[3,6,9]","[18,36,54]",1.0,True,3,3,-33.76,0.359,12408,-33.84,-34.91,-32.54,False,-24.64,0.325,3618,
USD_JPY,s5,3,18,"[3,6,9]","[18,36,54]",2.0,True,3,3,-23.31,0.357,8578,-22.8,-24.43,-22.69,False,-17.28,0.323,2517,
USD_JPY,s5,3,18,"[3,6,9]","[18,36,54]",0.0,True,5,1,-81.38,0.092,33939,-80.47,-80.4,-83.27,False,-81.07,0.082,13243,
USD_JPY,s5,3,18,"[3,6,9]","[18,36,54]",0.5,True,5,1,-76.94,0.091,32098,-74.44,-76.8,-79.57,False,-77.02,0.08,12527,
USD_JPY,s5,3,18,"[3,6,9]","[18,36,54]",1.0,True,5,1,-70.38,0.091,29359,-66.24,-70.72,-74.18,False,-70.39,0.08,11483,
USD_JPY,s5,3,18,"[3,6,9]","[18,36,54]",2.0,True,5,1,-47.71,0.09,19883,-41.8,-48.86,-52.48,False,-49.84,0.076,8052,
USD_JPY,s5,3,18,"[3,6,9]","[18,36,54]",0.0,True,5,2,-73.95,0.257,27446,-74.48,-71.36,-76.01,False,-77.77,0.232,10733,
USD_JPY,s5,3,18,"[3,6,9]","[18,36,54]",0.5,True,5,2,-70.91,0.255,26132,-70.05,-69.19,-73.47,False,-74.34,0.232,10211,
USD_JPY,s5,3,18,"[3,6,9]","[18,36,54]",1.0,True,5,2,-66.14,0.254,24157,-63.81,-64.68,-69.92,False,-69.77,0.23,9468,
USD_JPY,s5,3,18,"[3,6,9]","[18,36,54]",2.0,True,5,2,-47.53,0.251,16999,-45.31,-45.9,-51.36,False,-50.8,0.227,6868,
USD_JPY,s5,3,18,"[3,6,9]","[18,36,54]",0.0,True,5,3,-74.67,0.328,25615,-78.79,-70.77,-74.47,False,-76.34,0.292,10056,
USD_JPY,s5,3,18,"[3,6,9]","[18,36,54]",0.5,True,5,3,-72.01,0.326,24463,-75.03,-68.81,-72.19,False,-73.6,0.29,9598,
USD_JPY,s5,3,18,"[3,6,9]","[18,36,54]",1.0,True,5,3,-67.31,0.325,22730,-68.65,-64.0,-69.28,False,-70.1,0.288,8943,
USD_JPY,s5,3,18,"[3,6,9]","[18,36,54]",2.0,True,5,3,-49.79,0.32,16324,-49.28,-47.68,-52.4,False,-50.43,0.291,6593,
USD_JPY,s5,3,18,"[3,6,9]","[18,36,54]",0.0,True,5,5,-72.73,0.37,24315,-74.4,-71.24,-72.54,False,-76.21,0.316,9668,
USD_JPY,s5,3,18,"[3,6,9]","[18,36,54]",0.5,True,5,5,-70.72,0.368,23321,-71.09,-69.92,-71.14,False,-73.86,0.315,9267,
USD_JPY,s5,3,18,"[3,6,9]","[18,36,54]",1.0,True,5,5,-66.2,0.368,21801,-65.28,-65.4,-67.92,False,-69.9,0.315,8668,
USD_JPY,s5,3,18,"[3,6,9]","[18,36,54]",2.0,True,5,5,-50.91,0.361,15883,-50.65,-49.71,-52.36,False,-51.17,0.319,6445,
USD_JPY,s5,3,18,"[3,6,9]","[18,36,54]",0.0,True,10,1,-80.68,0.089,33613,-78.3,-80.78,-82.94,False,-80.07,0.08,13156,
USD_JPY,s5,3,18,"[3,6,9]","[18,36,54]",0.5,True,10,1,-76.23,0.088,31792,-72.19,-77.12,-79.39,False,-76.15,0.078,12444,
USD_JPY,s5,3,18,"[3,6,9]","[18,36,54]",1.0,True,10,1,-69.81,0.088,29092,-64.41,-70.86,-74.17,False,-69.45,0.077,11401,
USD_JPY,s5,3,18,"[3,6,9]","[18,36,54]",2.0,True,10,1,-47.49,0.086,19706,-40.84,-48.8,-52.81,False,-48.89,0.073,7999,
USD_JPY,s5,3,18,"[3,6,9]","[18,36,54]",0.0,True,10,2,-71.91,0.253,26872,-70.05,-70.66,-75.03,False,-75.61,0.229,10586,
USD_JPY,s5,3,18,"[3,6,9]","[18,36,54]",0.5,True,10,2,-69.13,0.251,25592,-65.84,-68.72,-72.84,False,-72.22,0.228,10069,
USD_JPY,s5,3,18,"[3,6,9]","[18,36,54]",1.0,True,10,2,-64.31,0.25,23666,-59.5,-64.23,-69.2,False,-67.31,0.226,9336,
USD_JPY,s5,3,18,"[3,6,9]","[18,36,54]",2.0,True,10,2,-46.07,0.247,16676,-41.61,-45.66,-50.93,False,-48.75,0.223,6770,
USD_JPY,s5,3,18,"[3,6,9]","[18,36,54]",0.0,True,10,3,-72.04,0.324,25009,-72.46,-69.58,-74.07,False,-73.77,0.288,9890,
USD_JPY,s5,3,18,"[3,6,9]","[18,36,54]",0.5,True,10,3,-69.46,0.321,23884,-68.55,-67.78,-72.05,False,-70.91,0.286,9437,
USD_JPY,s5,3,18,"[3,6,9]","[18,36,54]",1.0,True,10,3,-64.89,0.32,22199,-62.81,-62.83,-69.03,False,-66.9,0.284,8795,
USD_JPY,s5,3,18,"[3,6,9]","[18,36,54]",2.0,True,10,3,-48.03,0.316,15971,-44.36,-47.29,-52.44,False,-47.62,0.287,6478,
USD_JPY,s5,3,18,"[3,6,9]","[18,36,54]",0.0,True,10,5,-70.43,0.364,23712,-67.94,-70.76,-72.6,False,-73.53,0.311,9500,
USD_JPY,s5,3,18,"[3,6,9]","[18,36,54]",0.5,True,10,5,-68.41,0.361,22740,-64.58,-69.39,-71.26,False,-71.06,0.31,9102,
USD_JPY,s5,3,18,"[3,6,9]","[18,36,54]",1.0,True,10,5,-63.74,0.361,21265,-58.9,-64.5,-67.81,False,-66.57,0.31,8517,
USD_JPY,s5,3,18,"[3,6,9]","[18,36,54]",2.0,True,10,5,-49.08,0.355,15518,-45.39,-49.12,-52.74,False,-48.58,0.314,6327,
