ci,name,bf,is_pnl,is_ntrd,mc_pval,bootstrap_p5,passed_mc,oos_pnl,oos_ntrd,oos_pd,oos_pass
1064,b5_r2_n4_E2_X3c_1_5,0,74578.4,13635,0.0,171.21,1,26807.3,4650,62.82,1
1060,b5_r2_n4_E2_X3c_1_3,0,74541.8,13629,0.0,171.23,1,26808.1,4649,62.82,1
1036,b5_r2_n4_E2_X3b_1,0,74400.6,13603,0.0,170.97,1,26752.8,4645,62.69,1
316,b5_r1_n4_E2_X3b_1,0,64860.5,12031,0.0,148.67,1,23354.8,4428,54.73,1
340,b5_r1_n4_E2_X3c_1_3,0,64858.6,12079,0.0,148.8,1,23340.2,4439,54.69,1
344,b5_r1_n4_E2_X3c_1_5,0,64976.6,12081,0.0,148.99,1,23326.8,4442,54.66,1
280,b5_r1_n4_E1_X3c_1_3,0,63591.3,12531,0.0,145.53,1,22888.5,4577,53.64,1
256,b5_r1_n4_E1_X3b_1,0,63488.3,12481,0.0,145.29,1,22852.3,4565,53.55,1
284,b5_r1_n4_E1_X3c_1_5,0,63729.9,12533,0.0,145.98,1,22848.7,4580,53.54,1
1756,b5_r3_n4_E2_X3b_1,0,59969.6,15883,0.0,136.05,1,21467.9,4117,50.31,1
1780,b5_r3_n4_E2_X3c_1_3,0,60289.6,15901,0.0,136.91,1,21415.5,4099,50.18,1
1784,b5_r3_n4_E2_X3c_1_5,0,60332.7,15907,0.0,137.24,1,21364.9,4093,50.07,1
1900,b5_r3_n5_E2_X3c_1_3,0,47002.5,9572,0.0,106.37,1,17061.1,3027,39.98,1
1904,b5_r3_n5_E2_X3c_1_5,0,47036.3,9576,0.0,106.67,1,17061.1,3027,39.98,1
1876,b5_r3_n5_E2_X3b_1,0,46819.1,9565,0.0,106.01,1,17054.3,3026,39.96,1
1180,b5_r2_n5_E2_X3c_1_3,0,47289.7,6550,0.0,108.07,1,16724.4,2212,39.19,1
1184,b5_r2_n5_E2_X3c_1_5,0,47274.1,6552,0.0,108.04,1,16724.4,2212,39.19,1
1156,b5_r2_n5_E2_X3b_1,0,47276.6,6546,0.0,107.99,1,16697.6,2211,39.13,1
2264,b10_r1_n2_E2_X3c_1_5,0,46941.1,13619,0.0,105.88,1,16532.7,5072,38.74,1
2260,b10_r1_n2_E2_X3c_1_3,0,47243.9,13565,0.0,106.72,1,16447.9,5054,38.54,1
1120,b5_r2_n5_E1_X3c_1_3,0,46586.4,9066,0.0,106.13,1,16344.1,2899,38.3,1
1124,b5_r2_n5_E1_X3c_1_5,0,46574.0,9069,0.0,105.93,1,16343.4,2899,38.3,1
1096,b5_r2_n5_E1_X3b_1,0,46555.5,9058,0.0,105.95,1,16320.6,2898,38.24,1
2236,b10_r1_n2_E2_X3b_1,0,44145.0,13034,0.0,99.16,1,15755.0,4870,36.92,1
1816,b5_r3_n5_E1_X3b_1,0,60676.8,16412,0.0,138.32,1,15286.7,3588,35.82,1
1840,b5_r3_n5_E1_X3c_1_3,0,60847.8,16421,0.0,138.92,1,15247.9,3579,35.73,1
1844,b5_r3_n5_E1_X3c_1_5,0,60859.2,16424,0.0,138.87,1,15234.5,3576,35.7,1
1964,b5_r3_n6_E1_X3c_1_5,0,43785.1,9705,0.0,99.47,1,14815.3,3043,34.72,1
1960,b5_r3_n6_E1_X3c_1_3,0,43802.4,9705,0.0,99.49,1,14809.5,3043,34.7,1
1936,b5_r3_n6_E1_X3b_1,0,43766.1,9703,0.0,99.37,1,14773.6,3040,34.62,1
460,b5_r1_n5_E2_X3c_1_3,0,40094.4,5361,0.0,91.39,1,14446.8,1976,33.85,1
464,b5_r1_n5_E2_X3c_1_5,0,40126.1,5364,0.0,91.46,1,14440.8,1976,33.84,1
436,b5_r1_n5_E2_X3b_1,0,40088.3,5355,0.0,91.28,1,14420.6,1975,33.79,1
400,b5_r1_n5_E1_X3c_1_3,0,39704.7,5454,0.0,90.42,1,14384.2,2002,33.71,1
404,b5_r1_n5_E1_X3c_1_5,0,39765.7,5457,0.0,90.5,1,14347.7,2002,33.62,1
376,b5_r1_n5_E1_X3b_1,0,39694.8,5448,0.0,90.33,1,14327.5,2001,33.57,1
2024,b5_r3_n6_E2_X3c_1_5,0,36012.1,5900,0.0,81.38,1,12053.6,1750,28.25,1
2020,b5_r3_n6_E2_X3c_1_3,0,36027.4,5899,0.0,81.59,1,12053.6,1750,28.25,1
1996,b5_r3_n6_E2_X3b_1,0,36019.7,5898,0.0,81.51,1,12053.6,1750,28.25,1
1276,b5_r2_n6_E2_X3b_1,0,29073.1,3144,0.0,65.82,1,10045.1,1029,23.54,1
1300,b5_r2_n6_E2_X3c_1_3,0,29073.1,3144,0.0,65.83,1,10045.1,1029,23.54,1
1304,b5_r2_n6_E2_X3c_1_5,0,29048.7,3144,0.0,65.79,1,10045.1,1029,23.54,1
1216,b5_r2_n6_E1_X3b_1,0,28907.6,3892,0.0,65.32,1,9849.1,1209,23.08,1
1244,b5_r2_n6_E1_X3c_1_5,0,28873.8,3892,0.0,65.25,1,9845.1,1209,23.07,1
1240,b5_r2_n6_E1_X3c_1_3,0,28905.2,3892,0.0,65.33,1,9845.1,1209,23.07,1
584,b5_r1_n6_E2_X3c_1_5,0,25473.2,2633,0.0,57.53,1,8811.1,925,20.65,1
580,b5_r1_n6_E2_X3c_1_3,0,25483.7,2633,0.0,57.55,1,8811.1,925,20.65,1
556,b5_r1_n6_E2_X3b_1,0,25502.2,2633,0.0,57.58,1,8812.4,925,20.65,1
520,b5_r1_n6_E1_X3c_1_3,0,25362.3,2666,0.0,57.2,1,8780.7,932,20.58,1
496,b5_r1_n6_E1_X3b_1,0,25389.9,2666,0.0,57.26,1,8771.9,932,20.56,1
524,b5_r1_n6_E1_X3c_1_5,0,25364.7,2666,0.0,57.22,1,8770.6,932,20.55,1
1192,b5_r2_n5_E2_X3c_2_5,0,21408.2,6408,0.0,47.37,1,7605.5,2183,17.82,1
1188,b5_r2_n5_E2_X3c_2_3,0,21384.2,6405,0.0,47.19,1,7574.4,2181,17.75,1
1160,b5_r2_n5_E2_X3b_2,0,21219.9,6347,0.0,46.69,1,7573.5,2166,17.75,1
352,b5_r1_n4_E2_X3c_2_5,0,22581.1,11470,0.0,49.33,1,7533.8,4262,17.65,1
348,b5_r1_n4_E2_X3c_2_3,0,22628.3,11455,0.0,49.5,1,7280.0,4260,17.06,1
320,b5_r1_n4_E2_X3b_2,0,22228.8,11166,0.0,48.47,1,7269.6,4165,17.04,1
292,b5_r1_n4_E1_X3c_2_5,0,21550.7,11863,0.0,46.93,1,7163.4,4390,16.79,1
260,b5_r1_n4_E1_X3b_2,0,21099.3,11524,0.0,45.62,1,7015.5,4282,16.44,1
288,b5_r1_n4_E1_X3c_2_3,0,21576.9,11850,0.0,46.79,1,6987.9,4389,16.37,1
2380,b10_r1_n3_E2_X3c_1_3,0,21280.3,3697,0.0,47.44,1,6887.3,1299,16.14,1
2384,b10_r1_n3_E2_X3c_1_5,0,21318.6,3700,0.0,47.33,1,6868.1,1299,16.09,1
472,b5_r1_n5_E2_X3c_2_5,0,19713.8,5201,0.0,43.39,1,6850.8,1937,16.05,1
468,b5_r1_n5_E2_X3c_2_3,0,19773.4,5189,0.0,43.62,1,6841.6,1937,16.03,1
440,b5_r1_n5_E2_X3b_2,0,19588.5,5142,0.0,43.11,1,6828.3,1916,16.0,1
380,b5_r1_n5_E1_X3b_2,0,19317.8,5225,0.0,42.53,1,6815.8,1942,15.97,1
2356,b10_r1_n3_E2_X3b_1,0,20988.9,3661,0.0,46.66,1,6783.3,1293,15.9,1
408,b5_r1_n5_E1_X3c_2_3,0,19507.9,5275,0.0,43.01,1,6753.0,1963,15.82,1
412,b5_r1_n5_E1_X3c_2_5,0,19530.5,5288,0.0,43.09,1,6752.5,1963,15.82,1
4424,b15_r1_n2_E2_X3c_1_5,0,18426.5,3797,0.0,40.24,1,6468.0,1361,15.16,1
4396,b15_r1_n2_E2_X3b_1,0,17834.0,3658,0.0,38.67,1,6318.1,1330,14.81,1
2084,b5_r3_n8_E1_X3c_1_5,0,20688.1,3201,0.0,46.2,1,6319.8,919,14.81,1
2056,b5_r3_n8_E1_X3b_1,0,20688.1,3201,0.0,46.2,1,6317.9,919,14.8,1
2080,b5_r3_n8_E1_X3c_1_3,0,20688.1,3201,0.0,46.2,1,6317.9,919,14.8,1
4420,b15_r1_n2_E2_X3c_1_3,0,18167.5,3778,0.0,39.66,1,6304.0,1360,14.77,1
2324,b10_r1_n3_E1_X3c_1_5,0,19956.4,4448,0.0,44.09,1,6257.1,1567,14.66,1
2296,b10_r1_n3_E1_X3b_1,0,19692.4,4385,0.0,43.21,1,6223.9,1553,14.58,1
2320,b10_r1_n3_E1_X3c_1_3,0,19876.8,4446,0.0,43.95,1,6217.7,1568,14.57,1
2116,b5_r3_n8_E2_X3b_1,0,18362.9,2163,0.0,40.98,1,5610.0,575,13.15,1
2144,b5_r3_n8_E2_X3c_1_5,0,18362.9,2163,0.0,40.98,1,5610.0,575,13.15,1
2140,b5_r3_n8_E2_X3c_1_3,0,18362.9,2163,0.0,40.98,1,5610.0,575,13.15,1
1280,b5_r2_n6_E2_X3b_2,0,15829.2,3087,0.0,34.85,1,5463.7,1022,12.8,1
1312,b5_r2_n6_E2_X3c_2_5,0,15819.4,3104,0.0,34.76,1,5440.7,1022,12.75,1
1308,b5_r2_n6_E2_X3c_2_3,0,15838.9,3103,0.0,34.75,1,5427.7,1022,12.72,1
1220,b5_r2_n6_E1_X3b_2,0,14255.2,3801,0.0,30.92,1,5018.3,1196,11.76,1
560,b5_r1_n6_E2_X3b_2,0,14608.3,2571,0.0,31.98,1,4962.6,915,11.63,1
1252,b5_r2_n6_E1_X3c_2_5,0,14160.4,3823,0.0,30.8,1,4943.0,1196,11.58,1
500,b5_r1_n6_E1_X3b_2,0,14514.3,2601,0.0,31.77,1,4937.2,922,11.57,1
592,b5_r1_n6_E2_X3c_2_5,0,14473.8,2581,0.0,31.71,1,4904.5,915,11.49,1
588,b5_r1_n6_E2_X3c_2_3,0,14552.3,2580,0.0,31.94,1,4902.7,915,11.49,1
1248,b5_r2_n6_E1_X3c_2_3,0,14353.3,3823,0.0,31.18,1,4895.3,1196,11.47,1
528,b5_r1_n6_E1_X3c_2_3,0,14488.9,2610,0.0,31.73,1,4865.5,922,11.4,1
532,b5_r1_n6_E1_X3c_2_5,0,14406.3,2611,0.0,31.58,1,4864.7,922,11.4,1
3220,b10_r2_n4_E2_X3c_1_3,0,12980.9,2473,0.0,27.61,1,4351.1,676,10.2,1
3224,b10_r2_n4_E2_X3c_1_5,0,12959.3,2474,0.0,27.8,1,4334.0,676,10.16,1
3196,b10_r2_n4_E2_X3b_1,0,12909.6,2469,0.0,27.57,1,4322.0,675,10.13,1
1420,b5_r2_n8_E2_X3c_1_3,0,12097.3,921,0.0,26.86,1,3980.8,285,9.33,1
1424,b5_r2_n8_E2_X3c_1_5,0,12094.4,921,0.0,26.85,1,3980.8,285,9.33,1
1396,b5_r2_n8_E2_X3b_1,0,12094.4,921,0.0,26.85,1,3980.8,285,9.33,1
1360,b5_r2_n8_E1_X3c_1_3,0,11944.0,1011,0.0,26.48,1,3913.7,299,9.17,1
1364,b5_r2_n8_E1_X3c_1_5,0,11941.1,1011,0.0,26.47,1,3913.7,299,9.17,1
1336,b5_r2_n8_E1_X3b_1,0,11941.1,1011,0.0,26.47,1,3913.7,299,9.17,1
700,b5_r1_n8_E2_X3c_1_3,0,11413.9,865,0.0,25.2,1,3726.9,275,8.73,1
676,b5_r1_n8_E2_X3b_1,0,11411.0,865,0.0,25.19,1,3726.9,275,8.73,1
704,b5_r1_n8_E2_X3c_1_5,0,11411.0,865,0.0,25.19,1,3726.9,275,8.73,1
640,b5_r1_n8_E1_X3c_1_3,0,11365.1,869,0.0,25.07,1,3710.4,276,8.69,1
644,b5_r1_n8_E1_X3c_1_5,0,11362.2,869,0.0,25.07,1,3710.4,276,8.69,1
616,b5_r1_n8_E1_X3b_1,0,11362.2,869,0.0,25.07,1,3710.4,276,8.69,1
4000,b10_r3_n5_E1_X3c_1_3,0,9440.1,4090,0.0,19.21,1,3426.3,1306,8.03,1
4004,b10_r3_n5_E1_X3c_1_5,0,9460.7,4090,0.0,19.26,1,3426.3,1306,8.03,1
3976,b10_r3_n5_E1_X3b_1,0,9440.1,4090,0.0,19.21,1,3411.8,1306,7.99,1
2500,b10_r1_n4_E2_X3c_1_3,0,9988.5,1114,0.0,21.71,1,3073.1,362,7.2,1
2504,b10_r1_n4_E2_X3c_1_5,0,9981.6,1115,0.0,21.75,1,3053.4,361,7.16,1
2476,b10_r1_n4_E2_X3b_1,0,9994.1,1112,0.0,21.76,1,3020.0,361,7.08,1
2440,b10_r1_n4_E1_X3c_1_3,0,9605.9,1210,0.0,20.71,1,2931.7,381,6.87,1
2444,b10_r1_n4_E1_X3c_1_5,0,9587.6,1211,0.0,20.7,1,2885.0,380,6.76,1
2416,b10_r1_n4_E1_X3b_1,0,9656.1,1208,0.0,20.8,1,2851.6,380,6.68,1
3284,b10_r2_n5_E1_X3c_1_5,0,10020.9,2393,0.0,21.28,1,2850.7,692,6.68,1
3280,b10_r2_n5_E1_X3c_1_3,0,10020.9,2393,0.0,21.28,1,2845.4,692,6.67,1
3256,b10_r2_n5_E1_X3b_1,0,10046.4,2393,0.0,21.33,1,2781.6,690,6.52,1
1428,b5_r2_n8_E2_X3c_2_3,0,8015.3,916,0.0,17.18,1,2655.4,281,6.22,1
1400,b5_r2_n8_E2_X3b_2,0,8012.5,914,0.0,17.14,1,2647.3,281,6.2,1
1432,b5_r2_n8_E2_X3c_2_5,0,7976.5,916,0.0,17.1,1,2645.8,281,6.2,1
3316,b10_r2_n5_E2_X3b_1,0,8439.4,1095,0.0,17.84,1,2619.6,297,6.14,1
3340,b10_r2_n5_E2_X3c_1_3,0,8414.6,1095,0.0,17.79,1,2619.6,297,6.14,1
3344,b10_r2_n5_E2_X3c_1_5,0,8414.6,1095,0.0,17.79,1,2602.9,297,6.1,1
1368,b5_r2_n8_E1_X3c_2_3,0,7632.3,1002,0.0,16.26,1,2548.8,295,5.97,1
1340,b5_r2_n8_E1_X3b_2,0,7622.5,1000,0.0,16.28,1,2534.6,295,5.94,1
1372,b5_r2_n8_E1_X3c_2_5,0,7578.1,1002,0.0,16.13,1,2533.1,295,5.94,1
708,b5_r1_n8_E2_X3c_2_3,0,7516.6,857,0.0,16.06,1,2479.2,272,5.81,1
712,b5_r1_n8_E2_X3c_2_5,0,7499.7,857,0.0,16.02,1,2466.4,272,5.78,1
680,b5_r1_n8_E2_X3b_2,0,7513.4,856,0.0,16.06,1,2463.0,272,5.77,1
648,b5_r1_n8_E1_X3c_2_3,0,7472.4,861,0.0,15.98,1,2457.7,273,5.76,1
652,b5_r1_n8_E1_X3c_2_5,0,7445.8,861,0.0,15.92,1,2444.9,273,5.73,1
620,b5_r1_n8_E1_X3b_2,0,7459.5,860,0.0,16.04,1,2441.5,273,5.72,1
4120,b10_r3_n6_E1_X3c_1_3,0,7593.3,2599,0.0,15.33,1,2429.5,794,5.69,1
4124,b10_r3_n6_E1_X3c_1_5,0,7593.3,2599,0.0,15.33,1,2429.5,794,5.69,1
4096,b10_r3_n6_E1_X3b_1,0,7593.3,2599,0.0,15.33,1,2415.0,794,5.66,1
4544,b15_r1_n3_E2_X3c_1_5,0,7218.8,908,0.0,15.31,1,2409.0,294,5.65,1
1284,b5_r2_n6_E2_X3b_3,0,7351.7,2966,0.0,14.5,1,2376.2,988,5.57,1
4516,b15_r1_n3_E2_X3b_1,0,7164.2,899,0.0,15.02,1,2364.6,293,5.54,1
4540,b15_r1_n3_E2_X3c_1_3,0,7185.4,909,0.0,15.25,1,2365.1,295,5.54,1
1316,b5_r2_n6_E2_X3c_3_5,0,7118.2,3017,0.0,14.25,1,2237.9,999,5.24,1
564,b5_r1_n6_E2_X3b_3,0,7400.4,2454,0.0,14.79,1,2173.7,882,5.09,1
504,b5_r1_n6_E1_X3b_3,0,7309.0,2476,0.0,14.53,1,2149.5,889,5.04,1
6584,b20_r1_n2_E2_X3c_1_5,0,8492.5,1327,0.0,17.78,1,2141.0,457,5.02,1
6580,b20_r1_n2_E2_X3c_1_3,0,8343.5,1326,0.0,17.35,1,2140.8,455,5.02,1
596,b5_r1_n6_E2_X3c_3_5,0,7029.8,2491,0.0,14.17,1,2132.8,892,5.0,1
4480,b15_r1_n3_E1_X3c_1_3,0,6999.1,1154,0.0,14.62,1,2086.7,369,4.89,1
536,b5_r1_n6_E1_X3c_3_5,0,7017.9,2515,0.0,14.09,1,2075.9,899,4.86,1
4484,b15_r1_n3_E1_X3c_1_5,0,7161.8,1152,0.0,14.92,1,2065.8,368,4.84,1
476,b5_r1_n5_E2_X3c_3_5,0,6639.5,4933,0.0,12.52,1,1955.4,1860,4.58,1
4064,b10_r3_n5_E2_X3c_1_5,0,5452.8,2431,0.0,10.26,1,1939.3,698,4.54,1
4060,b10_r3_n5_E2_X3c_1_3,0,5450.1,2431,0.0,10.26,1,1939.3,698,4.54,1
4036,b10_r3_n5_E2_X3b_1,0,5450.1,2431,0.0,10.26,1,1939.3,698,4.54,1
4456,b15_r1_n3_E1_X3b_1,0,7159.5,1137,0.0,14.76,1,1908.0,366,4.47,1
416,b5_r1_n5_E1_X3c_3_5,0,6525.9,5002,0.0,12.26,1,1862.0,1885,4.36,1
6556,b20_r1_n2_E2_X3b_1,0,8075.2,1288,0.0,16.15,1,1854.4,447,4.35,1
444,b5_r1_n5_E2_X3b_3,0,6932.9,4736,0.0,12.91,1,1675.5,1786,3.93,1
384,b5_r1_n5_E1_X3b_3,0,6708.4,4793,0.0,12.46,1,1633.5,1811,3.83,1
2620,b10_r1_n5_E2_X3c_1_3,0,5424.8,428,0.0,11.41,1,1623.7,131,3.8,1
2624,b10_r1_n5_E2_X3c_1_5,0,5423.0,428,0.0,11.41,1,1623.7,131,3.8,1
2560,b10_r1_n5_E1_X3c_1_3,0,5274.4,449,0.0,11.06,1,1611.0,137,3.78,1
2596,b10_r1_n5_E2_X3b_1,0,5419.9,428,0.0,11.4,1,1614.5,131,3.78,1
2564,b10_r1_n5_E1_X3c_1_5,0,5241.5,449,0.0,10.99,1,1590.2,137,3.73,1
4180,b10_r3_n6_E2_X3c_1_3,0,5058.4,1543,0.0,9.7,1,1587.7,434,3.72,1
4156,b10_r3_n6_E2_X3b_1,0,5058.4,1543,0.0,9.7,1,1587.7,434,3.72,1
4184,b10_r3_n6_E2_X3c_1_5,0,5058.4,1543,0.0,9.7,1,1587.7,434,3.72,1
2536,b10_r1_n5_E1_X3b_1,0,5210.6,449,0.0,10.89,1,1581.0,137,3.7,1
3464,b10_r2_n6_E2_X3c_1_5,0,5185.0,474,0.0,10.73,1,1517.7,116,3.56,1
3436,b10_r2_n6_E2_X3b_1,0,5209.8,474,0.0,10.77,1,1517.7,116,3.56,1
3460,b10_r2_n6_E2_X3c_1_3,0,5185.0,474,0.0,10.73,1,1517.7,116,3.56,1
3400,b10_r2_n6_E1_X3c_1_3,0,5623.7,948,0.0,11.5,1,1505.5,257,3.53,1
3376,b10_r2_n6_E1_X3b_1,0,5648.5,948,0.0,11.54,1,1506.2,257,3.53,1
3404,b10_r2_n6_E1_X3c_1_5,0,5623.7,948,0.0,11.5,1,1505.5,257,3.53,1
8216,b20_r3_n4_E1_X3c_3_5,0,5422.7,837,0.003,5.27,1,75.3,302,0.18,1
916,b5_r2_n3_E2_X3b_1,0,77582.0,20000,0.0,177.79,1,0.0,0,0.0,0
940,b5_r2_n3_E2_X3c_1_3,0,77893.5,20000,0.0,178.71,1,0.0,0,0.0,0
224,b5_r1_n3_E2_X3c_1_5,0,66452.0,20000,0.0,152.3,1,0.0,0,0.0,0
944,b5_r2_n3_E2_X3c_1_5,0,78083.6,20000,0.0,179.2,1,0.0,0,0.0,0
1696,b5_r3_n4_E1_X3b_1,0,54752.0,20000,0.0,124.46,1,0.0,0,0.0,0
1724,b5_r3_n4_E1_X3c_1_5,0,55047.0,20000,0.0,125.11,1,0.0,0,0.0,0
1720,b5_r3_n4_E1_X3c_1_3,0,55069.4,20000,0.0,125.13,1,0.0,0,0.0,0
220,b5_r1_n3_E2_X3c_1_3,0,66371.5,20000,0.0,151.93,1,0.0,0,0.0,0
976,b5_r2_n4_E1_X3b_1,0,61316.9,20000,0.0,139.97,1,0.0,0,0.0,0
1000,b5_r2_n4_E1_X3c_1_3,0,61469.2,20000,0.0,140.24,1,0.0,0,0.0,0
196,b5_r1_n3_E2_X3b_1,0,65932.8,20000,0.0,150.87,1,0.0,0,0.0,0
1004,b5_r2_n4_E1_X3c_1_5,0,61561.6,20000,0.0,140.71,1,0.0,0,0.0,0
8184,b20_r3_n4_E1_X3b_3,0,5623.6,827,0.004,5.18,1,-135.0,300,-0.32,0
10351,b30_r3_n4_E1_X7_3_bf7,7,4815.0,149,0.013,3.22,1,-1382.4,56,-3.24,0
10231,b30_r3_n3_E1_X7_3_bf7,7,4886.8,167,0.022,2.58,1,-1752.1,68,-4.11,0
10111,b30_r3_n2_E1_X7_3_bf7,7,4886.8,167,0.022,2.58,1,-1752.1,68,-4.11,0
10468,b30_r3_n5_E1_X7_3,0,5960.6,193,0.006,4.77,1,-2075.0,82,-4.86,0
10104,b30_r3_n2_E1_X3b_3,0,4823.7,385,0.012,2.84,1,-2317.5,169,-5.43,0
10224,b30_r3_n3_E1_X3b_3,0,4823.7,385,0.012,2.84,1,-2317.5,169,-5.43,0
10350,b30_r3_n4_E1_X7_3_bf5,5,6063.0,184,0.003,4.68,1,-2729.3,73,-6.4,0
10108,b30_r3_n2_E1_X7_3,0,6260.7,234,0.004,5.38,1,-3147.7,108,-7.38,0
10228,b30_r3_n3_E1_X7_3,0,6260.7,234,0.004,5.38,1,-3147.7,108,-7.38,0
10110,b30_r3_n2_E1_X7_3_bf5,5,7446.2,196,0.0,7.43,1,-3948.2,88,-9.25,0
10230,b30_r3_n3_E1_X7_3_bf5,5,7446.2,196,0.0,7.43,1,-3948.2,88,-9.25,0
