ci,name,is_pnl,is_ntrd,oos_pnl,oos_ntrd,c0,c1,c2
26,b5_r1_n2_E2_X3c_1_5,11187.9,9548,4607.8,4175,1018.5,9239.7,929.7
25,b5_r1_n2_E2_X3c_1_3,11097.3,9499,4608.2,4169,994.8,9175.9,926.6
19,b5_r1_n2_E2_X3b_1,10839.2,9437,4382.6,4142,912.1,9042.3,884.8
56,b5_r1_n3_E2_X3c_1_5,10024.8,4378,4129.4,1943,1620.6,6913.8,1490.4
55,b5_r1_n3_E2_X3c_1_3,10010.6,4366,4113.9,1943,1593.5,6925.5,1491.6
49,b5_r1_n3_E2_X3b_1,9914.8,4352,4075.7,1939,1556.9,6888.2,1469.7
86,b5_r1_n4_E2_X3c_1_5,7493.5,2060,3193.4,921,1256.1,4849.3,1388.1
85,b5_r1_n4_E2_X3c_1_3,7478.9,2058,3195.8,922,1242.4,4848.4,1388.1
79,b5_r1_n4_E2_X3b_1,7468.9,2052,3198.3,921,1242.4,4836.7,1389.8
109,b5_r1_n5_E2_X3b_1,5438.7,1015,2198.0,440,828.3,3346.1,1264.3
115,b5_r1_n5_E2_X3c_1_3,5429.8,1015,2193.1,440,828.3,3351.2,1250.3
116,b5_r1_n5_E2_X3c_1_5,5429.8,1015,2193.1,440,828.3,3351.2,1250.3
71,b5_r1_n4_E1_X3c_1_5,5045.7,3861,2336.6,1716,406.4,3781.8,857.5
70,b5_r1_n4_E1_X3c_1_3,4996.5,3858,2341.0,1717,381.6,3788.2,826.7
64,b5_r1_n4_E1_X3b_1,4853.5,3846,2326.6,1715,301.1,3738.4,814.0
100,b5_r1_n5_E1_X3c_1_3,4698.5,1628,2077.9,704,562.7,3113.6,1022.2
101,b5_r1_n5_E1_X3c_1_5,4684.1,1628,2077.9,704,562.7,3099.2,1022.2
94,b5_r1_n5_E1_X3b_1,4581.2,1623,2065.9,703,514.2,3076.1,990.9
281,b5_r2_n5_E1_X3c_1_5,4406.8,4338,1036.2,1876,149.5,3745.8,511.5
274,b5_r2_n5_E1_X3b_1,4390.3,4336,1052.1,1876,149.5,3737.3,503.5
280,b5_r2_n5_E1_X3c_1_3,4383.1,4336,1041.6,1876,149.5,3730.1,503.5
296,b5_r2_n5_E2_X3c_1_5,4066.2,2554,1452.3,1136,240.7,2977.7,847.8
295,b5_r2_n5_E2_X3c_1_3,4047.6,2553,1452.3,1136,240.7,2959.1,847.8
311,b5_r2_n6_E1_X3c_1_5,4039.0,2632,1229.6,1205,191.1,3128.2,719.7
304,b5_r2_n6_E1_X3b_1,4022.5,2630,1234.9,1205,191.1,3119.7,711.7
310,b5_r2_n6_E1_X3c_1_3,4015.3,2630,1235.0,1205,191.1,3112.5,711.7
289,b5_r2_n5_E2_X3b_1,3997.1,2552,1452.3,1136,240.7,2946.2,810.2
326,b5_r2_n6_E2_X3c_1_5,3968.2,1581,1436.5,743,321.5,2677.0,969.7
325,b5_r2_n6_E2_X3c_1_3,3949.6,1580,1436.5,743,321.5,2658.4,969.7
146,b5_r1_n6_E2_X3c_1_5,3903.8,527,1536.0,222,598.4,2279.2,1026.2
139,b5_r1_n6_E2_X3b_1,3903.8,527,1540.9,222,598.4,2279.2,1026.2
145,b5_r1_n6_E2_X3c_1_3,3903.8,527,1536.0,222,598.4,2279.2,1026.2
319,b5_r2_n6_E2_X3b_1,3899.1,1579,1436.5,743,321.5,2645.5,932.1
130,b5_r1_n6_E1_X3c_1_3,3589.0,753,1499.7,322,448.9,2211.9,928.2
131,b5_r1_n6_E1_X3c_1_5,3581.8,753,1499.7,322,448.9,2204.7,928.2
124,b5_r1_n6_E1_X3b_1,3549.1,751,1504.6,322,448.9,2195.3,904.9
932,b10_r3_n3_E1_X1_8,3126.9,557,-1150.5,272,171.7,1633.7,1321.5
902,b10_r3_n2_E1_X1_8,3126.9,557,-1150.5,272,171.7,1633.7,1321.5
962,b10_r3_n4_E1_X1_8,2841.0,535,-486.7,262,139.5,1542.0,1159.5
484,b5_r3_n6_E1_X3b_1,2778.4,3268,882.3,1432,12.2,2125.1,641.1
520,b5_r3_n8_E1_X3c_1_3,2657.1,1699,830.8,763,173.3,1864.1,619.7
521,b5_r3_n8_E1_X3c_1_5,2657.1,1699,830.8,763,173.3,1864.1,619.7
514,b5_r3_n8_E1_X3b_1,2563.4,1697,830.8,763,173.3,1808.0,582.1
2603,b30_r3_n4_E2_X7_5,2481.2,30,-593.7,20,680.2,1300.2,500.8
110,b5_r1_n5_E2_X3b_2,2306.7,991,943.0,432,217.1,1383.4,706.2
356,b5_r2_n8_E2_X3c_1_5,2274.7,598,1131.8,305,327.8,1186.2,760.7
355,b5_r2_n8_E2_X3c_1_3,2274.7,598,1131.8,305,327.8,1186.2,760.7
349,b5_r2_n8_E2_X3b_1,2237.1,597,1131.8,305,327.8,1186.2,723.1
117,b5_r1_n5_E2_X3c_2_3,2236.2,997,888.0,433,162.5,1399.5,674.2
334,b5_r2_n8_E1_X3b_1,2192.1,939,952.6,465,233.4,1411.5,547.2
340,b5_r2_n8_E1_X3c_1_3,2192.1,939,952.7,465,233.4,1411.5,547.2
118,b5_r1_n5_E2_X3c_2_5,2190.8,996,925.9,433,138.2,1410.2,642.4
341,b5_r2_n8_E1_X3c_1_5,2186.8,939,947.3,465,233.4,1406.2,547.2
140,b5_r1_n6_E2_X3b_2,2089.5,520,878.2,220,269.1,1220.4,600.0
148,b5_r1_n6_E2_X3c_2_5,1987.5,520,866.0,220,245.6,1174.6,567.3
147,b5_r1_n6_E2_X3c_2_3,1972.2,520,863.3,220,262.2,1140.0,570.0
2222,b30_r1_n4_E1_X1_8,1943.2,61,-293.4,32,1059.8,546.8,336.6
176,b5_r1_n8_E2_X3c_1_5,1933.7,170,913.7,77,331.3,916.7,685.7
175,b5_r1_n8_E2_X3c_1_3,1933.7,170,913.7,77,331.3,916.7,685.7
169,b5_r1_n8_E2_X3b_1,1933.7,170,913.7,77,331.3,916.7,685.7
160,b5_r1_n8_E1_X3c_1_3,1871.3,198,907.6,93,314.6,900.3,656.4
154,b5_r1_n8_E1_X3b_1,1871.3,198,907.6,93,314.6,900.3,656.4
161,b5_r1_n8_E1_X3c_1_5,1871.3,198,907.6,93,314.6,900.3,656.4
2252,b30_r1_n5_E1_X1_8,1844.7,47,-395.8,21,222.7,1402.3,219.7
2192,b30_r1_n3_E1_X1_8,1803.8,74,654.7,36,1177.3,51.1,575.4
967,b10_r3_n4_E1_X7_3,1773.6,438,-791.9,214,329.2,283.9,1160.5
1022,b10_r3_n6_E1_X1_8,1728.7,484,-172.3,217,405.4,745.1,578.2
1141,b15_r1_n4_E1_X1_5,1710.4,412,-270.2,178,1101.7,390.7,218.0
125,b5_r1_n6_E1_X3b_2,1654.4,737,907.2,316,26.1,1078.3,550.0
535,b5_r3_n8_E2_X3c_1_3,1645.8,1200,889.1,541,12.0,1076.0,557.8
536,b5_r3_n8_E2_X3c_1_5,1645.8,1200,889.1,541,12.0,1076.0,557.8
1146,b15_r1_n4_E1_X3b_3,1612.9,416,-527.5,195,265.0,1151.4,196.5
969,b10_r3_n4_E1_X7_8,1611.5,389,-1181.3,204,174.6,568.1,868.8
529,b5_r3_n8_E2_X3b_1,1608.2,1199,889.1,541,12.0,1076.0,520.2
1059,b10_r3_n8_E1_X7_8,1587.4,261,-1386.6,128,480.5,787.5,319.4
596,b10_r1_n3_E2_X3c_1_5,1584.4,1086,697.7,531,8.4,908.3,667.7
1655,b20_r1_n3_E1_X3b_2,1536.7,466,-1669.3,231,1136.2,316.3,84.2
80,b5_r1_n4_E2_X3b_2,1534.1,1981,896.4,889,9.8,1143.3,381.0
589,b10_r1_n3_E2_X3b_1,1502.8,1080,622.3,530,8.4,905.5,588.9
595,b10_r1_n3_E2_X3c_1_3,1502.8,1080,676.3,531,8.4,905.5,588.9
133,b5_r1_n6_E1_X3c_2_5,1500.4,740,944.6,316,26.0,1027.0,447.4
132,b5_r1_n6_E1_X3c_2_3,1482.5,740,911.6,317,25.8,1006.6,450.1
95,b5_r1_n5_E1_X3b_2,1480.9,1565,749.5,683,11.5,971.9,497.5
744,b10_r2_n2_E2_X7_8,1453.9,711,-2150.2,366,85.0,670.7,698.2
1052,b10_r3_n8_E1_X1_8,1433.9,358,-616.2,150,757.1,416.9,259.9
722,b10_r2_n2_E1_X1_8,1429.6,661,-1998.0,307,546.0,347.8,535.8
2168,b30_r1_n2_E1_X7_5,1324.6,258,14.5,130,0.3,247.3,1077.0
2174,b30_r1_n2_E1_X3c_3_5,1324.5,267,19.7,135,49.4,181.7,1093.4
141,b5_r1_n6_E2_X3b_3,1288.6,504,99.9,211,163.8,694.8,430.0
626,b10_r1_n4_E2_X3c_1_5,1271.3,499,764.3,257,172.0,686.4,412.9
170,b5_r1_n8_E2_X3b_2,1242.5,168,546.1,76,206.5,561.7,474.3
177,b5_r1_n8_E2_X3c_2_3,1235.7,168,553.4,76,215.1,561.7,458.9
178,b5_r1_n8_E2_X3c_2_5,1227.1,168,546.1,76,206.5,561.7,458.9
619,b10_r1_n4_E2_X3b_1,1199.2,497,764.3,257,172.0,686.4,340.8
625,b10_r1_n4_E2_X3c_1_3,1199.2,497,764.3,257,172.0,686.4,340.8
1074,b10_r3_n8_E2_X7_8,1197.1,199,-1082.8,89,725.3,103.4,368.4
1742,b20_r1_n6_E1_X1_8,1191.1,59,-442.0,23,142.4,433.5,615.2
1656,b20_r1_n3_E1_X3b_3,1181.2,374,-1056.0,176,188.3,519.8,473.1
1663,b20_r1_n3_E1_X3c_2_5,1114.9,484,-1675.6,235,926.7,80.8,107.4
155,b5_r1_n8_E1_X3b_2,1114.2,196,514.8,92,175.2,555.0,384.0
162,b5_r1_n8_E1_X3c_2_3,1113.5,196,532.2,92,193.9,534.5,385.1
2483,b30_r2_n6_E2_X7_5,1078.1,31,260.5,13,157.5,836.2,84.4
163,b5_r1_n8_E1_X3c_2_5,1068.3,196,502.9,92,183.1,530.1,355.1
983,b10_r3_n4_E2_X7_5,1049.1,334,-552.9,167,202.9,169.6,676.6
1202,b15_r1_n6_E1_X1_8,1048.3,94,-989.7,51,573.1,460.3,14.9
656,b10_r1_n5_E2_X3c_1_5,1016.6,245,475.6,119,111.5,486.8,418.3
649,b10_r1_n5_E2_X3b_1,973.7,244,475.6,119,111.5,486.8,375.4
655,b10_r1_n5_E2_X3c_1_3,973.7,244,475.6,119,111.5,486.8,375.4
909,b10_r3_n2_E1_X7_8,964.5,393,-870.2,210,174.6,152.8,637.1
939,b10_r3_n3_E1_X7_8,964.5,393,-870.2,210,174.6,152.8,637.1
2229,b30_r1_n4_E1_X7_8,956.9,100,325.3,54,19.5,220.8,716.6
1081,b15_r1_n2_E1_X1_5,938.8,632,-607.3,288,260.6,56.8,621.4
149,b5_r1_n6_E2_X3c_3_5,929.3,508,246.5,211,85.5,576.1,267.7
2477,b30_r2_n6_E2_X1_8,909.4,34,700.4,12,226.5,574.8,108.1
752,b10_r2_n3_E1_X1_8,892.0,651,-2105.9,298,69.5,494.9,327.6
2047,b20_r3_n4_E1_X7_3,857.4,113,-801.6,55,106.9,534.3,216.2
2544,b30_r3_n2_E2_X7_8,841.8,38,-154.1,22,359.5,421.3,61.0
2574,b30_r3_n3_E2_X7_8,841.8,38,-154.1,22,359.5,421.3,61.0
2062,b20_r3_n4_E2_X7_3,835.6,93,-333.0,42,31.6,649.1,154.9
2453,b30_r2_n5_E2_X7_5,815.5,44,918.6,20,237.0,466.6,111.9
982,b10_r3_n4_E2_X7_3,764.8,353,-340.1,167,349.9,1.3,413.6
171,b5_r1_n8_E2_X3b_3,722.6,165,267.7,75,76.2,318.1,328.3
2107,b20_r3_n6_E1_X7_3,687.2,89,139.1,43,44.3,78.1,564.8
1741,b20_r1_n6_E1_X1_5,649.1,70,-265.0,25,38.4,499.6,111.1
156,b5_r1_n8_E1_X3b_3,644.7,191,211.0,91,19.8,321.6,303.3
179,b5_r1_n8_E2_X3c_3_5,634.3,166,329.0,75,76.2,261.3,296.8
2362,b30_r2_n2_E2_X7_3,620.2,87,394.0,41,93.9,500.2,26.1
679,b10_r1_n6_E2_X3b_1,615.4,103,390.5,58,81.5,267.0,266.9
686,b10_r1_n6_E2_X3c_1_5,615.4,103,390.5,58,81.5,267.0,266.9
685,b10_r1_n6_E2_X3c_1_3,615.4,103,390.5,58,81.5,267.0,266.9
2019,b20_r3_n3_E1_X7_8,593.2,97,-1546.4,53,172.0,301.9,119.3
1989,b20_r3_n2_E1_X7_8,593.2,97,-1546.4,53,172.0,301.9,119.3
2064,b20_r3_n4_E2_X7_8,564.6,82,-646.3,40,155.9,222.3,186.4
2452,b30_r2_n5_E2_X7_3,556.1,44,921.5,20,352.3,199.0,4.8
1159,b15_r1_n4_E2_X3b_1,518.6,244,8.5,135,36.6,151.6,330.4
1166,b15_r1_n4_E2_X3c_1_5,518.6,244,24.8,135,36.6,151.6,330.4
1165,b15_r1_n4_E2_X3c_1_3,518.6,244,24.8,135,36.6,151.6,330.4
2454,b30_r2_n5_E2_X7_8,511.8,44,510.8,20,189.9,298.2,23.7
164,b5_r1_n8_E1_X3c_3_5,488.8,193,279.3,91,40.0,259.6,189.2
1266,b15_r2_n2_E1_X3b_3,465.3,617,-1621.7,308,44.8,260.1,160.4
1274,b15_r2_n2_E1_X3c_3_5,453.5,636,-1458.8,322,70.1,297.3,86.1
2049,b20_r3_n4_E1_X7_8,449.5,96,-1399.7,51,172.0,158.2,119.3
1214,b15_r1_n6_E1_X3c_3_5,433.0,102,-889.5,61,291.0,141.0,1.0
2625,b30_r3_n5_E2_X1_3,423.5,71,-475.4,32,67.7,201.7,154.1
1411,b15_r2_n8_E1_X1_5,392.5,123,-53.1,50,14.2,113.5,264.8
1705,b20_r1_n4_E2_X3c_1_3,251.2,142,-183.0,54,51.5,190.7,9.0
1706,b20_r1_n4_E2_X3c_1_5,251.2,142,-183.0,54,51.5,190.7,9.0
1699,b20_r1_n4_E2_X3b_1,251.2,142,-183.0,54,51.5,190.7,9.0
2655,b30_r3_n6_E2_X1_3,243.5,52,-335.2,20,67.8,163.6,12.1
687,b10_r1_n6_E2_X3c_2_3,229.2,102,225.4,58,63.6,4.2,161.4
2234,b30_r1_n4_E1_X3c_3_5,218.4,107,574.1,56,7.2,67.2,144.0
702,b10_r1_n8_E1_X3c_2_3,121.5,44,191.6,33,70.9,1.9,48.7
1225,b15_r1_n6_E2_X3c_1_3,113.7,45,-31.0,32,86.2,17.9,9.6
1226,b15_r1_n6_E2_X3c_1_5,113.7,45,-31.0,32,86.2,17.9,9.6
1219,b15_r1_n6_E2_X3b_1,113.7,45,-31.0,32,86.2,17.9,9.6
