ci,name,is_pnl,is_ntrd,mc_pval,bootstrap_p5,passed_mc,oos_pnl,oos_ntrd
79,b5_r1_n4_E2_X3b_1,2725.2,1275,0.0,5.12,1,432.4,456
86,b5_r1_n4_E2_X3c_1_5,2676.4,1279,0.0,5.0,1,432.4,456
85,b5_r1_n4_E2_X3c_1_3,2653.7,1277,0.0,4.94,1,432.4,456
2372,b30_r2_n3_E1_X1_8,2539.1,56,0.04,0.89,1,338.3,15
109,b5_r1_n5_E2_X3b_1,2325.0,601,0.0,4.41,1,448.4,232
116,b5_r1_n5_E2_X3c_1_5,2275.0,602,0.0,4.37,1,448.4,232
115,b5_r1_n5_E2_X3c_1_3,2275.0,602,0.0,4.37,1,448.4,232
2342,b30_r2_n2_E1_X1_8,2178.4,56,0.066,0.04,0,338.1,15
139,b5_r1_n6_E2_X3b_1,1982.8,328,0.0,3.73,1,371.2,123
145,b5_r1_n6_E2_X3c_1_3,1932.8,329,0.0,3.68,1,371.2,123
146,b5_r1_n6_E2_X3c_1_5,1932.8,329,0.0,3.68,1,371.2,123
2582,b30_r3_n4_E1_X1_8,1846.6,44,0.082,0.1,0,100.0,14
2522,b30_r3_n2_E1_X1_8,1725.5,45,0.106,-1.01,0,100.0,14
2552,b30_r3_n3_E1_X1_8,1725.5,45,0.106,-1.01,0,100.0,14
124,b5_r1_n6_E1_X3b_1,1486.4,616,0.0,2.47,1,273.9,237
131,b5_r1_n6_E1_X3c_1_5,1440.0,617,0.0,2.37,1,273.9,237
130,b5_r1_n6_E1_X3c_1_3,1440.0,617,0.0,2.37,1,273.9,237
1614,b15_r3_n8_E2_X7_8,1385.2,70,0.087,-0.51,0,-241.2,25
1146,b15_r1_n4_E1_X3b_3,1309.4,297,0.067,-0.39,0,78.8,92
1899,b20_r2_n5_E1_X7_8,1270.5,115,0.128,-1.07,0,371.6,37
169,b5_r1_n8_E2_X3b_1,1191.0,108,0.0,2.18,1,249.7,33
175,b5_r1_n8_E2_X3c_1_3,1189.6,108,0.0,2.18,1,249.7,33
176,b5_r1_n8_E2_X3c_1_5,1189.6,108,0.0,2.18,1,249.7,33
1599,b15_r3_n8_E1_X7_8,1157.8,88,0.155,-1.35,0,-351.3,28
148,b5_r1_n6_E2_X3c_2_5,1126.0,324,0.0,1.78,1,228.7,120
147,b5_r1_n6_E2_X3c_2_3,1122.0,325,0.0,1.72,1,168.4,120
154,b5_r1_n8_E1_X3b_1,1114.6,168,0.0,1.93,1,238.8,59
161,b5_r1_n8_E1_X3c_1_5,1113.2,168,0.0,1.93,1,238.8,59
160,b5_r1_n8_E1_X3c_1_3,1113.2,168,0.0,1.93,1,238.8,59
1417,b15_r2_n8_E1_X7_3,1107.2,78,0.057,0.02,0,331.5,25
140,b5_r1_n6_E2_X3b_2,1094.5,323,0.0,1.61,1,240.5,120
1598,b15_r3_n8_E1_X7_5,1073.3,87,0.164,-1.22,0,65.0,26
2228,b30_r1_n4_E1_X7_5,964.7,79,0.098,-0.43,0,-93.2,25
812,b10_r2_n5_E1_X1_8,950.6,414,0.201,-2.26,0,-421.3,140
1156,b15_r1_n4_E2_X1_5,938.3,165,0.131,-0.64,0,-743.5,47
1695,b20_r1_n4_E2_X1_3,913.2,105,0.042,0.26,1,-38.4,27
1606,b15_r3_n8_E2_X1_5,903.9,104,0.082,-0.13,0,-20.3,34
841,b10_r2_n6_E1_X1_5,902.3,479,0.152,-1.31,0,-196.6,145
811,b10_r2_n5_E1_X1_5,865.5,629,0.198,-1.58,0,-665.0,205
1951,b20_r2_n8_E1_X1_5,833.3,46,0.078,0.03,0,-187.5,16
1328,b15_r2_n4_E1_X7_5,819.5,237,0.225,-1.97,0,538.8,78
1141,b15_r1_n4_E1_X1_5,812.5,309,0.214,-2.04,0,-81.7,97
177,b5_r1_n8_E2_X3c_2_3,800.4,107,0.0,1.3,1,188.1,33
178,b5_r1_n8_E2_X3c_2_5,790.8,107,0.0,1.26,1,182.1,33
1613,b15_r3_n8_E2_X7_5,788.8,72,0.212,-1.8,0,107.8,23
117,b5_r1_n5_E2_X3c_2_3,769.6,593,0.002,0.68,1,159.7,222
170,b5_r1_n8_E2_X3b_2,759.8,107,0.0,1.19,1,179.9,33
118,b5_r1_n5_E2_X3c_2_5,754.6,591,0.003,0.66,1,223.5,222
110,b5_r1_n5_E2_X3b_2,752.8,589,0.005,0.62,1,217.1,222
355,b5_r2_n8_E2_X3c_1_3,750.5,491,0.001,0.86,1,197.6,176
356,b5_r2_n8_E2_X3c_1_5,750.5,491,0.001,0.86,1,197.6,176
1597,b15_r3_n8_E1_X7_3,742.3,89,0.252,-1.94,0,166.5,29
141,b5_r1_n6_E2_X3b_3,731.0,314,0.008,0.6,1,-6.3,114
1920,b20_r2_n6_E1_X1_3,714.1,143,0.134,-0.52,0,-182.4,40
349,b5_r2_n8_E2_X3b_1,712.5,490,0.002,0.77,1,197.6,176
1164,b15_r1_n4_E2_X7_8,703.8,167,0.117,-0.54,0,-131.3,50
886,b10_r2_n8_E2_X1_5,703.3,139,0.077,-0.1,0,-206.3,34
1897,b20_r2_n5_E1_X7_3,687.6,116,0.232,-2.11,0,429.5,37
1950,b20_r2_n8_E1_X1_3,683.1,46,0.028,0.2,1,33.6,16
1411,b15_r2_n8_E1_X1_5,657.6,94,0.142,-0.71,0,-268.4,29
179,b5_r1_n8_E2_X3c_3_5,647.6,105,0.0,0.92,1,145.9,32
149,b5_r1_n6_E2_X3c_3_5,626.2,318,0.009,0.47,1,66.3,116
162,b5_r1_n8_E1_X3c_2_3,624.6,166,0.0,0.81,1,203.7,57
171,b5_r1_n8_E2_X3b_3,624.2,105,0.0,0.85,1,111.7,32
1748,b20_r1_n6_E1_X7_5,619.3,50,0.132,-0.52,0,120.5,16
2233,b30_r1_n4_E1_X3c_2_5,597.4,85,0.165,-0.81,0,588.2,27
1716,b20_r1_n5_E1_X3b_3,570.0,89,0.208,-1.03,0,-153.9,26
1686,b20_r1_n4_E1_X3b_3,563.3,183,0.28,-2.02,0,-181.4,50
2596,b30_r3_n4_E2_X1_5,552.2,54,0.278,-2.08,0,355.7,17
1754,b20_r1_n6_E1_X3c_3_5,546.6,51,0.15,-0.52,0,123.7,16
1410,b15_r2_n8_E1_X1_3,542.8,94,0.073,-0.15,0,-275.8,30
834,b10_r2_n5_E2_X7_8,539.5,346,0.271,-2.36,0,-1397.3,116
111,b5_r1_n5_E2_X3b_3,539.0,564,0.074,-0.19,0,-13.9,210
1176,b15_r1_n5_E1_X3b_3,532.7,180,0.245,-1.37,0,58.2,52
1419,b15_r2_n8_E1_X7_8,481.5,77,0.225,-1.44,0,44.4,24
595,b10_r1_n3_E2_X3c_1_3,474.3,853,0.139,-0.51,0,-140.1,316
596,b10_r1_n3_E2_X3c_1_5,474.3,853,0.139,-0.51,0,-140.1,316
1685,b20_r1_n4_E1_X3b_2,467.9,210,0.273,-1.61,0,-402.7,57
1724,b20_r1_n5_E1_X3c_3_5,454.3,94,0.242,-1.25,0,-68.2,26
1267,b15_r2_n2_E1_X7_3,453.7,310,0.364,-3.01,0,557.9,88
1575,b15_r3_n6_E2_X1_3,425.8,175,0.201,-0.85,0,449.3,64
1747,b20_r1_n6_E1_X7_3,421.9,51,0.156,-0.63,0,205.9,16
1515,b15_r3_n4_E2_X1_3,412.9,314,0.251,-1.63,0,231.2,97
1282,b15_r2_n2_E2_X7_3,407.4,257,0.352,-3.18,0,-95.6,78
688,b10_r1_n6_E2_X3c_2_5,405.6,91,0.072,-0.05,0,70.9,32
2040,b20_r3_n4_E1_X1_3,397.0,240,0.308,-2.11,0,-104.0,72
687,b10_r1_n6_E2_X3c_2_3,386.5,91,0.055,-0.04,0,94.8,32
680,b10_r1_n6_E2_X3b_2,381.2,91,0.084,-0.1,0,70.9,32
1965,b20_r2_n8_E2_X1_3,367.4,32,0.113,-0.31,0,-74.2,9
826,b10_r2_n5_E2_X1_5,359.6,425,0.329,-2.17,0,-179.1,124
1268,b15_r2_n2_E1_X7_5,354.3,282,0.376,-3.32,0,-686.6,91
666,b10_r1_n6_E1_X3b_3,352.9,201,0.269,-1.13,0,-51.9,55
2232,b30_r1_n4_E1_X3c_2_3,310.6,87,0.283,-1.3,0,491.3,29
1186,b15_r1_n5_E2_X1_5,304.7,86,0.289,-1.27,0,-653.7,27
1980,b20_r3_n2_E1_X1_3,302.1,295,0.346,-2.58,0,-176.6,93
2010,b20_r3_n3_E1_X1_3,302.1,295,0.346,-2.58,0,-176.6,93
1717,b20_r1_n5_E1_X7_3,293.7,99,0.286,-1.2,0,-88.6,26
1500,b15_r3_n4_E1_X1_3,221.4,397,0.38,-2.31,0,208.6,119
1726,b20_r1_n5_E2_X1_5,203.8,46,0.356,-1.77,0,61.3,12
2227,b30_r1_n4_E1_X7_3,170.2,84,0.424,-2.07,0,-246.3,27
683,b10_r1_n6_E2_X7_5,170.1,90,0.33,-0.92,0,-24.3,30
2231,b30_r1_n4_E1_X3c_1_5,88.0,104,0.431,-1.08,0,112.0,32
2224,b30_r1_n4_E1_X3b_1,88.0,104,0.431,-1.08,0,112.0,32
2230,b30_r1_n4_E1_X3c_1_3,88.0,104,0.431,-1.08,0,112.0,32
