pair,zw,zw_atr,tgt,tgt_zw,spread_atr,src,ppd,is_wf,oos_wf,p5,prob,l1,l2,l3,l4,l5,tr_pct,esc_pct,ml_pct
GBP_USD,5.0,1.27,5.0,0.3,0.483,ATR,-7.492225574113539e+18,0,0,,,50.9,16.7,8.6,11.5,12.29,32.1,66.5,1.3
GBP_USD,5.0,1.27,5.0,0.5,0.483,ATR,-7.492225574113539e+18,0,0,,,50.9,16.7,8.6,11.5,12.29,32.1,66.5,1.3
GBP_USD,5.0,1.27,5.0,0.75,0.483,ATR,-7.492225574113539e+18,0,0,,,50.9,16.7,8.6,11.5,12.29,32.1,66.5,1.3
GBP_USD,5.0,1.27,5.0,1.0,0.483,ATR,-7.492225574113539e+18,0,0,,,50.9,16.7,8.6,11.5,12.29,32.1,66.5,1.3
GBP_USD,5.0,1.27,10.0,1.5,0.483,ATR,-4.473556481281861e+18,0,0,,,46.5,10.1,6.9,12.2,24.33,46.5,48.0,5.4
GBP_USD,5.0,1.27,10.0,2.0,0.483,ATR,-4.473556481281861e+18,0,0,,,46.5,10.1,6.9,12.2,24.33,46.5,48.0,5.4
GBP_USD,10.0,2.54,5.0,0.3,0.483,ATR,-3.571675252968688e+18,0,0,,,66.0,19.6,6.5,4.2,3.69,42.9,56.6,0.5
GBP_USD,10.0,2.54,5.0,0.5,0.483,ATR,-3.571675252968688e+18,0,0,,,66.0,19.6,6.5,4.2,3.69,42.9,56.6,0.5
GBP_USD,10.0,2.54,10.0,0.75,0.483,ATR,-5.45044990117462e+18,1,0,,,63.3,15.6,8.3,5.0,7.77,63.3,35.7,1.0
GBP_USD,10.0,2.54,10.0,1.0,0.483,ATR,-5.45044990117462e+18,1,0,,,63.3,15.6,8.3,5.0,7.77,63.3,35.7,1.0
GBP_USD,10.0,2.54,15.0,1.5,0.483,ATR,7.211323159727272e+17,1,2,,,63.5,12.1,6.6,5.8,11.96,63.5,35.1,1.5
GBP_USD,10.0,2.54,20.0,2.0,0.483,ATR,-2454740441157.8,2,0,,,62.7,9.1,6.6,4.8,16.78,62.7,34.3,3.1
GBP_USD,15.0,3.82,5.0,0.3,0.483,pip,-5.18766621337879e+18,0,0,,,74.2,17.5,4.7,1.9,1.71,47.3,52.2,0.4
GBP_USD,15.0,3.82,10.0,0.5,0.483,pip,-2.289719933847102e+18,1,1,,,69.7,16.0,7.0,3.5,3.76,69.7,29.9,0.4
GBP_USD,15.0,3.82,10.0,0.75,0.483,pip,-2.289719933847102e+18,1,1,,,69.7,16.0,7.0,3.5,3.76,69.7,29.9,0.4
GBP_USD,15.0,3.82,15.0,1.0,0.483,pip,2.4516038648084192e+17,1,2,,,71.1,11.8,7.1,4.3,5.8,71.1,28.4,0.5
GBP_USD,15.0,3.82,20.0,1.5,0.483,pip,1094978831464.2,2,3,,,72.0,9.8,6.3,4.6,7.35,72.0,27.5,0.5
GBP_USD,15.0,3.82,30.0,2.0,0.483,pip,-2725.3,0,0,,,74.6,7.2,5.7,4.2,8.32,74.6,23.6,1.8
GBP_USD,20.0,5.09,5.0,0.3,0.483,ATR,-1.5303345799505298e+18,1,0,,,79.5,14.8,3.6,1.0,1.16,51.4,48.3,0.3
GBP_USD,20.0,5.09,10.0,0.5,0.483,ATR,9.67230975691828e+17,1,1,,,76.3,13.6,5.6,1.8,2.68,76.3,23.2,0.5
GBP_USD,20.0,5.09,15.0,0.75,0.483,ATR,1.3032000185441423e+18,2,3,,,77.5,11.1,5.6,3.0,2.85,77.5,22.4,0.1
GBP_USD,20.0,5.09,20.0,1.0,0.483,ATR,167745862146.7,3,2,,,77.7,10.2,5.1,2.5,4.57,77.7,22.1,0.2
GBP_USD,20.0,5.09,30.0,1.5,0.483,ATR,-1142.6,1,1,,,77.3,7.6,5.0,3.6,6.53,77.3,21.9,0.8
GBP_USD,20.0,5.09,40.0,2.0,0.483,ATR,-918.4,3,0,,,77.3,6.0,3.3,4.2,9.15,77.3,20.2,2.5
GBP_USD,25.0,6.36,10.0,0.3,0.483,pip,-9.005223804350851e+16,1,1,,,79.2,13.1,3.8,1.6,2.43,79.2,20.5,0.3
GBP_USD,25.0,6.36,10.0,0.5,0.483,pip,-9.005223804350851e+16,1,1,,,79.2,13.1,3.8,1.6,2.43,79.2,20.5,0.3
GBP_USD,25.0,6.36,20.0,0.75,0.483,pip,-87116610744.4,3,2,,,81.6,9.3,4.2,2.0,2.97,81.5,18.4,0.1
GBP_USD,25.0,6.36,25.0,1.0,0.483,pip,3691.1,2,3,,,80.7,7.5,5.0,3.3,3.51,80.7,19.3,0.0
GBP_USD,25.0,6.36,40.0,1.5,0.483,pip,-348.4,1,0,,,81.9,4.5,3.9,3.2,6.36,81.9,17.0,1.0
GBP_USD,25.0,6.36,50.0,2.0,0.483,pip,-154.4,0,0,,,78.7,4.7,4.1,3.7,8.81,78.7,19.2,2.2
GBP_USD,30.0,7.63,10.0,0.3,0.483,ATR,-3.1692381274407685e+18,0,1,,,82.9,11.3,3.1,0.6,1.99,82.9,16.7,0.4
GBP_USD,30.0,7.63,15.0,0.5,0.483,ATR,-9.27829522152209e+17,2,2,,,83.8,9.3,3.7,1.8,1.4,83.8,16.1,0.1
GBP_USD,30.0,7.63,20.0,0.75,0.483,ATR,722034510758.6,3,3,46674282100.5,1.0,84.5,7.2,3.4,2.4,2.48,84.5,15.5,0.0
GBP_USD,30.0,7.63,30.0,1.0,0.483,ATR,-1151.5,0,2,,,82.3,7.1,3.8,3.1,3.76,82.3,17.6,0.1
GBP_USD,30.0,7.63,45.0,1.5,0.483,ATR,244.4,1,3,,,84.1,5.0,4.0,2.1,4.72,84.1,15.5,0.4
GBP_USD,30.0,7.63,60.0,2.0,0.483,ATR,-165.8,2,0,,,82.2,3.0,5.4,2.4,7.1,82.2,16.8,1.1
GBP_USD,35.0,8.91,10.0,0.3,0.483,pip,2.11545079819724e+17,2,2,,,85.6,9.2,3.0,1.0,1.26,85.6,14.2,0.2
GBP_USD,35.0,8.91,20.0,0.5,0.483,pip,106573724770.8,3,3,9003860363.2,1.0,85.7,7.4,3.2,2.0,1.66,85.7,14.3,0.0
GBP_USD,35.0,8.91,25.0,0.75,0.483,pip,1987.5,3,3,632.4,1.0,85.7,7.8,2.2,2.1,2.26,85.7,14.3,0.0
GBP_USD,35.0,8.91,35.0,1.0,0.483,pip,-144.9,2,3,,,85.7,4.8,3.5,2.6,3.36,85.7,14.0,0.2
GBP_USD,35.0,8.91,50.0,1.5,0.483,pip,139.4,1,2,,,85.3,2.9,2.9,2.3,6.67,85.3,14.3,0.4
GBP_USD,35.0,8.91,70.0,2.0,0.483,pip,-304.9,1,1,,,85.9,2.5,2.2,1.7,7.69,85.9,11.7,2.5
GBP_USD,40.0,10.18,10.0,0.3,0.483,ATR,5.5751023950562086e+17,2,2,,,86.5,9.3,2.5,0.6,1.07,86.5,13.2,0.3
GBP_USD,40.0,10.18,20.0,0.5,0.483,ATR,57128532869.4,3,3,-899247583.9,0.944,86.4,7.7,3.3,1.5,1.13,86.4,13.5,0.1
GBP_USD,40.0,10.18,30.0,0.75,0.483,ATR,731.9,1,3,,,85.8,5.7,3.7,2.3,2.52,85.8,14.2,0.0
GBP_USD,40.0,10.18,40.0,1.0,0.483,ATR,347.4,1,3,,,86.8,3.8,2.6,2.9,3.93,86.8,13.2,0.0
GBP_USD,40.0,10.18,60.0,1.5,0.483,ATR,-125.7,3,1,,,86.1,3.0,3.0,2.5,5.31,86.1,13.2,0.7
GBP_USD,40.0,10.18,80.0,2.0,0.483,ATR,-162.3,1,1,,,86.8,0.3,3.4,1.7,7.8,86.8,11.2,2.0
GBP_USD,45.0,11.45,15.0,0.3,0.483,pip,6.633631464186093e+17,3,3,1.532643075703434e+17,1.0,87.3,7.8,2.7,1.3,0.95,87.3,12.6,0.1
GBP_USD,45.0,11.45,20.0,0.5,0.483,pip,35348378477.6,3,3,3096344232.3,1.0,89.1,6.1,2.5,1.3,0.97,89.1,10.9,0.0
GBP_USD,45.0,11.45,35.0,0.75,0.483,pip,317.7,2,3,,,88.5,4.2,2.9,2.3,2.09,88.5,11.5,0.0
GBP_USD,45.0,11.45,45.0,1.0,0.483,pip,439.4,3,3,149.6,1.0,88.0,4.3,3.1,1.4,3.23,88.0,12.0,0.0
GBP_USD,45.0,11.45,70.0,1.5,0.483,pip,-83.0,2,2,,,90.9,2.8,1.8,1.4,3.04,90.9,8.7,0.4
GBP_USD,45.0,11.45,90.0,2.0,0.483,pip,59.9,3,2,,,93.5,0.6,3.4,0.0,2.49,93.5,6.1,0.4
GBP_USD,50.0,12.72,15.0,0.3,0.483,pip,7.193396766742404e+17,2,3,,,89.6,6.8,1.8,1.1,0.68,89.6,10.4,0.0
GBP_USD,50.0,12.72,25.0,0.5,0.483,pip,404.0,3,3,99.5,0.993,89.7,5.2,2.0,1.5,1.5,89.7,10.2,0.1
GBP_USD,50.0,12.72,40.0,0.75,0.483,pip,749.9,3,3,138.2,1.0,90.1,4.2,1.9,1.5,2.23,90.1,9.9,0.0
GBP_USD,50.0,12.72,50.0,1.0,0.483,pip,130.1,1,3,,,90.6,3.4,2.9,1.2,1.9,90.6,9.4,0.0
GBP_USD,50.0,12.72,75.0,1.5,0.483,pip,102.9,3,2,,,91.7,3.1,2.1,0.6,2.49,91.7,8.1,0.2
GBP_USD,50.0,12.72,100.0,2.0,0.483,pip,-62.8,2,2,,,90.6,1.6,2.0,1.6,4.23,90.6,8.5,1.0
GBP_USD,55.0,13.99,15.0,0.3,0.483,pip,1.350582847422255e+18,3,3,1.9239646382693853e+17,1.0,89.8,6.4,1.7,0.9,1.24,89.8,10.1,0.1
GBP_USD,55.0,13.99,30.0,0.5,0.483,pip,268.4,3,3,107.1,1.0,91.7,3.8,2.1,1.1,1.23,91.7,8.3,0.0
GBP_USD,55.0,13.99,40.0,0.75,0.483,pip,340.3,2,3,,,91.2,4.4,1.8,0.7,1.84,91.2,8.8,0.0
GBP_USD,55.0,13.99,55.0,1.0,0.483,pip,281.9,3,3,109.6,1.0,90.9,2.6,2.0,1.0,3.56,90.9,9.1,0.0
GBP_USD,55.0,13.99,80.0,1.5,0.483,pip,-383.3,3,2,,,93.6,3.6,0.2,0.6,1.91,93.6,6.2,0.2
GBP_USD,55.0,13.99,110.0,2.0,0.483,pip,-86.1,3,2,,,90.4,1.6,2.8,2.0,3.19,90.4,8.8,0.8
GBP_USD,60.0,15.27,20.0,0.3,0.483,ATR,7384059497.0,3,3,1501008389.4,1.0,91.2,5.4,1.7,0.8,0.97,91.2,8.8,0.0
GBP_USD,60.0,15.27,30.0,0.5,0.483,ATR,739.9,3,3,177.2,1.0,91.0,4.3,1.7,1.4,1.66,91.0,9.0,0.0
GBP_USD,60.0,15.27,45.0,0.75,0.483,ATR,279.8,2,3,,,91.7,2.6,2.8,0.9,2.09,91.7,8.3,0.0
GBP_USD,60.0,15.27,60.0,1.0,0.483,ATR,153.0,3,3,88.4,1.0,91.5,1.8,2.0,1.4,3.22,91.5,8.5,0.0
GBP_USD,60.0,15.27,90.0,1.5,0.483,ATR,252.7,3,3,57.5,1.0,91.9,2.8,1.6,1.6,2.18,91.9,8.1,0.0
GBP_USD,60.0,15.27,120.0,2.0,0.483,ATR,-37.3,3,2,,,88.9,4.5,1.0,2.0,3.52,88.9,10.1,1.0
GBP_USD,65.0,16.54,20.0,0.3,0.483,pip,23872974159.2,3,3,3031219499.5,1.0,91.9,4.7,1.9,0.7,0.72,91.9,8.1,0.0
GBP_USD,65.0,16.54,30.0,0.5,0.483,pip,882.3,2,3,,,92.0,4.3,1.5,0.8,1.36,92.0,8.0,0.0
GBP_USD,65.0,16.54,50.0,0.75,0.483,pip,181.2,3,3,85.6,1.0,92.5,2.9,1.5,0.7,2.4,92.5,7.5,0.0
GBP_USD,65.0,16.54,65.0,1.0,0.483,pip,294.3,3,3,72.2,1.0,92.7,2.1,1.5,0.8,2.92,92.7,7.3,0.0
GBP_USD,65.0,16.54,100.0,1.5,0.483,pip,88.7,2,3,,,89.6,3.5,3.0,1.7,2.17,89.6,10.4,0.0
GBP_USD,65.0,16.54,130.0,2.0,0.483,pip,-27.9,2,1,,,91.0,2.0,3.5,0.5,2.99,91.0,8.5,0.5
GBP_USD,70.0,17.81,20.0,0.3,0.483,pip,3322409540.6,3,3,75.6,1.0,93.1,5.0,1.4,0.2,0.35,93.1,6.9,0.0
GBP_USD,70.0,17.81,35.0,0.5,0.483,pip,163.2,3,3,99.3,1.0,93.0,3.2,1.8,1.2,0.88,92.8,7.2,0.0
GBP_USD,70.0,17.81,50.0,0.75,0.483,pip,105.4,3,3,70.3,1.0,93.4,3.0,1.6,0.6,1.28,93.4,6.6,0.0
GBP_USD,70.0,17.81,70.0,1.0,0.483,pip,59.4,2,3,,,93.5,1.9,1.9,1.7,1.05,93.5,6.5,0.0
GBP_USD,70.0,17.81,105.0,1.5,0.483,pip,-152.7,3,3,-572.7,0.367,91.8,3.9,2.1,0.7,1.43,91.8,7.9,0.4
GBP_USD,70.0,17.81,140.0,2.0,0.483,pip,27.4,3,2,,,91.4,2.3,4.0,1.1,1.14,91.4,8.6,0.0
GBP_USD,75.0,19.08,20.0,0.3,0.483,pip,649.0,2,3,,,93.2,4.6,1.1,0.4,0.64,93.2,6.8,0.0
GBP_USD,75.0,19.08,40.0,0.5,0.483,pip,103.2,3,3,61.9,1.0,93.7,3.4,1.3,0.6,0.89,93.7,6.3,0.0
GBP_USD,75.0,19.08,55.0,0.75,0.483,pip,111.5,3,3,64.0,1.0,93.8,3.0,1.6,0.5,1.06,93.8,6.2,0.0
GBP_USD,75.0,19.08,75.0,1.0,0.483,pip,33.4,3,2,,,93.2,2.4,1.9,1.0,1.46,93.2,6.6,0.2
GBP_USD,75.0,19.08,110.0,1.5,0.483,pip,-333.9,3,3,-961.6,0.147,92.2,3.7,1.2,0.4,2.47,92.2,7.0,0.8
GBP_USD,75.0,19.08,150.0,2.0,0.483,pip,-74.1,2,2,,,90.1,0.8,6.1,0.0,3.05,90.1,9.2,0.8
GBP_USD,80.0,20.36,25.0,0.3,0.483,ATR,186.8,3,3,101.6,1.0,93.6,3.7,1.5,0.7,0.53,93.6,6.4,0.0
GBP_USD,80.0,20.36,40.0,0.5,0.483,ATR,76.1,3,3,58.2,1.0,94.0,3.4,1.5,0.7,0.44,94.0,6.0,0.0
GBP_USD,80.0,20.36,60.0,0.75,0.483,ATR,187.1,3,3,63.5,1.0,94.8,3.2,0.2,0.7,1.07,94.8,5.2,0.0
GBP_USD,80.0,20.36,80.0,1.0,0.483,ATR,199.1,3,2,,,91.6,2.8,2.1,0.7,2.81,91.6,8.1,0.4
GBP_USD,80.0,20.36,120.0,1.5,0.483,ATR,51.6,3,3,30.9,1.0,94.9,2.4,0.7,0.7,1.36,94.9,5.1,0.0
GBP_USD,80.0,20.36,160.0,2.0,0.483,ATR,-69.4,1,2,,,92.0,2.2,2.9,1.4,1.45,92.0,7.2,0.7
GBP_USD,85.0,21.63,25.0,0.3,0.483,pip,84.1,3,3,62.5,1.0,94.6,3.4,1.3,0.5,0.25,94.6,5.4,0.0
GBP_USD,85.0,21.63,40.0,0.5,0.483,pip,89.9,3,3,56.5,1.0,93.8,2.9,1.4,1.2,0.69,93.8,6.2,0.0
GBP_USD,85.0,21.63,65.0,0.75,0.483,pip,64.7,3,3,45.4,1.0,93.9,4.1,0.8,0.4,0.81,93.9,6.1,0.0
GBP_USD,85.0,21.63,85.0,1.0,0.483,pip,52.9,2,3,,,92.7,4.1,0.6,1.3,1.27,92.7,7.3,0.0
GBP_USD,85.0,21.63,130.0,1.5,0.483,pip,-199.1,1,2,,,92.3,0.0,2.8,1.4,3.5,92.3,7.0,0.7
GBP_USD,85.0,21.63,170.0,2.0,0.483,pip,-184.9,2,2,,,94.4,1.9,1.9,0.0,1.86,94.4,4.3,1.2
GBP_USD,90.0,22.9,25.0,0.3,0.483,pip,73.4,3,3,55.0,1.0,94.6,4.0,0.9,0.5,0.0,94.6,5.4,0.0
GBP_USD,90.0,22.9,45.0,0.5,0.483,pip,72.4,3,3,49.3,1.0,94.3,2.6,1.4,1.0,0.69,94.3,5.7,0.0
GBP_USD,90.0,22.9,70.0,0.75,0.483,pip,-682.7,3,2,,,93.5,1.9,2.2,0.0,2.45,93.5,6.3,0.3
GBP_USD,90.0,22.9,90.0,1.0,0.483,pip,41.2,3,3,28.0,1.0,92.7,4.0,1.0,1.3,0.99,92.7,7.3,0.0
GBP_USD,90.0,22.9,135.0,1.5,0.483,pip,-328.3,3,2,,,94.1,1.4,3.2,0.5,0.91,94.1,5.5,0.5
GBP_USD,90.0,22.9,180.0,2.0,0.483,pip,-77.6,3,2,,,94.7,0.6,1.8,0.0,2.94,94.7,4.7,0.6
GBP_USD,95.0,24.17,30.0,0.3,0.483,pip,85.1,3,3,51.4,1.0,95.2,2.9,0.6,0.7,0.58,95.2,4.8,0.0
GBP_USD,95.0,24.17,50.0,0.5,0.483,pip,55.9,3,3,42.7,1.0,95.7,2.4,0.6,0.7,0.59,95.7,4.3,0.0
GBP_USD,95.0,24.17,70.0,0.75,0.483,pip,-831.4,3,2,,,94.7,3.1,0.7,0.7,0.88,94.7,5.1,0.2
GBP_USD,95.0,24.17,95.0,1.0,0.483,pip,48.2,3,3,32.1,1.0,94.3,2.5,0.3,0.9,1.9,94.3,5.7,0.0
GBP_USD,95.0,24.17,140.0,1.5,0.483,pip,-345.7,3,2,,,93.6,1.5,3.5,0.5,0.99,93.6,5.9,0.5
GBP_USD,95.0,24.17,190.0,2.0,0.483,pip,-35.8,3,2,,,95.6,1.1,1.1,0.0,2.22,95.6,3.9,0.6
GBP_USD,100.0,25.45,30.0,0.3,0.483,pip,75.9,3,3,52.4,1.0,94.7,3.6,0.6,0.8,0.31,94.7,5.3,0.0
GBP_USD,100.0,25.45,50.0,0.5,0.483,pip,117.1,3,3,37.6,1.0,94.9,2.7,1.5,0.4,0.57,94.9,5.1,0.0
GBP_USD,100.0,25.45,75.0,0.75,0.483,pip,53.0,3,3,38.8,1.0,94.6,3.4,0.2,0.7,1.13,94.6,5.4,0.0
GBP_USD,100.0,25.45,100.0,1.0,0.483,pip,52.6,3,2,,,94.6,2.7,0.0,1.4,1.36,94.6,5.4,0.0
GBP_USD,100.0,25.45,150.0,1.5,0.483,pip,-343.4,3,2,,,94.8,1.7,2.9,0.0,0.57,94.8,4.6,0.6
GBP_USD,100.0,25.45,200.0,2.0,0.483,pip,19.1,3,3,10.5,1.0,95.6,1.9,1.2,0.0,1.25,95.6,4.4,0.0
GBP_USD,105.0,26.72,30.0,0.3,0.483,pip,94.0,3,3,53.5,1.0,95.7,2.7,0.7,0.3,0.59,95.7,4.3,0.0
GBP_USD,105.0,26.72,50.0,0.5,0.483,pip,54.3,3,3,40.4,1.0,95.1,2.1,2.1,0.8,0.0,95.1,4.9,0.0
GBP_USD,105.0,26.72,80.0,0.75,0.483,pip,131.0,3,3,37.8,1.0,94.3,1.3,2.0,0.3,2.0,94.3,5.7,0.0
GBP_USD,105.0,26.72,105.0,1.0,0.483,pip,49.3,3,2,,,95.2,1.5,0.7,1.5,1.11,95.2,4.8,0.0
GBP_USD,105.0,26.72,160.0,1.5,0.483,pip,-129.6,3,2,,,95.4,1.7,2.3,0.0,0.57,95.4,4.0,0.6
GBP_USD,105.0,26.72,210.0,2.0,0.483,pip,18.1,3,2,,,97.1,1.0,1.4,0.0,0.48,97.1,2.9,0.0
GBP_USD,110.0,27.99,35.0,0.3,0.483,pip,75.5,3,3,38.2,1.0,95.5,2.9,0.8,0.6,0.15,95.5,4.5,0.0
GBP_USD,110.0,27.99,55.0,0.5,0.483,pip,93.5,3,3,40.2,1.0,94.9,1.6,1.6,0.6,1.21,94.9,5.1,0.0
GBP_USD,110.0,27.99,80.0,0.75,0.483,pip,61.8,3,3,36.5,1.0,94.6,2.6,0.6,0.6,1.6,94.6,5.4,0.0
GBP_USD,110.0,27.99,110.0,1.0,0.483,pip,-678.1,3,2,,,96.4,1.1,0.7,1.1,0.73,96.4,3.3,0.4
GBP_USD,110.0,27.99,165.0,1.5,0.483,pip,-379.5,3,2,,,94.8,0.7,3.7,0.0,0.74,94.8,4.4,0.7
GBP_USD,110.0,27.99,220.0,2.0,0.483,pip,13.5,3,3,8.0,1.0,95.0,0.8,3.4,0.8,0.0,95.0,5.0,0.0
GBP_USD,115.0,29.26,35.0,0.3,0.483,pip,56.1,3,3,37.1,1.0,95.6,2.9,0.8,0.5,0.17,95.6,4.4,0.0
GBP_USD,115.0,29.26,60.0,0.5,0.483,pip,54.7,3,3,39.6,1.0,95.8,1.2,1.6,0.4,1.01,95.8,4.2,0.0
GBP_USD,115.0,29.26,85.0,0.75,0.483,pip,-1070.5,3,2,,,96.4,1.3,0.6,0.3,1.3,96.4,3.2,0.3
GBP_USD,115.0,29.26,115.0,1.0,0.483,pip,43.8,3,3,24.8,1.0,95.3,1.8,1.4,0.4,1.08,95.3,4.7,0.0
GBP_USD,115.0,29.26,170.0,1.5,0.483,pip,-419.9,3,2,,,93.6,0.9,4.6,0.0,0.92,93.6,5.5,0.9
GBP_USD,115.0,29.26,230.0,2.0,0.483,pip,-159.2,3,3,-519.2,0.363,96.7,0.6,1.1,0.6,1.11,96.7,2.8,0.6
GBP_USD,120.0,30.53,35.0,0.3,0.483,pip,118.2,3,3,35.9,1.0,95.9,2.3,1.1,0.4,0.36,95.9,4.1,0.0
GBP_USD,120.0,30.53,60.0,0.5,0.483,pip,95.2,3,3,38.7,1.0,95.3,1.4,1.7,0.0,1.66,95.3,4.7,0.0
GBP_USD,120.0,30.53,90.0,0.75,0.483,pip,38.6,3,2,,,95.6,2.2,0.9,0.6,0.63,95.6,4.4,0.0
GBP_USD,120.0,30.53,120.0,1.0,0.483,pip,-245.0,3,2,,,95.1,0.5,1.6,0.5,2.2,95.1,4.4,0.5
GBP_USD,120.0,30.53,180.0,1.5,0.483,pip,51.2,3,3,19.6,1.0,96.6,0.8,1.7,0.0,0.84,96.6,3.4,0.0
GBP_USD,120.0,30.53,240.0,2.0,0.483,pip,19.9,3,3,9.1,1.0,95.4,0.8,2.3,0.8,0.76,95.4,4.6,0.0
GBP_USD,125.0,31.81,40.0,0.3,0.483,pip,259.6,3,3,42.4,1.0,95.5,2.0,1.4,0.2,0.98,95.5,4.5,0.0
GBP_USD,125.0,31.81,60.0,0.5,0.483,pip,111.9,3,3,36.1,1.0,94.6,2.9,0.6,0.3,1.59,94.6,5.4,0.0
GBP_USD,125.0,31.81,95.0,0.75,0.483,pip,61.1,3,3,23.1,1.0,96.5,0.6,1.0,1.0,0.95,96.5,3.5,0.0
GBP_USD,125.0,31.81,125.0,1.0,0.483,pip,26.8,3,3,13.3,1.0,96.2,1.0,1.9,0.5,0.48,96.2,3.8,0.0
GBP_USD,125.0,31.81,190.0,1.5,0.483,pip,24.0,3,3,13.4,1.0,97.0,1.0,1.5,0.0,0.5,97.0,3.0,0.0
GBP_USD,125.0,31.81,250.0,2.0,0.483,pip,16.6,3,3,9.4,1.0,95.0,0.8,2.5,1.7,0.0,95.0,5.0,0.0
GBP_USD,130.0,33.08,40.0,0.3,0.483,pip,42.7,3,3,29.2,1.0,95.0,2.6,1.4,0.5,0.47,95.0,5.0,0.0
GBP_USD,130.0,33.08,65.0,0.5,0.483,pip,63.7,3,3,30.8,1.0,95.5,1.5,1.2,0.6,1.2,95.5,4.5,0.0
GBP_USD,130.0,33.08,100.0,0.75,0.483,pip,30.4,2,3,,,96.4,0.7,0.7,1.1,1.09,96.4,3.6,0.0
GBP_USD,130.0,33.08,130.0,1.0,0.483,pip,32.1,3,3,17.6,1.0,96.7,0.7,1.5,0.4,0.74,96.7,3.3,0.0
GBP_USD,130.0,33.08,195.0,1.5,0.483,pip,-851.3,3,3,-2592.6,0.349,96.1,0.7,2.6,0.0,0.65,96.1,3.3,0.7
GBP_USD,130.0,33.08,260.0,2.0,0.483,pip,-223.0,3,3,-689.1,0.363,95.3,0.0,2.4,1.2,1.18,95.3,3.5,1.2
GBP_USD,135.0,34.35,40.0,0.3,0.483,pip,61.0,3,3,31.8,1.0,96.0,2.0,0.9,0.4,0.66,96.0,4.0,0.0
GBP_USD,135.0,34.35,70.0,0.5,0.483,pip,50.3,3,3,26.5,1.0,96.0,1.1,1.1,0.6,1.14,96.0,4.0,0.0
GBP_USD,135.0,34.35,100.0,0.75,0.483,pip,28.5,3,3,18.8,1.0,96.7,1.5,0.0,1.5,0.37,96.7,3.3,0.0
GBP_USD,135.0,34.35,135.0,1.0,0.483,pip,20.8,3,2,,,97.8,1.1,0.7,0.0,0.36,97.8,2.2,0.0
GBP_USD,135.0,34.35,200.0,1.5,0.483,pip,18.7,3,3,10.7,1.0,95.8,1.4,2.8,0.0,0.0,95.8,4.2,0.0
GBP_USD,135.0,34.35,270.0,2.0,0.483,pip,-233.5,3,2,,,95.5,0.0,2.2,1.1,1.12,95.5,3.4,1.1
GBP_USD,140.0,35.62,40.0,0.3,0.483,pip,76.5,3,3,28.9,1.0,94.1,3.5,0.9,0.6,0.88,94.1,5.9,0.0
GBP_USD,140.0,35.62,70.0,0.5,0.483,pip,76.5,3,3,24.8,1.0,96.8,0.9,1.2,0.3,0.86,96.8,3.2,0.0
GBP_USD,140.0,35.62,105.0,0.75,0.483,pip,43.3,3,3,22.0,1.0,97.4,0.6,0.9,0.3,0.86,97.4,2.6,0.0
GBP_USD,140.0,35.62,140.0,1.0,0.483,pip,20.0,3,2,,,97.8,1.1,0.7,0.4,0.0,97.8,2.2,0.0
GBP_USD,140.0,35.62,210.0,1.5,0.483,pip,30.2,3,2,,,97.9,0.4,1.4,0.0,0.36,97.9,2.1,0.0
GBP_USD,140.0,35.62,280.0,2.0,0.483,pip,-240.4,3,2,,,95.1,0.0,2.5,1.2,1.23,95.1,3.7,1.2
GBP_USD,145.0,36.9,45.0,0.3,0.483,pip,117.5,3,3,39.6,1.0,95.9,2.0,0.3,0.8,1.02,95.9,4.1,0.0
GBP_USD,145.0,36.9,70.0,0.5,0.483,pip,77.0,3,3,25.4,1.0,96.9,1.1,0.6,0.6,0.85,96.9,3.1,0.0
GBP_USD,145.0,36.9,110.0,0.75,0.483,pip,44.9,3,3,23.0,1.0,97.5,0.3,0.3,0.9,0.94,97.5,2.5,0.0
GBP_USD,145.0,36.9,145.0,1.0,0.483,pip,19.6,3,3,13.5,1.0,98.1,0.8,0.8,0.4,0.0,98.1,1.9,0.0
GBP_USD,145.0,36.9,220.0,1.5,0.483,pip,21.6,3,3,12.5,1.0,97.0,0.6,1.2,1.2,0.0,97.0,3.0,0.0
GBP_USD,145.0,36.9,290.0,2.0,0.483,pip,10.5,3,3,5.9,1.0,95.9,1.0,3.1,0.0,0.0,95.9,4.1,0.0
GBP_USD,150.0,38.17,45.0,0.3,0.483,pip,121.0,3,3,38.4,1.0,95.3,1.7,1.2,0.3,1.45,95.3,4.7,0.0
GBP_USD,150.0,38.17,75.0,0.5,0.483,pip,-1414.9,3,3,-4374.1,0.363,95.8,0.4,1.3,0.8,1.67,95.8,3.8,0.4
GBP_USD,150.0,38.17,110.0,0.75,0.483,pip,45.3,3,3,23.2,1.0,97.5,0.6,0.3,0.9,0.62,97.5,2.5,0.0
GBP_USD,150.0,38.17,150.0,1.0,0.483,pip,22.1,3,3,14.9,1.0,97.7,0.8,1.1,0.4,0.0,97.7,2.3,0.0
GBP_USD,150.0,38.17,225.0,1.5,0.483,pip,20.8,3,3,12.9,1.0,97.7,1.4,0.9,0.0,0.0,97.7,2.3,0.0
GBP_USD,150.0,38.17,300.0,2.0,0.483,pip,17.0,3,3,11.7,1.0,98.2,0.4,1.3,0.0,0.0,98.2,1.8,0.0
GBP_USD,155.0,39.44,45.0,0.3,0.483,pip,127.6,3,3,43.1,1.0,96.3,1.3,0.8,0.3,1.33,96.3,3.7,0.0
GBP_USD,155.0,39.44,80.0,0.5,0.483,pip,58.1,3,3,21.2,1.0,96.9,1.0,0.7,0.3,1.04,96.9,3.1,0.0
GBP_USD,155.0,39.44,115.0,0.75,0.483,pip,-3162.2,3,2,,,95.9,1.0,0.0,2.6,0.52,95.9,3.6,0.5
GBP_USD,155.0,39.44,155.0,1.0,0.483,pip,22.3,3,3,14.2,1.0,97.7,0.8,1.1,0.4,0.0,97.7,2.3,0.0
GBP_USD,155.0,39.44,230.0,1.5,0.483,pip,19.5,3,3,11.9,1.0,97.5,1.5,1.0,0.0,0.0,97.5,2.5,0.0
GBP_USD,155.0,39.44,310.0,2.0,0.483,pip,17.9,3,3,12.4,1.0,98.3,0.4,1.2,0.0,0.0,98.3,1.7,0.0
GBP_USD,160.0,40.71,50.0,0.3,0.483,pip,96.3,3,3,36.3,1.0,96.6,1.4,0.3,0.8,0.84,96.6,3.4,0.0
GBP_USD,160.0,40.71,80.0,0.5,0.483,pip,31.9,3,3,23.8,1.0,98.1,0.2,1.0,0.7,0.0,98.1,1.9,0.0
GBP_USD,160.0,40.71,120.0,0.75,0.483,pip,19.1,3,3,12.8,1.0,98.3,0.7,0.7,0.3,0.0,98.3,1.7,0.0
GBP_USD,160.0,40.71,160.0,1.0,0.483,pip,18.8,3,3,13.8,1.0,97.8,1.5,0.7,0.0,0.0,97.8,2.2,0.0
GBP_USD,160.0,40.71,240.0,1.5,0.483,pip,23.8,3,3,13.4,1.0,97.7,0.9,0.9,0.5,0.0,97.7,2.3,0.0
GBP_USD,160.0,40.71,320.0,2.0,0.483,pip,18.2,3,3,12.7,1.0,98.3,0.4,1.2,0.0,0.0,98.3,1.7,0.0
GBP_USD,165.0,41.98,50.0,0.3,0.483,pip,90.9,3,3,24.6,1.0,94.8,2.6,1.1,0.7,0.74,94.8,5.2,0.0
GBP_USD,165.0,41.98,80.0,0.5,0.483,pip,32.4,3,3,24.1,1.0,98.2,0.2,0.9,0.5,0.23,98.2,1.8,0.0
GBP_USD,165.0,41.98,125.0,0.75,0.483,pip,20.2,3,3,13.5,1.0,98.5,0.9,0.3,0.0,0.31,98.5,1.5,0.0
GBP_USD,165.0,41.98,165.0,1.0,0.483,pip,17.0,3,3,12.0,1.0,97.9,1.2,0.8,0.0,0.0,97.9,2.1,0.0
GBP_USD,165.0,41.98,250.0,1.5,0.483,pip,23.0,3,3,13.4,1.0,97.7,0.9,0.9,0.5,0.0,97.7,2.3,0.0
GBP_USD,165.0,41.98,330.0,2.0,0.483,pip,18.5,3,3,13.6,1.0,99.0,0.3,0.7,0.0,0.0,99.0,1.0,0.0
GBP_USD,170.0,43.26,50.0,0.3,0.483,pip,-39920.7,3,3,-119916.7,0.367,95.6,1.6,1.2,0.0,1.61,95.6,4.0,0.4
GBP_USD,170.0,43.26,85.0,0.5,0.483,pip,36.1,3,3,25.0,1.0,98.5,0.4,0.4,0.4,0.21,98.5,1.5,0.0
GBP_USD,170.0,43.26,130.0,0.75,0.483,pip,20.6,3,3,12.7,1.0,97.6,1.2,0.8,0.0,0.4,97.6,2.4,0.0
GBP_USD,170.0,43.26,170.0,1.0,0.483,pip,17.5,3,3,12.7,1.0,98.4,0.8,0.8,0.0,0.0,98.4,1.6,0.0
GBP_USD,170.0,43.26,255.0,1.5,0.483,pip,20.8,3,3,7.7,1.0,96.4,0.9,1.8,0.0,0.9,96.4,3.6,0.0
GBP_USD,170.0,43.26,340.0,2.0,0.483,pip,18.7,3,3,13.9,1.0,99.0,0.3,0.7,0.0,0.0,99.0,1.0,0.0
GBP_USD,175.0,44.53,50.0,0.3,0.483,pip,91.7,3,3,27.5,1.0,95.4,1.5,0.8,0.8,1.52,95.4,4.6,0.0
GBP_USD,175.0,44.53,90.0,0.5,0.483,pip,613.2,3,3,17.7,1.0,97.6,1.2,0.3,0.3,0.6,97.6,2.4,0.0
GBP_USD,175.0,44.53,130.0,0.75,0.483,pip,22.6,3,3,14.6,1.0,97.4,1.5,0.7,0.4,0.0,97.4,2.6,0.0
GBP_USD,175.0,44.53,175.0,1.0,0.483,pip,17.4,3,3,12.3,1.0,98.4,0.8,0.8,0.0,0.0,98.4,1.6,0.0
GBP_USD,175.0,44.53,260.0,1.5,0.483,pip,17.2,3,3,6.4,1.0,96.3,0.0,1.2,2.5,0.0,96.3,3.7,0.0
GBP_USD,175.0,44.53,350.0,2.0,0.483,pip,16.5,3,3,11.7,1.0,98.8,0.4,0.8,0.0,0.0,98.8,1.2,0.0
GBP_USD,180.0,45.8,55.0,0.3,0.483,pip,74.8,3,3,23.9,1.0,95.7,1.2,1.6,0.4,1.16,95.7,4.3,0.0
GBP_USD,180.0,45.8,90.0,0.5,0.483,pip,30.5,3,3,16.0,1.0,98.6,0.0,0.8,0.3,0.28,98.6,1.4,0.0
GBP_USD,180.0,45.8,135.0,0.75,0.483,pip,27.4,3,3,20.0,1.0,98.8,0.7,0.2,0.2,0.0,98.8,1.2,0.0
GBP_USD,180.0,45.8,180.0,1.0,0.483,pip,28.5,3,3,15.2,1.0,99.0,0.0,0.6,0.0,0.32,99.0,1.0,0.0
GBP_USD,180.0,45.8,270.0,1.5,0.483,pip,15.0,3,3,5.6,1.0,96.4,1.2,1.2,1.2,0.0,96.4,3.6,0.0
GBP_USD,180.0,45.8,360.0,2.0,0.483,pip,9.5,3,3,5.9,1.0,97.5,1.7,0.8,0.0,0.0,97.5,2.5,0.0
GBP_USD,185.0,47.07,55.0,0.3,0.483,pip,49.5,3,3,23.0,1.0,95.6,1.2,2.0,0.4,0.81,95.6,4.4,0.0
GBP_USD,185.0,47.07,90.0,0.5,0.483,pip,32.0,3,3,15.8,1.0,98.6,0.0,0.8,0.3,0.28,98.6,1.4,0.0
GBP_USD,185.0,47.07,140.0,0.75,0.483,pip,15.9,3,3,12.0,1.0,97.7,1.6,0.8,0.0,0.0,97.7,2.3,0.0
GBP_USD,185.0,47.07,185.0,1.0,0.483,pip,28.4,3,3,14.8,1.0,99.0,0.0,0.7,0.0,0.34,99.0,1.0,0.0
GBP_USD,185.0,47.07,280.0,1.5,0.483,pip,12.8,3,3,4.9,1.0,95.2,1.6,1.6,1.6,0.0,95.2,4.8,0.0
GBP_USD,185.0,47.07,370.0,2.0,0.483,pip,10.1,3,3,5.8,1.0,97.7,1.5,0.8,0.0,0.0,97.7,2.3,0.0
GBP_USD,190.0,48.35,55.0,0.3,0.483,pip,11502.5,3,3,11.1,1.0,95.5,2.5,1.5,0.0,0.5,95.5,4.5,0.0
GBP_USD,190.0,48.35,95.0,0.5,0.483,pip,20.9,3,3,12.4,1.0,97.7,0.0,0.9,0.5,0.94,97.7,2.3,0.0
GBP_USD,190.0,48.35,140.0,0.75,0.483,pip,14.8,3,3,11.1,1.0,97.9,2.1,0.0,0.0,0.0,97.9,2.1,0.0
GBP_USD,190.0,48.35,190.0,1.0,0.483,pip,19.0,3,3,14.3,1.0,98.6,1.0,0.3,0.0,0.0,98.6,1.4,0.0
GBP_USD,190.0,48.35,285.0,1.5,0.483,pip,13.1,3,3,6.6,1.0,97.3,1.8,0.9,0.0,0.0,97.3,2.7,0.0
GBP_USD,190.0,48.35,380.0,2.0,0.483,pip,1.7,3,3,1.4,1.0,100.0,0.0,0.0,0.0,0.0,100.0,0.0,0.0
GBP_USD,195.0,49.62,60.0,0.3,0.483,pip,22.1,3,3,17.4,1.0,98.6,0.3,1.1,0.0,0.0,98.6,1.4,0.0
GBP_USD,195.0,49.62,100.0,0.5,0.483,pip,13.5,3,3,8.4,1.0,96.6,2.2,0.6,0.6,0.0,96.6,3.4,0.0
GBP_USD,195.0,49.62,145.0,0.75,0.483,pip,14.0,3,3,12.2,1.0,98.5,1.5,0.0,0.0,0.0,98.5,1.5,0.0
GBP_USD,195.0,49.62,195.0,1.0,0.483,pip,15.8,3,3,11.3,1.0,98.2,1.3,0.4,0.0,0.0,98.2,1.8,0.0
GBP_USD,195.0,49.62,290.0,1.5,0.483,pip,11.8,3,3,3.6,1.0,96.3,2.5,1.2,0.0,0.0,96.3,3.7,0.0
GBP_USD,195.0,49.62,390.0,2.0,0.483,pip,1.7,3,3,1.4,1.0,100.0,0.0,0.0,0.0,0.0,100.0,0.0,0.0
GBP_USD,200.0,50.89,60.0,0.3,0.483,pip,23.0,3,3,17.8,1.0,98.7,0.0,1.3,0.0,0.0,98.7,1.3,0.0
GBP_USD,200.0,50.89,100.0,0.5,0.483,pip,15.6,3,3,11.3,1.0,98.5,1.1,0.4,0.0,0.0,98.5,1.5,0.0
GBP_USD,200.0,50.89,150.0,0.75,0.483,pip,14.2,3,3,12.4,1.0,98.6,1.4,0.0,0.0,0.0,98.6,1.4,0.0
GBP_USD,200.0,50.89,200.0,1.0,0.483,pip,13.5,3,3,9.4,1.0,98.6,1.0,0.5,0.0,0.0,98.6,1.4,0.0
GBP_USD,200.0,50.89,300.0,1.5,0.483,pip,12.2,3,3,5.5,1.0,96.4,2.4,1.2,0.0,0.0,96.4,3.6,0.0
GBP_USD,200.0,50.89,400.0,2.0,0.483,pip,1.7,3,3,1.4,1.0,100.0,0.0,0.0,0.0,0.0,100.0,0.0,0.0
GBP_USD,205.0,52.16,60.0,0.3,0.483,pip,18.2,3,3,11.2,1.0,96.1,2.4,1.0,0.5,0.0,96.1,3.9,0.0
GBP_USD,205.0,52.16,100.0,0.5,0.483,pip,15.3,3,3,9.0,1.0,96.3,1.2,1.9,0.6,0.0,96.3,3.7,0.0
GBP_USD,205.0,52.16,155.0,0.75,0.483,pip,11.8,3,3,8.9,1.0,98.5,1.0,0.5,0.0,0.0,98.5,1.5,0.0
GBP_USD,205.0,52.16,205.0,1.0,0.483,pip,13.7,3,3,9.3,1.0,98.5,1.0,0.5,0.0,0.0,98.5,1.5,0.0
GBP_USD,205.0,52.16,310.0,1.5,0.483,pip,11.7,3,3,4.8,1.0,94.7,3.5,1.8,0.0,0.0,94.7,5.3,0.0
GBP_USD,205.0,52.16,410.0,2.0,0.483,pip,1.7,3,3,1.4,1.0,100.0,0.0,0.0,0.0,0.0,100.0,0.0,0.0
GBP_USD,210.0,53.44,65.0,0.3,0.483,pip,19.8,3,3,15.0,1.0,98.4,0.6,0.9,0.0,0.0,98.4,1.6,0.0
GBP_USD,210.0,53.44,105.0,0.5,0.483,pip,9.5,3,3,7.5,1.0,97.1,2.9,0.0,0.0,0.0,97.1,2.9,0.0
GBP_USD,210.0,53.44,160.0,0.75,0.483,pip,12.0,3,3,9.0,1.0,98.5,1.0,0.5,0.0,0.0,98.5,1.5,0.0
GBP_USD,210.0,53.44,210.0,1.0,0.483,pip,16.8,3,3,12.1,1.0,98.8,0.8,0.4,0.0,0.0,98.8,1.2,0.0
GBP_USD,210.0,53.44,315.0,1.5,0.483,pip,10.1,3,3,3.3,1.0,97.4,1.3,1.3,0.0,0.0,97.4,2.6,0.0
GBP_USD,210.0,53.44,420.0,2.0,0.483,pip,1.7,3,3,1.4,1.0,100.0,0.0,0.0,0.0,0.0,100.0,0.0,0.0
GBP_USD,215.0,54.71,65.0,0.3,0.483,pip,18.9,3,3,14.1,1.0,98.3,0.7,1.0,0.0,0.0,98.3,1.7,0.0
GBP_USD,215.0,54.71,110.0,0.5,0.483,pip,12.7,3,3,10.4,1.0,97.8,2.2,0.0,0.0,0.0,97.8,2.2,0.0
GBP_USD,215.0,54.71,160.0,0.75,0.483,pip,11.9,3,3,9.0,1.0,98.5,1.0,0.5,0.0,0.0,98.5,1.5,0.0
GBP_USD,215.0,54.71,215.0,1.0,0.483,pip,17.0,3,3,12.1,1.0,98.8,0.8,0.4,0.0,0.0,98.8,1.2,0.0
GBP_USD,215.0,54.71,320.0,1.5,0.483,pip,9.5,3,3,2.6,1.0,96.8,1.6,1.6,0.0,0.0,96.8,3.2,0.0
GBP_USD,215.0,54.71,430.0,2.0,0.483,pip,1.7,3,3,1.4,1.0,100.0,0.0,0.0,0.0,0.0,100.0,0.0,0.0
GBP_USD,220.0,55.98,65.0,0.3,0.483,pip,20.6,3,3,9.2,1.0,93.6,1.8,2.7,1.8,0.0,93.6,6.4,0.0
GBP_USD,220.0,55.98,110.0,0.5,0.483,pip,12.7,3,3,10.4,1.0,97.9,2.1,0.0,0.0,0.0,97.9,2.1,0.0
GBP_USD,220.0,55.98,165.0,0.75,0.483,pip,12.0,3,3,9.0,1.0,98.5,1.0,0.5,0.0,0.0,98.5,1.5,0.0
GBP_USD,220.0,55.98,220.0,1.0,0.483,pip,13.2,3,3,8.6,1.0,98.3,1.1,0.6,0.0,0.0,98.3,1.7,0.0
GBP_USD,220.0,55.98,330.0,1.5,0.483,pip,12.8,3,3,5.7,1.0,98.5,0.8,0.8,0.0,0.0,98.5,1.5,0.0
GBP_USD,220.0,55.98,440.0,2.0,0.483,pip,1.7,3,3,1.4,1.0,100.0,0.0,0.0,0.0,0.0,100.0,0.0,0.0
GBP_USD,225.0,57.25,70.0,0.3,0.483,pip,17.3,3,3,7.3,1.0,94.4,1.9,2.8,0.9,0.0,94.4,5.6,0.0
GBP_USD,225.0,57.25,110.0,0.5,0.483,pip,15.3,3,3,13.3,1.0,98.6,1.4,0.0,0.0,0.0,98.6,1.4,0.0
GBP_USD,225.0,57.25,170.0,0.75,0.483,pip,12.4,3,3,9.2,1.0,98.6,0.9,0.5,0.0,0.0,98.6,1.4,0.0
GBP_USD,225.0,57.25,225.0,1.0,0.483,pip,13.1,3,3,8.2,1.0,98.3,1.1,0.6,0.0,0.0,98.3,1.7,0.0
GBP_USD,225.0,57.25,340.0,1.5,0.483,pip,1.7,3,3,1.4,1.0,100.0,0.0,0.0,0.0,0.0,100.0,0.0,0.0
GBP_USD,225.0,57.25,450.0,2.0,0.483,pip,1.7,3,3,1.4,1.0,100.0,0.0,0.0,0.0,0.0,100.0,0.0,0.0
GBP_USD,230.0,58.52,70.0,0.3,0.483,pip,13.1,3,3,9.5,1.0,96.8,1.1,2.1,0.0,0.0,96.8,3.2,0.0
GBP_USD,230.0,58.52,115.0,0.5,0.483,pip,14.6,3,3,12.4,1.0,98.6,1.4,0.0,0.0,0.0,98.6,1.4,0.0
GBP_USD,230.0,58.52,170.0,0.75,0.483,pip,12.7,3,3,9.0,1.0,98.6,0.9,0.5,0.0,0.0,98.6,1.4,0.0
GBP_USD,230.0,58.52,230.0,1.0,0.483,pip,12.2,3,3,7.5,1.0,98.0,1.3,0.7,0.0,0.0,98.0,2.0,0.0
GBP_USD,230.0,58.52,345.0,1.5,0.483,pip,1.7,3,3,1.4,1.0,100.0,0.0,0.0,0.0,0.0,100.0,0.0,0.0
GBP_USD,230.0,58.52,460.0,2.0,0.483,pip,1.7,3,3,1.4,1.0,100.0,0.0,0.0,0.0,0.0,100.0,0.0,0.0
GBP_USD,235.0,59.8,70.0,0.3,0.483,pip,11.6,3,3,8.2,1.0,96.4,1.8,1.8,0.0,0.0,96.4,3.6,0.0
GBP_USD,235.0,59.8,120.0,0.5,0.483,pip,12.4,3,3,9.3,1.0,98.6,1.0,0.0,0.5,0.0,98.6,1.4,0.0
GBP_USD,235.0,59.8,175.0,0.75,0.483,pip,11.7,3,3,9.0,1.0,98.6,1.0,0.5,0.0,0.0,98.6,1.4,0.0
GBP_USD,235.0,59.8,235.0,1.0,0.483,pip,12.2,3,3,7.2,1.0,98.0,1.4,0.7,0.0,0.0,98.0,2.0,0.0
GBP_USD,235.0,59.8,350.0,1.5,0.483,pip,1.7,3,3,1.4,1.0,100.0,0.0,0.0,0.0,0.0,100.0,0.0,0.0
GBP_USD,235.0,59.8,470.0,2.0,0.483,pip,1.7,3,3,1.4,1.0,100.0,0.0,0.0,0.0,0.0,100.0,0.0,0.0
GBP_USD,240.0,61.07,70.0,0.3,0.483,pip,11.1,3,3,8.1,1.0,97.2,1.1,1.7,0.0,0.0,97.2,2.8,0.0
GBP_USD,240.0,61.07,120.0,0.5,0.483,pip,12.2,3,3,9.3,1.0,98.6,1.0,0.5,0.0,0.0,98.6,1.4,0.0
GBP_USD,240.0,61.07,180.0,0.75,0.483,pip,15.3,3,3,11.8,1.0,98.8,0.8,0.4,0.0,0.0,98.8,1.2,0.0
GBP_USD,240.0,61.07,240.0,1.0,0.483,pip,12.7,3,3,7.6,1.0,98.1,1.3,0.6,0.0,0.0,98.1,1.9,0.0
GBP_USD,240.0,61.07,360.0,1.5,0.483,pip,1.7,3,3,1.5,1.0,100.0,0.0,0.0,0.0,0.0,100.0,0.0,0.0
GBP_USD,240.0,61.07,480.0,2.0,0.483,pip,1.7,3,3,1.4,1.0,100.0,0.0,0.0,0.0,0.0,100.0,0.0,0.0
GBP_USD,245.0,62.34,75.0,0.3,0.483,pip,11.8,3,3,8.6,1.0,97.1,1.2,1.8,0.0,0.0,97.1,2.9,0.0
GBP_USD,245.0,62.34,120.0,0.5,0.483,pip,13.4,3,3,9.5,1.0,98.6,0.9,0.5,0.0,0.0,98.6,1.4,0.0
GBP_USD,245.0,62.34,185.0,0.75,0.483,pip,11.5,3,3,8.2,1.0,98.3,1.1,0.6,0.0,0.0,98.3,1.7,0.0
GBP_USD,245.0,62.34,245.0,1.0,0.483,pip,12.2,3,3,7.0,1.0,97.9,1.4,0.7,0.0,0.0,97.9,2.1,0.0
GBP_USD,245.0,62.34,370.0,1.5,0.483,pip,1.7,3,3,1.4,1.0,100.0,0.0,0.0,0.0,0.0,100.0,0.0,0.0
GBP_USD,245.0,62.34,490.0,2.0,0.483,pip,1.7,3,3,1.5,1.0,100.0,0.0,0.0,0.0,0.0,100.0,0.0,0.0
GBP_USD,250.0,63.61,75.0,0.3,0.483,pip,14.4,3,3,11.1,1.0,97.8,0.9,1.3,0.0,0.0,97.8,2.2,0.0
GBP_USD,250.0,63.61,125.0,0.5,0.483,pip,13.3,3,3,9.3,1.0,98.6,1.0,0.5,0.0,0.0,98.6,1.4,0.0
GBP_USD,250.0,63.61,190.0,0.75,0.483,pip,16.0,3,3,12.0,1.0,98.8,0.8,0.4,0.0,0.0,98.8,1.2,0.0
GBP_USD,250.0,63.61,250.0,1.0,0.483,pip,12.4,3,3,7.0,1.0,98.0,1.4,0.7,0.0,0.0,98.0,2.0,0.0
GBP_USD,250.0,63.61,375.0,1.5,0.483,pip,1.7,3,3,1.4,1.0,100.0,0.0,0.0,0.0,0.0,100.0,0.0,0.0
GBP_USD,250.0,63.61,500.0,2.0,0.483,pip,1.7,3,3,1.4,1.0,100.0,0.0,0.0,0.0,0.0,100.0,0.0,0.0
GBP_USD,255.0,64.89,75.0,0.3,0.483,pip,14.3,3,3,11.0,1.0,97.9,0.9,1.3,0.0,0.0,97.9,2.1,0.0
GBP_USD,255.0,64.89,130.0,0.5,0.483,pip,12.9,3,3,9.3,1.0,98.6,1.0,0.5,0.0,0.0,98.6,1.4,0.0
GBP_USD,255.0,64.89,190.0,0.75,0.483,pip,15.5,3,3,11.7,1.0,98.8,0.8,0.4,0.0,0.0,98.8,1.2,0.0
GBP_USD,255.0,64.89,255.0,1.0,0.483,pip,15.3,3,3,9.6,1.0,98.5,1.0,0.5,0.0,0.0,98.5,1.5,0.0
GBP_USD,255.0,64.89,380.0,1.5,0.483,pip,1.7,3,3,1.4,1.0,100.0,0.0,0.0,0.0,0.0,100.0,0.0,0.0
GBP_USD,255.0,64.89,510.0,2.0,0.483,pip,1.7,3,3,1.5,1.0,100.0,0.0,0.0,0.0,0.0,100.0,0.0,0.0
GBP_USD,260.0,66.16,80.0,0.3,0.483,pip,15.0,3,3,12.4,1.0,98.5,1.5,0.0,0.0,0.0,98.5,1.5,0.0
GBP_USD,260.0,66.16,130.0,0.5,0.483,pip,13.7,3,3,9.4,1.0,98.6,1.0,0.5,0.0,0.0,98.6,1.4,0.0
GBP_USD,260.0,66.16,195.0,0.75,0.483,pip,13.2,3,3,9.4,1.0,98.6,1.0,0.5,0.0,0.0,98.6,1.4,0.0
GBP_USD,260.0,66.16,260.0,1.0,0.483,pip,12.0,3,3,6.6,1.0,97.7,1.6,0.8,0.0,0.0,97.7,2.3,0.0
GBP_USD,260.0,66.16,390.0,1.5,0.483,pip,1.7,3,3,1.4,1.0,100.0,0.0,0.0,0.0,0.0,100.0,0.0,0.0
GBP_USD,260.0,66.16,520.0,2.0,0.483,pip,1.7,3,3,1.4,1.0,100.0,0.0,0.0,0.0,0.0,100.0,0.0,0.0
GBP_USD,265.0,67.43,80.0,0.3,0.483,pip,16.1,3,3,12.8,1.0,98.6,0.7,0.7,0.0,0.0,98.6,1.4,0.0
GBP_USD,265.0,67.43,130.0,0.5,0.483,pip,13.8,3,3,9.5,1.0,98.6,0.9,0.5,0.0,0.0,98.6,1.4,0.0
GBP_USD,265.0,67.43,200.0,0.75,0.483,pip,13.9,3,3,9.8,1.0,98.6,0.9,0.5,0.0,0.0,98.6,1.4,0.0
GBP_USD,265.0,67.43,265.0,1.0,0.483,pip,10.9,3,3,5.9,1.0,98.6,0.7,0.7,0.0,0.0,98.6,1.4,0.0
GBP_USD,265.0,67.43,400.0,1.5,0.483,pip,1.7,3,3,1.5,1.0,100.0,0.0,0.0,0.0,0.0,100.0,0.0,0.0
GBP_USD,265.0,67.43,530.0,2.0,0.483,pip,1.7,3,3,1.4,1.0,100.0,0.0,0.0,0.0,0.0,100.0,0.0,0.0
GBP_USD,270.0,68.7,80.0,0.3,0.483,pip,15.8,3,3,12.8,1.0,98.6,0.7,0.7,0.0,0.0,98.6,1.4,0.0
GBP_USD,270.0,68.7,135.0,0.5,0.483,pip,15.0,3,3,10.5,1.0,98.7,0.8,0.4,0.0,0.0,98.7,1.3,0.0
GBP_USD,270.0,68.7,200.0,0.75,0.483,pip,13.1,3,3,9.4,1.0,98.5,1.0,0.5,0.0,0.0,98.5,1.5,0.0
GBP_USD,270.0,68.7,270.0,1.0,0.483,pip,10.6,3,3,5.4,1.0,98.4,0.8,0.8,0.0,0.0,98.4,1.6,0.0
GBP_USD,270.0,68.7,405.0,1.5,0.483,pip,1.7,3,3,1.5,1.0,100.0,0.0,0.0,0.0,0.0,100.0,0.0,0.0
GBP_USD,270.0,68.7,540.0,2.0,0.483,pip,1.7,3,3,1.4,1.0,100.0,0.0,0.0,0.0,0.0,100.0,0.0,0.0
GBP_USD,275.0,69.97,80.0,0.3,0.483,pip,18.9,3,3,10.3,1.0,98.7,0.4,0.4,0.0,0.43,98.7,1.3,0.0
GBP_USD,275.0,69.97,140.0,0.5,0.483,pip,8.1,3,3,5.8,1.0,97.8,2.2,0.0,0.0,0.0,97.8,2.2,0.0
GBP_USD,275.0,69.97,205.0,0.75,0.483,pip,10.9,3,3,7.1,1.0,98.2,1.2,0.6,0.0,0.0,98.2,1.8,0.0
GBP_USD,275.0,69.97,275.0,1.0,0.483,pip,11.0,3,3,5.7,1.0,98.5,0.8,0.8,0.0,0.0,98.5,1.5,0.0
GBP_USD,275.0,69.97,410.0,1.5,0.483,pip,1.7,3,3,1.5,1.0,100.0,0.0,0.0,0.0,0.0,100.0,0.0,0.0
GBP_USD,275.0,69.97,550.0,2.0,0.483,pip,1.7,3,3,1.5,1.0,100.0,0.0,0.0,0.0,0.0,100.0,0.0,0.0
GBP_USD,280.0,71.25,85.0,0.3,0.483,pip,16.7,3,3,9.9,1.0,98.6,0.9,0.0,0.5,0.0,98.6,1.4,0.0
GBP_USD,280.0,71.25,140.0,0.5,0.483,pip,12.0,3,3,8.1,1.0,98.3,1.1,0.6,0.0,0.0,98.3,1.7,0.0
GBP_USD,280.0,71.25,210.0,0.75,0.483,pip,14.6,3,3,10.4,1.0,98.6,0.9,0.5,0.0,0.0,98.6,1.4,0.0
GBP_USD,280.0,71.25,280.0,1.0,0.483,pip,10.7,3,3,5.3,1.0,98.4,0.8,0.8,0.0,0.0,98.4,1.6,0.0
GBP_USD,280.0,71.25,420.0,1.5,0.483,pip,1.7,3,3,1.4,1.0,100.0,0.0,0.0,0.0,0.0,100.0,0.0,0.0
GBP_USD,280.0,71.25,560.0,2.0,0.483,pip,1.7,3,3,1.4,1.0,100.0,0.0,0.0,0.0,0.0,100.0,0.0,0.0
GBP_USD,285.0,72.52,85.0,0.3,0.483,pip,15.1,3,3,6.7,1.0,98.2,0.6,0.6,0.0,0.61,98.2,1.8,0.0
GBP_USD,285.0,72.52,140.0,0.5,0.483,pip,12.0,3,3,8.3,1.0,98.4,1.1,0.5,0.0,0.0,98.4,1.6,0.0
GBP_USD,285.0,72.52,215.0,0.75,0.483,pip,14.9,3,3,10.7,1.0,98.7,0.9,0.4,0.0,0.0,98.7,1.3,0.0
GBP_USD,285.0,72.52,285.0,1.0,0.483,pip,10.4,3,3,4.9,1.0,98.3,0.8,0.8,0.0,0.0,98.3,1.7,0.0
GBP_USD,285.0,72.52,430.0,1.5,0.483,pip,1.7,3,3,1.4,1.0,100.0,0.0,0.0,0.0,0.0,100.0,0.0,0.0
GBP_USD,285.0,72.52,570.0,2.0,0.483,pip,1.7,3,3,1.4,1.0,100.0,0.0,0.0,0.0,0.0,100.0,0.0,0.0
GBP_USD,290.0,73.79,85.0,0.3,0.483,pip,14.8,3,3,6.8,1.0,98.2,0.6,0.6,0.0,0.61,98.2,1.8,0.0
GBP_USD,290.0,73.79,145.0,0.5,0.483,pip,16.5,3,3,12.3,1.0,98.8,0.8,0.4,0.0,0.0,98.8,1.2,0.0
GBP_USD,290.0,73.79,220.0,0.75,0.483,pip,15.2,3,3,10.9,1.0,98.7,0.9,0.4,0.0,0.0,98.7,1.3,0.0
GBP_USD,290.0,73.79,290.0,1.0,0.483,pip,10.4,3,3,4.9,1.0,98.3,0.9,0.9,0.0,0.0,98.3,1.7,0.0
GBP_USD,290.0,73.79,435.0,1.5,0.483,pip,1.7,3,3,1.4,1.0,100.0,0.0,0.0,0.0,0.0,100.0,0.0,0.0
GBP_USD,290.0,73.79,580.0,2.0,0.483,pip,1.7,3,3,1.4,1.0,100.0,0.0,0.0,0.0,0.0,100.0,0.0,0.0
GBP_USD,295.0,75.06,90.0,0.3,0.483,pip,17.0,3,3,10.6,1.0,98.7,0.9,0.0,0.0,0.43,98.7,1.3,0.0
GBP_USD,295.0,75.06,150.0,0.5,0.483,pip,16.5,3,3,11.9,1.0,98.8,0.8,0.4,0.0,0.0,98.8,1.2,0.0
GBP_USD,295.0,75.06,220.0,0.75,0.483,pip,12.7,3,3,8.5,1.0,98.4,1.1,0.5,0.0,0.0,98.4,1.6,0.0
GBP_USD,295.0,75.06,295.0,1.0,0.483,pip,8.9,3,3,3.3,1.0,97.3,1.3,1.3,0.0,0.0,97.3,2.7,0.0
GBP_USD,295.0,75.06,440.0,1.5,0.483,pip,1.7,3,3,1.4,1.0,100.0,0.0,0.0,0.0,0.0,100.0,0.0,0.0
GBP_USD,295.0,75.06,590.0,2.0,0.483,pip,1.7,3,3,1.4,1.0,100.0,0.0,0.0,0.0,0.0,100.0,0.0,0.0
GBP_USD,300.0,76.34,90.0,0.3,0.483,pip,8.3,3,3,6.0,1.0,97.8,2.2,0.0,0.0,0.0,97.8,2.2,0.0
GBP_USD,300.0,76.34,150.0,0.5,0.483,pip,16.4,3,3,12.0,1.0,98.8,0.8,0.4,0.0,0.0,98.8,1.2,0.0
GBP_USD,300.0,76.34,225.0,0.75,0.483,pip,9.2,3,3,5.4,1.0,98.4,0.8,0.8,0.0,0.0,98.4,1.6,0.0
GBP_USD,300.0,76.34,300.0,1.0,0.483,pip,8.7,3,3,2.9,1.0,97.3,1.4,1.4,0.0,0.0,97.3,2.7,0.0
GBP_USD,300.0,76.34,450.0,1.5,0.483,pip,1.7,3,3,1.4,1.0,100.0,0.0,0.0,0.0,0.0,100.0,0.0,0.0
GBP_USD,300.0,76.34,600.0,2.0,0.483,pip,1.7,3,3,1.5,1.0,100.0,0.0,0.0,0.0,0.0,100.0,0.0,0.0
EUR_USD,5.0,1.55,5.0,0.3,0.495,ATR,1.3380192275560622e+18,2,1,,,50.9,17.9,9.0,9.6,12.58,27.1,72.2,0.7
EUR_USD,5.0,1.55,5.0,0.5,0.495,ATR,1.3380192275560622e+18,2,1,,,50.9,17.9,9.0,9.6,12.58,27.1,72.2,0.7
EUR_USD,5.0,1.55,5.0,0.75,0.495,ATR,1.3380192275560622e+18,2,1,,,50.9,17.9,9.0,9.6,12.58,27.1,72.2,0.7
EUR_USD,5.0,1.55,5.0,1.0,0.495,ATR,1.3380192275560622e+18,2,1,,,50.9,17.9,9.0,9.6,12.58,27.1,72.2,0.7
EUR_USD,5.0,1.55,10.0,1.5,0.495,ATR,-347579637418.3,1,1,,,46.4,11.1,7.1,10.5,24.9,46.4,49.3,4.3
EUR_USD,5.0,1.55,10.0,2.0,0.495,ATR,-347579637418.3,1,1,,,46.4,11.1,7.1,10.5,24.9,46.4,49.3,4.3
EUR_USD,10.0,3.1,5.0,0.3,0.495,ATR,8.420243853027342e+16,1,2,,,67.4,19.2,6.9,3.7,2.95,35.7,64.1,0.2
EUR_USD,10.0,3.1,5.0,0.5,0.495,ATR,8.420243853027342e+16,1,2,,,67.4,19.2,6.9,3.7,2.95,35.7,64.1,0.2
EUR_USD,10.0,3.1,10.0,0.75,0.495,ATR,78026780382.9,2,3,,,61.7,16.7,8.8,5.4,7.46,61.6,38.1,0.3
EUR_USD,10.0,3.1,10.0,1.0,0.495,ATR,78026780382.9,2,3,,,61.7,16.7,8.8,5.4,7.46,61.6,38.1,0.3
EUR_USD,10.0,3.1,15.0,1.5,0.495,ATR,-2011.3,0,1,,,61.7,10.9,7.7,6.7,12.93,61.7,37.4,1.0
EUR_USD,10.0,3.1,20.0,2.0,0.495,ATR,-993.4,0,0,,,61.5,10.2,5.9,7.0,15.51,61.5,36.3,2.2
EUR_USD,15.0,4.64,5.0,0.3,0.495,ATR,5.625808449587509e+17,1,3,,,75.6,17.0,4.6,1.6,1.27,42.4,57.6,0.1
EUR_USD,15.0,4.64,10.0,0.5,0.495,ATR,20544023688.4,3,3,8148727145.6,1.0,70.7,15.6,6.8,3.4,3.49,70.7,29.3,0.0
EUR_USD,15.0,4.64,10.0,0.75,0.495,ATR,20544023688.4,3,3,8296973822.3,1.0,70.7,15.6,6.8,3.4,3.49,70.7,29.3,0.0
EUR_USD,15.0,4.64,15.0,1.0,0.495,ATR,1781.5,0,3,,,72.6,12.6,6.3,3.2,5.34,72.6,27.4,0.0
EUR_USD,15.0,4.64,20.0,1.5,0.495,ATR,-1220.0,0,1,,,71.7,10.7,6.1,4.0,7.51,71.7,27.6,0.7
EUR_USD,15.0,4.64,30.0,2.0,0.495,ATR,-222.1,0,1,,,72.7,8.2,2.6,3.4,12.97,72.7,25.8,1.5
EUR_USD,20.0,6.19,5.0,0.3,0.495,pip,6.403758633949522e+16,3,3,7160055941726027.0,0.974,80.1,15.2,3.1,0.9,0.73,44.0,55.9,0.0
EUR_USD,20.0,6.19,10.0,0.5,0.495,pip,69430159591.2,3,3,1400528522.8,1.0,75.5,15.7,4.9,2.2,1.7,75.5,24.5,0.0
EUR_USD,20.0,6.19,15.0,0.75,0.495,pip,750.2,3,3,349.8,1.0,77.2,12.4,5.8,2.3,2.36,77.2,22.8,0.0
EUR_USD,20.0,6.19,20.0,1.0,0.495,pip,213.4,2,2,,,78.6,10.2,3.5,2.6,5.1,78.6,21.1,0.2
EUR_USD,20.0,6.19,30.0,1.5,0.495,pip,-934.0,1,1,,,79.2,7.6,3.2,3.0,7.06,79.2,19.7,1.2
EUR_USD,20.0,6.19,40.0,2.0,0.495,pip,-192.3,1,1,,,79.8,4.4,5.0,4.0,6.86,79.8,18.1,2.1
EUR_USD,25.0,7.74,10.0,0.3,0.495,ATR,4004564614.1,3,3,401.9,1.0,80.2,12.6,5.3,1.4,0.6,80.2,19.8,0.0
EUR_USD,25.0,7.74,10.0,0.5,0.495,ATR,4004564614.1,3,3,315306720.5,1.0,80.2,12.6,5.3,1.4,0.6,80.2,19.8,0.0
EUR_USD,25.0,7.74,20.0,0.75,0.495,ATR,1419.6,2,3,,,80.3,10.5,3.8,2.2,3.18,80.3,19.7,0.0
EUR_USD,25.0,7.74,25.0,1.0,0.495,ATR,-149.6,2,1,,,81.8,8.3,3.8,2.0,3.95,81.8,17.9,0.3
EUR_USD,25.0,7.74,40.0,1.5,0.495,ATR,-15.5,1,2,,,81.4,6.3,3.4,2.7,6.27,81.4,18.3,0.2
EUR_USD,25.0,7.74,50.0,2.0,0.495,ATR,1.9,2,2,,,82.9,4.1,2.6,2.6,7.83,82.9,16.5,0.6
EUR_USD,30.0,9.29,10.0,0.3,0.495,ATR,959269281.6,3,3,312.8,1.0,83.6,11.7,3.2,1.2,0.28,83.6,16.4,0.0
EUR_USD,30.0,9.29,15.0,0.5,0.495,ATR,874.7,3,3,233.0,1.0,83.5,10.3,3.7,1.2,1.29,83.5,16.5,0.0
EUR_USD,30.0,9.29,20.0,0.75,0.495,ATR,277.4,2,2,,,82.9,9.6,3.1,2.6,1.92,82.9,17.0,0.1
EUR_USD,30.0,9.29,30.0,1.0,0.495,ATR,-359.4,1,3,,,85.7,6.6,2.3,2.6,2.77,85.7,14.2,0.2
EUR_USD,30.0,9.29,45.0,1.5,0.495,ATR,10.4,1,2,,,83.6,5.8,3.4,2.7,4.58,83.6,16.1,0.2
EUR_USD,30.0,9.29,60.0,2.0,0.495,ATR,63.7,0,2,,,82.9,5.1,4.4,2.0,5.46,82.9,16.7,0.3
EUR_USD,35.0,10.84,10.0,0.3,0.495,pip,756986512.2,3,3,518.1,1.0,86.2,10.4,2.1,0.9,0.39,86.2,13.8,0.0
EUR_USD,35.0,10.84,20.0,0.5,0.495,pip,143.3,2,3,,,85.4,7.8,3.2,2.6,0.97,85.4,14.6,0.0
EUR_USD,35.0,10.84,25.0,0.75,0.495,pip,147.8,2,3,,,86.9,6.7,2.6,1.6,2.18,86.9,13.1,0.0
EUR_USD,35.0,10.84,35.0,1.0,0.495,pip,121.4,3,3,71.6,1.0,86.3,5.2,2.8,3.2,2.41,86.3,13.7,0.0
EUR_USD,35.0,10.84,50.0,1.5,0.495,pip,104.6,2,3,,,83.9,7.6,1.3,3.5,3.8,83.9,16.1,0.0
EUR_USD,35.0,10.84,70.0,2.0,0.495,pip,-29.9,2,3,,,84.5,6.3,3.8,0.4,5.04,84.5,15.1,0.4
EUR_USD,40.0,12.38,10.0,0.3,0.495,pip,144860836844.4,2,3,,,88.7,8.4,2.1,0.7,0.21,88.7,11.3,0.0
EUR_USD,40.0,12.38,20.0,0.5,0.495,pip,117.3,3,3,84.0,1.0,87.6,7.0,2.2,2.5,0.73,87.6,12.4,0.0
EUR_USD,40.0,12.38,30.0,0.75,0.495,pip,120.1,2,3,,,88.1,5.5,2.6,2.6,1.28,88.1,11.9,0.0
EUR_USD,40.0,12.38,40.0,1.0,0.495,pip,350.3,3,3,44.0,1.0,89.6,4.5,3.4,1.5,0.94,89.6,10.4,0.0
EUR_USD,40.0,12.38,60.0,1.5,0.495,pip,90.8,3,3,37.8,1.0,87.3,5.4,4.4,0.9,1.9,87.3,12.7,0.0
EUR_USD,40.0,12.38,80.0,2.0,0.495,pip,39.7,2,3,,,87.5,4.3,3.4,1.4,3.37,87.5,12.5,0.0
EUR_USD,45.0,13.93,15.0,0.3,0.495,pip,86.5,3,3,56.8,1.0,89.5,6.7,2.7,0.9,0.13,89.5,10.5,0.0
EUR_USD,45.0,13.93,20.0,0.5,0.495,pip,103.2,3,3,68.8,1.0,88.2,7.0,2.5,1.9,0.46,88.2,11.8,0.0
EUR_USD,45.0,13.93,35.0,0.75,0.495,pip,209.9,3,3,56.8,1.0,89.0,5.8,2.3,1.5,1.46,89.0,11.0,0.0
EUR_USD,45.0,13.93,45.0,1.0,0.495,pip,61.7,3,3,42.0,1.0,89.9,3.9,2.5,2.3,1.38,89.9,10.1,0.0
EUR_USD,45.0,13.93,70.0,1.5,0.495,pip,124.6,2,2,,,89.6,4.5,3.6,0.6,1.62,89.6,10.4,0.0
EUR_USD,45.0,13.93,90.0,2.0,0.495,pip,33.3,3,3,18.3,1.0,86.1,4.8,4.2,1.2,3.61,86.1,13.9,0.0
EUR_USD,50.0,15.48,15.0,0.3,0.495,ATR,55.8,3,3,45.2,1.0,90.9,6.7,2.0,0.4,0.0,90.9,9.1,0.0
EUR_USD,50.0,15.48,25.0,0.5,0.495,ATR,959.0,2,3,,,90.5,5.8,2.5,0.8,0.49,90.5,9.5,0.0
EUR_USD,50.0,15.48,40.0,0.75,0.495,ATR,50.9,3,3,39.9,1.0,90.9,4.1,2.8,1.0,1.22,90.9,9.1,0.0
EUR_USD,50.0,15.48,50.0,1.0,0.495,ATR,119.3,3,3,42.7,1.0,87.9,5.1,2.9,1.6,2.55,87.9,12.1,0.0
EUR_USD,50.0,15.48,75.0,1.5,0.495,ATR,131.8,2,3,,,90.7,4.8,2.1,1.0,1.38,90.7,9.3,0.0
EUR_USD,50.0,15.48,100.0,2.0,0.495,ATR,-85.6,2,3,,,87.8,2.7,4.7,2.0,2.7,87.8,11.5,0.7
EUR_USD,55.0,17.03,15.0,0.3,0.495,pip,70.1,3,3,39.6,1.0,91.9,6.0,1.5,0.4,0.14,91.9,8.1,0.0
EUR_USD,55.0,17.03,30.0,0.5,0.495,pip,64.5,3,3,43.4,1.0,90.0,4.3,2.8,1.5,1.3,90.0,10.0,0.0
EUR_USD,55.0,17.03,40.0,0.75,0.495,pip,55.2,3,3,38.5,1.0,89.8,5.6,2.3,1.5,0.76,89.8,10.2,0.0
EUR_USD,55.0,17.03,55.0,1.0,0.495,pip,87.3,3,3,30.1,1.0,92.0,4.1,2.4,0.7,0.73,92.0,8.0,0.0
EUR_USD,55.0,17.03,80.0,1.5,0.495,pip,-61.2,2,2,,,90.5,4.3,3.0,0.9,1.29,90.5,9.1,0.4
EUR_USD,55.0,17.03,110.0,2.0,0.495,pip,35.4,3,2,,,90.7,2.1,3.6,0.7,2.86,90.7,9.3,0.0
EUR_USD,60.0,18.58,20.0,0.3,0.495,pip,63.0,3,3,40.4,1.0,92.4,4.8,2.2,0.4,0.15,92.4,7.6,0.0
EUR_USD,60.0,18.58,30.0,0.5,0.495,pip,61.3,3,3,42.9,1.0,92.0,5.4,1.5,0.4,0.77,92.0,8.0,0.0
EUR_USD,60.0,18.58,45.0,0.75,0.495,pip,62.6,3,3,39.2,1.0,91.0,5.7,1.5,0.8,1.03,91.0,9.0,0.0
EUR_USD,60.0,18.58,60.0,1.0,0.495,pip,107.1,3,3,25.5,1.0,91.4,3.4,3.8,0.3,1.03,91.4,8.6,0.0
EUR_USD,60.0,18.58,90.0,1.5,0.495,pip,39.1,3,3,26.0,1.0,88.6,4.3,2.7,2.7,1.63,88.6,11.4,0.0
EUR_USD,60.0,18.58,120.0,2.0,0.495,pip,24.0,3,3,9.9,1.0,90.5,3.4,2.6,1.7,1.72,90.5,9.5,0.0
EUR_USD,65.0,20.12,20.0,0.3,0.495,ATR,43.8,3,3,33.9,1.0,92.1,5.4,2.1,0.0,0.35,92.1,7.9,0.0
EUR_USD,65.0,20.12,30.0,0.5,0.495,ATR,44.7,3,3,33.7,1.0,91.6,5.7,1.5,0.4,0.66,91.6,8.4,0.0
EUR_USD,65.0,20.12,50.0,0.75,0.495,ATR,60.6,3,3,32.7,1.0,92.7,4.0,1.1,1.1,1.08,92.7,7.3,0.0
EUR_USD,65.0,20.12,65.0,1.0,0.495,ATR,91.4,3,3,24.2,1.0,92.1,4.4,2.6,0.3,0.59,92.1,7.9,0.0
EUR_USD,65.0,20.12,100.0,1.5,0.495,ATR,47.3,3,2,,,92.6,2.5,2.5,0.5,1.98,92.6,7.4,0.0
EUR_USD,65.0,20.12,130.0,2.0,0.495,ATR,24.5,3,3,10.1,1.0,91.9,3.7,2.2,0.0,2.21,91.9,8.1,0.0
EUR_USD,70.0,21.67,20.0,0.3,0.495,pip,40.6,3,3,33.8,1.0,93.5,5.5,0.7,0.3,0.0,93.5,6.5,0.0
EUR_USD,70.0,21.67,35.0,0.5,0.495,pip,44.0,3,3,33.9,1.0,94.0,4.5,0.9,0.5,0.17,94.0,6.0,0.0
EUR_USD,70.0,21.67,50.0,0.75,0.495,pip,117.8,3,3,27.8,1.0,90.5,5.4,2.4,1.0,0.68,90.5,9.5,0.0
EUR_USD,70.0,21.67,70.0,1.0,0.495,pip,59.4,3,3,20.9,1.0,92.1,4.0,2.0,1.2,0.79,92.1,7.9,0.0
EUR_USD,70.0,21.67,105.0,1.5,0.495,pip,83.1,3,3,21.1,1.0,92.4,2.0,3.5,0.5,1.52,92.4,7.6,0.0
EUR_USD,70.0,21.67,140.0,2.0,0.495,pip,26.3,3,2,,,91.9,3.7,2.2,0.0,2.21,91.9,8.1,0.0
EUR_USD,75.0,23.22,20.0,0.3,0.495,pip,41.0,3,3,30.4,1.0,93.4,4.5,1.5,0.4,0.19,93.4,6.6,0.0
EUR_USD,75.0,23.22,40.0,0.5,0.495,pip,41.3,3,3,25.9,1.0,91.5,5.1,2.1,0.8,0.53,91.5,8.5,0.0
EUR_USD,75.0,23.22,55.0,0.75,0.495,pip,46.8,3,3,29.2,1.0,91.8,5.3,1.6,0.6,0.63,91.8,8.2,0.0
EUR_USD,75.0,23.22,75.0,1.0,0.495,pip,26.2,3,3,17.4,1.0,90.3,3.8,3.2,2.2,0.54,90.3,9.7,0.0
EUR_USD,75.0,23.22,110.0,1.5,0.495,pip,82.8,3,3,16.5,1.0,92.0,2.2,2.9,0.0,2.9,92.0,8.0,0.0
EUR_USD,75.0,23.22,150.0,2.0,0.495,pip,-128.5,3,3,-409.6,0.369,92.9,1.8,2.7,0.9,1.77,92.9,6.2,0.9
EUR_USD,80.0,24.77,25.0,0.3,0.495,pip,35.2,3,3,28.4,1.0,94.5,4.1,0.9,0.4,0.0,94.5,5.5,0.0
EUR_USD,80.0,24.77,40.0,0.5,0.495,pip,42.9,3,3,22.5,1.0,93.3,4.4,1.0,0.8,0.51,93.3,6.7,0.0
EUR_USD,80.0,24.77,60.0,0.75,0.495,pip,72.5,3,3,27.3,1.0,91.7,4.2,2.1,0.4,1.67,91.7,8.3,0.0
EUR_USD,80.0,24.77,80.0,1.0,0.495,pip,466.9,3,3,16.6,1.0,92.0,3.1,1.2,1.9,1.85,92.0,8.0,0.0
EUR_USD,80.0,24.77,120.0,1.5,0.495,pip,84.5,3,3,15.8,1.0,92.4,3.8,1.5,0.0,2.27,92.4,7.6,0.0
EUR_USD,80.0,24.77,160.0,2.0,0.495,pip,21.1,3,3,5.0,1.0,96.0,1.0,1.0,0.0,1.98,96.0,4.0,0.0
EUR_USD,85.0,26.32,25.0,0.3,0.495,pip,34.8,3,3,27.4,1.0,94.9,3.5,0.6,0.8,0.2,94.9,5.1,0.0
EUR_USD,85.0,26.32,40.0,0.5,0.495,pip,102.3,3,3,25.1,1.0,93.8,5.2,0.5,0.2,0.24,93.8,6.2,0.0
EUR_USD,85.0,26.32,65.0,0.75,0.495,pip,31.7,3,3,20.4,1.0,93.9,3.6,0.7,1.4,0.36,93.9,6.1,0.0
EUR_USD,85.0,26.32,85.0,1.0,0.495,pip,205.2,3,3,15.0,1.0,93.8,2.9,1.4,1.4,0.48,93.8,6.2,0.0
EUR_USD,85.0,26.32,130.0,1.5,0.495,pip,29.4,3,2,,,93.1,2.3,0.8,2.3,1.54,93.1,6.9,0.0
EUR_USD,85.0,26.32,170.0,2.0,0.495,pip,21.8,3,3,4.7,1.0,94.0,2.4,1.2,0.0,2.38,94.0,6.0,0.0
EUR_USD,90.0,27.86,25.0,0.3,0.495,pip,30.3,3,3,25.3,1.0,93.7,5.2,1.1,0.0,0.0,93.7,6.3,0.0
EUR_USD,90.0,27.86,45.0,0.5,0.495,pip,289.2,3,3,24.3,1.0,94.1,3.1,0.9,0.9,0.93,94.1,5.9,0.0
EUR_USD,90.0,27.86,70.0,0.75,0.495,pip,73.0,3,3,15.7,1.0,92.6,3.5,2.0,1.5,0.5,92.6,7.4,0.0
EUR_USD,90.0,27.86,90.0,1.0,0.495,pip,205.7,3,3,12.4,1.0,91.1,5.5,1.4,1.4,0.68,91.1,8.9,0.0
EUR_USD,90.0,27.86,135.0,1.5,0.495,pip,20.3,3,3,11.4,1.0,93.8,3.1,1.5,0.8,0.77,93.8,6.2,0.0
EUR_USD,90.0,27.86,180.0,2.0,0.495,pip,11.1,2,3,,,93.9,2.4,2.4,0.0,1.22,93.9,6.1,0.0
EUR_USD,95.0,29.41,30.0,0.3,0.495,pip,255.3,3,3,24.6,1.0,94.0,4.4,0.9,0.5,0.23,94.0,6.0,0.0
EUR_USD,95.0,29.41,50.0,0.5,0.495,pip,123.2,3,3,19.9,1.0,92.4,4.6,1.5,0.8,0.76,92.4,7.6,0.0
EUR_USD,95.0,29.41,70.0,0.75,0.495,pip,102.0,3,3,17.2,1.0,92.6,3.2,2.1,1.6,0.53,92.6,7.4,0.0
EUR_USD,95.0,29.41,95.0,1.0,0.495,pip,29.5,3,3,10.0,1.0,93.5,3.9,1.3,0.0,1.3,93.5,6.5,0.0
EUR_USD,95.0,29.41,140.0,1.5,0.495,pip,20.2,3,3,7.2,1.0,94.9,1.0,2.0,1.0,1.02,94.9,5.1,0.0
EUR_USD,95.0,29.41,190.0,2.0,0.495,pip,9.3,2,3,,,94.4,0.0,3.7,0.0,1.85,94.4,5.6,0.0
EUR_USD,100.0,30.96,30.0,0.3,0.495,pip,33.8,3,3,21.7,1.0,94.0,4.7,0.8,0.3,0.26,94.0,6.0,0.0
EUR_USD,100.0,30.96,50.0,0.5,0.495,pip,253.5,3,3,20.9,1.0,94.4,3.3,1.0,0.7,0.65,94.4,5.6,0.0
EUR_USD,100.0,30.96,75.0,0.75,0.495,pip,24.6,3,3,14.7,1.0,92.9,4.1,1.2,1.8,0.0,92.9,7.1,0.0
EUR_USD,100.0,30.96,100.0,1.0,0.495,pip,524.4,3,3,11.0,1.0,93.3,2.7,2.7,0.7,0.67,93.3,6.7,0.0
EUR_USD,100.0,30.96,150.0,1.5,0.495,pip,17.4,3,3,5.4,1.0,95.2,1.2,2.4,0.0,1.2,95.2,4.8,0.0
EUR_USD,100.0,30.96,200.0,2.0,0.495,pip,7.0,2,2,,,95.0,0.0,3.3,1.7,0.0,95.0,5.0,0.0
EUR_USD,105.0,32.51,30.0,0.3,0.495,pip,34.6,3,3,22.9,1.0,95.4,3.1,0.7,0.7,0.0,95.4,4.6,0.0
EUR_USD,105.0,32.51,50.0,0.5,0.495,pip,36.1,3,3,22.0,1.0,95.1,2.6,1.6,0.0,0.66,95.1,4.9,0.0
EUR_USD,105.0,32.51,80.0,0.75,0.495,pip,18.2,3,3,12.8,1.0,95.1,2.0,2.5,0.5,0.0,95.1,4.9,0.0
EUR_USD,105.0,32.51,105.0,1.0,0.495,pip,16.4,3,3,11.7,1.0,95.3,2.1,2.6,0.0,0.0,95.3,4.7,0.0
EUR_USD,105.0,32.51,160.0,1.5,0.495,pip,19.8,3,3,6.8,1.0,95.1,2.0,2.0,0.0,0.98,95.1,4.9,0.0
EUR_USD,105.0,32.51,210.0,2.0,0.495,pip,7.2,2,2,,,95.2,0.0,3.2,1.6,0.0,95.2,4.8,0.0
EUR_USD,110.0,34.06,35.0,0.3,0.495,pip,263.3,3,3,18.0,1.0,95.5,3.4,0.8,0.0,0.28,95.5,4.5,0.0
EUR_USD,110.0,34.06,55.0,0.5,0.495,pip,18.8,3,3,15.3,1.0,95.5,3.5,1.0,0.0,0.0,95.5,4.5,0.0
EUR_USD,110.0,34.06,80.0,0.75,0.495,pip,21.2,3,3,14.5,1.0,94.1,3.4,2.0,0.5,0.0,94.1,5.9,0.0
EUR_USD,110.0,34.06,110.0,1.0,0.495,pip,16.0,3,3,10.0,1.0,94.2,2.6,2.6,0.6,0.0,94.2,5.8,0.0
EUR_USD,110.0,34.06,165.0,1.5,0.495,pip,16.5,3,3,5.4,1.0,95.6,1.1,2.2,0.0,1.1,95.6,4.4,0.0
EUR_USD,110.0,34.06,220.0,2.0,0.495,pip,9.3,3,3,4.8,1.0,97.1,0.0,1.9,1.0,0.0,97.1,2.9,0.0
EUR_USD,115.0,35.6,35.0,0.3,0.495,pip,22.3,3,3,18.3,1.0,95.9,3.3,0.8,0.0,0.0,95.9,4.1,0.0
EUR_USD,115.0,35.6,60.0,0.5,0.495,pip,23.5,3,3,13.0,1.0,92.8,4.2,1.2,1.8,0.0,92.8,7.2,0.0
EUR_USD,115.0,35.6,85.0,0.75,0.495,pip,23.2,3,3,15.5,1.0,95.4,1.4,2.8,0.5,0.0,95.4,4.6,0.0
EUR_USD,115.0,35.6,115.0,1.0,0.495,pip,28.2,3,3,8.1,1.0,94.0,2.6,1.7,0.9,0.86,94.0,6.0,0.0
EUR_USD,115.0,35.6,170.0,1.5,0.495,pip,18.2,3,3,4.6,1.0,94.4,1.4,2.8,0.0,1.41,94.4,5.6,0.0
EUR_USD,115.0,35.6,230.0,2.0,0.495,pip,9.7,3,3,5.2,1.0,97.3,0.0,1.8,0.9,0.0,97.3,2.7,0.0
EUR_USD,120.0,37.15,35.0,0.3,0.495,pip,20.4,3,3,14.9,1.0,96.1,2.3,1.0,0.3,0.32,96.1,3.9,0.0
EUR_USD,120.0,37.15,60.0,0.5,0.495,pip,25.3,3,3,13.6,1.0,93.3,3.9,1.1,1.7,0.0,93.3,6.7,0.0
EUR_USD,120.0,37.15,90.0,0.75,0.495,pip,23.0,3,3,12.1,1.0,96.6,1.3,1.7,0.0,0.42,96.6,3.4,0.0
EUR_USD,120.0,37.15,120.0,1.0,0.495,pip,33.9,3,3,9.2,1.0,95.6,1.5,1.5,0.0,1.47,95.6,4.4,0.0
EUR_USD,120.0,37.15,180.0,1.5,0.495,pip,9.2,3,3,3.9,1.0,94.4,0.0,3.7,1.9,0.0,94.4,5.6,0.0
EUR_USD,120.0,37.15,240.0,2.0,0.495,pip,6.8,3,3,2.5,1.0,91.2,0.0,5.9,2.9,0.0,91.2,8.8,0.0
EUR_USD,125.0,38.7,40.0,0.3,0.495,pip,19.5,3,3,15.2,1.0,95.6,3.7,0.3,0.3,0.0,95.6,4.4,0.0
EUR_USD,125.0,38.7,60.0,0.5,0.495,pip,23.5,3,3,12.0,1.0,95.5,2.5,1.0,1.0,0.0,95.5,4.5,0.0
EUR_USD,125.0,38.7,95.0,0.75,0.495,pip,22.1,3,3,10.2,1.0,95.8,1.6,1.6,0.5,0.53,95.8,4.2,0.0
EUR_USD,125.0,38.7,125.0,1.0,0.495,pip,28.0,3,3,7.8,1.0,96.5,0.7,2.1,0.0,0.7,96.5,3.5,0.0
EUR_USD,125.0,38.7,190.0,1.5,0.495,pip,9.1,3,3,4.0,1.0,94.0,0.0,4.0,2.0,0.0,94.0,6.0,0.0
EUR_USD,125.0,38.7,250.0,2.0,0.495,pip,9.6,3,3,4.6,1.0,96.9,0.0,2.1,1.0,0.0,96.9,3.1,0.0
EUR_USD,130.0,40.25,40.0,0.3,0.495,pip,19.6,3,3,14.0,1.0,95.2,3.2,0.8,0.8,0.0,95.2,4.8,0.0
EUR_USD,130.0,40.25,65.0,0.5,0.495,pip,18.0,3,3,9.8,1.0,95.3,2.6,1.6,0.5,0.0,95.3,4.7,0.0
EUR_USD,130.0,40.25,100.0,0.75,0.495,pip,17.3,3,3,11.5,1.0,96.7,0.5,2.4,0.5,0.0,96.7,3.3,0.0
EUR_USD,130.0,40.25,130.0,1.0,0.495,pip,25.7,3,3,4.4,1.0,94.8,1.3,2.6,0.0,1.3,94.8,5.2,0.0
EUR_USD,130.0,40.25,195.0,1.5,0.495,pip,9.2,3,3,4.2,1.0,96.4,1.2,2.4,0.0,0.0,96.4,3.6,0.0
EUR_USD,130.0,40.25,260.0,2.0,0.495,pip,7.7,3,3,4.3,1.0,97.0,1.0,2.0,0.0,0.0,97.0,3.0,0.0
EUR_USD,135.0,41.8,40.0,0.3,0.495,pip,26.5,3,3,13.1,1.0,95.2,3.1,0.9,0.9,0.0,95.2,4.8,0.0
EUR_USD,135.0,41.8,70.0,0.5,0.495,pip,32.7,3,3,12.8,1.0,97.2,0.8,1.6,0.0,0.39,97.2,2.8,0.0
EUR_USD,135.0,41.8,100.0,0.75,0.495,pip,20.6,3,3,12.0,1.0,96.7,0.5,2.4,0.5,0.0,96.7,3.3,0.0
EUR_USD,135.0,41.8,135.0,1.0,0.495,pip,26.5,3,3,5.4,1.0,95.9,1.0,2.1,0.0,1.03,95.9,4.1,0.0
EUR_USD,135.0,41.8,200.0,1.5,0.495,pip,9.1,3,3,2.9,1.0,96.2,1.2,2.5,0.0,0.0,96.2,3.8,0.0
EUR_USD,135.0,41.8,270.0,2.0,0.495,pip,6.7,3,3,1.5,1.0,97.8,0.0,0.0,0.0,2.22,97.8,2.2,0.0
EUR_USD,140.0,43.34,40.0,0.3,0.495,pip,26.7,3,3,12.6,1.0,94.9,3.2,0.9,0.9,0.0,94.9,5.1,0.0
EUR_USD,140.0,43.34,70.0,0.5,0.495,pip,34.8,3,3,12.7,1.0,97.7,0.8,1.2,0.0,0.38,97.7,2.3,0.0
EUR_USD,140.0,43.34,105.0,0.75,0.495,pip,16.4,3,3,11.8,1.0,97.0,0.9,2.2,0.0,0.0,97.0,3.0,0.0
EUR_USD,140.0,43.34,140.0,1.0,0.495,pip,22.3,3,3,11.3,1.0,97.6,0.5,1.4,0.0,0.47,97.6,2.4,0.0
EUR_USD,140.0,43.34,210.0,1.5,0.495,pip,9.5,3,3,4.1,1.0,96.2,1.3,2.6,0.0,0.0,96.2,3.8,0.0
EUR_USD,140.0,43.34,280.0,2.0,0.495,pip,7.1,3,3,1.7,1.0,98.0,0.0,0.0,0.0,2.04,98.0,2.0,0.0
EUR_USD,145.0,44.89,45.0,0.3,0.495,pip,35.4,3,3,10.8,1.0,95.2,2.4,1.2,0.6,0.6,95.2,4.8,0.0
EUR_USD,145.0,44.89,70.0,0.5,0.495,pip,36.3,3,3,13.3,1.0,97.7,0.8,1.1,0.0,0.38,97.7,2.3,0.0
EUR_USD,145.0,44.89,110.0,0.75,0.495,pip,10.8,3,3,6.5,1.0,95.0,0.8,4.2,0.0,0.0,95.0,5.0,0.0
EUR_USD,145.0,44.89,145.0,1.0,0.495,pip,30.5,3,3,8.2,1.0,97.3,0.7,1.4,0.0,0.68,97.3,2.7,0.0
EUR_USD,145.0,44.89,220.0,1.5,0.495,pip,9.9,3,3,4.1,1.0,95.7,1.4,2.9,0.0,0.0,95.7,4.3,0.0
EUR_USD,145.0,44.89,290.0,2.0,0.495,pip,7.3,3,3,1.7,1.0,98.0,0.0,0.0,0.0,2.04,98.0,2.0,0.0
EUR_USD,150.0,46.44,45.0,0.3,0.495,pip,33.2,3,3,10.7,1.0,95.3,2.3,1.2,1.2,0.0,95.3,4.7,0.0
EUR_USD,150.0,46.44,75.0,0.5,0.495,pip,38.3,3,3,13.3,1.0,97.2,1.2,1.2,0.0,0.4,97.2,2.8,0.0
EUR_USD,150.0,46.44,110.0,0.75,0.495,pip,15.2,3,3,7.4,1.0,97.5,0.6,1.2,0.6,0.0,97.5,2.5,0.0
EUR_USD,150.0,46.44,150.0,1.0,0.495,pip,15.5,3,3,9.4,1.0,97.8,0.5,1.1,0.5,0.0,97.8,2.2,0.0
EUR_USD,150.0,46.44,225.0,1.5,0.495,pip,9.6,3,3,3.8,1.0,95.0,1.7,3.3,0.0,0.0,95.0,5.0,0.0
EUR_USD,150.0,46.44,300.0,2.0,0.495,pip,7.5,3,3,1.7,1.0,98.0,0.0,0.0,0.0,2.04,98.0,2.0,0.0
EUR_USD,155.0,47.99,45.0,0.3,0.495,pip,35.1,3,3,11.5,1.0,95.8,2.1,1.0,1.0,0.0,95.8,4.2,0.0
EUR_USD,155.0,47.99,80.0,0.5,0.495,pip,36.8,3,3,14.2,1.0,98.2,0.4,1.1,0.0,0.35,98.2,1.8,0.0
EUR_USD,155.0,47.99,115.0,0.75,0.495,pip,16.5,3,3,10.6,1.0,98.3,0.4,0.8,0.4,0.0,98.3,1.7,0.0
EUR_USD,155.0,47.99,155.0,1.0,0.495,pip,12.3,3,3,5.7,1.0,96.4,0.9,1.8,0.9,0.0,96.4,3.6,0.0
EUR_USD,155.0,47.99,230.0,1.5,0.495,pip,9.2,3,3,3.3,1.0,93.5,2.2,4.3,0.0,0.0,93.5,6.5,0.0
EUR_USD,155.0,47.99,310.0,2.0,0.495,pip,6.6,3,3,0.6,1.0,95.7,0.0,0.0,0.0,4.35,95.7,4.3,0.0
EUR_USD,160.0,49.54,50.0,0.3,0.495,pip,13.1,3,3,8.3,1.0,94.9,3.8,1.3,0.0,0.0,94.9,5.1,0.0
EUR_USD,160.0,49.54,80.0,0.5,0.495,pip,19.3,3,3,13.7,1.0,98.2,0.4,1.4,0.0,0.0,98.2,1.8,0.0
EUR_USD,160.0,49.54,120.0,0.75,0.495,pip,16.2,3,3,10.0,1.0,98.2,0.5,0.9,0.5,0.0,98.2,1.8,0.0
EUR_USD,160.0,49.54,160.0,1.0,0.495,pip,12.1,3,3,5.2,1.0,96.0,1.0,2.0,1.0,0.0,96.0,4.0,0.0
EUR_USD,160.0,49.54,240.0,1.5,0.495,pip,14.7,3,3,3.7,1.0,97.1,0.0,2.0,1.0,0.0,97.1,2.9,0.0
EUR_USD,160.0,49.54,320.0,2.0,0.495,pip,6.8,3,3,0.7,1.0,95.7,0.0,0.0,0.0,4.35,95.7,4.3,0.0
EUR_USD,165.0,51.08,50.0,0.3,0.495,pip,17.0,3,3,11.0,1.0,95.4,3.1,1.5,0.0,0.0,95.4,4.6,0.0
EUR_USD,165.0,51.08,80.0,0.5,0.495,pip,19.1,3,3,13.1,1.0,98.2,0.4,1.4,0.0,0.0,98.2,1.8,0.0
EUR_USD,165.0,51.08,125.0,0.75,0.495,pip,16.3,3,3,9.6,1.0,98.0,0.5,1.0,0.5,0.0,98.0,2.0,0.0
EUR_USD,165.0,51.08,165.0,1.0,0.495,pip,14.5,3,3,7.7,1.0,98.4,0.5,0.5,0.5,0.0,98.4,1.6,0.0
EUR_USD,165.0,51.08,250.0,1.5,0.495,pip,9.6,3,3,3.1,1.0,90.0,3.3,6.7,0.0,0.0,90.0,10.0,0.0
EUR_USD,165.0,51.08,330.0,2.0,0.495,pip,0.6,3,3,0.5,1.0,100.0,0.0,0.0,0.0,0.0,100.0,0.0,0.0
EUR_USD,170.0,52.63,50.0,0.3,0.495,pip,19.5,3,3,13.2,1.0,97.7,1.2,1.2,0.0,0.0,97.7,2.3,0.0
EUR_USD,170.0,52.63,85.0,0.5,0.495,pip,18.0,3,3,12.4,1.0,97.6,1.2,1.2,0.0,0.0,97.6,2.4,0.0
EUR_USD,170.0,52.63,130.0,0.75,0.495,pip,16.6,3,3,10.7,1.0,98.2,0.5,0.9,0.5,0.0,98.2,1.8,0.0
EUR_USD,170.0,52.63,170.0,1.0,0.495,pip,17.6,3,3,10.9,1.0,98.7,0.4,0.4,0.4,0.0,98.7,1.3,0.0
EUR_USD,170.0,52.63,255.0,1.5,0.495,pip,15.0,3,3,7.8,1.0,98.1,1.2,0.6,0.0,0.0,98.1,1.9,0.0
EUR_USD,170.0,52.63,340.0,2.0,0.495,pip,0.6,3,3,0.5,1.0,100.0,0.0,0.0,0.0,0.0,100.0,0.0,0.0
EUR_USD,175.0,54.18,50.0,0.3,0.495,pip,18.3,3,3,13.1,1.0,98.3,1.0,0.3,0.3,0.0,98.3,1.7,0.0
EUR_USD,175.0,54.18,90.0,0.5,0.495,pip,33.6,3,3,8.9,1.0,98.1,1.0,0.5,0.0,0.49,98.1,1.9,0.0
EUR_USD,175.0,54.18,130.0,0.75,0.495,pip,13.8,3,3,7.1,1.0,97.5,0.6,1.3,0.6,0.0,97.5,2.5,0.0
EUR_USD,175.0,54.18,175.0,1.0,0.495,pip,8.4,3,3,4.0,1.0,96.5,1.2,2.3,0.0,0.0,96.5,3.5,0.0
EUR_USD,175.0,54.18,260.0,1.5,0.495,pip,11.8,3,3,5.8,1.0,97.0,2.0,1.0,0.0,0.0,97.0,3.0,0.0
EUR_USD,175.0,54.18,350.0,2.0,0.495,pip,0.6,3,3,0.5,1.0,100.0,0.0,0.0,0.0,0.0,100.0,0.0,0.0
EUR_USD,180.0,55.73,55.0,0.3,0.495,pip,17.2,3,3,12.1,1.0,98.1,1.1,0.8,0.0,0.0,98.1,1.9,0.0
EUR_USD,180.0,55.73,90.0,0.5,0.495,pip,36.6,3,3,8.6,1.0,98.1,1.0,0.5,0.0,0.48,98.1,1.9,0.0
EUR_USD,180.0,55.73,135.0,0.75,0.495,pip,14.4,3,3,6.9,1.0,97.5,0.6,1.3,0.6,0.0,97.5,2.5,0.0
EUR_USD,180.0,55.73,180.0,1.0,0.495,pip,8.3,3,3,3.6,1.0,96.2,1.3,2.6,0.0,0.0,96.2,3.8,0.0
EUR_USD,180.0,55.73,270.0,1.5,0.495,pip,9.8,3,3,1.8,1.0,98.1,0.0,0.0,0.0,1.89,98.1,1.9,0.0
EUR_USD,180.0,55.73,360.0,2.0,0.495,pip,0.6,3,3,0.5,1.0,100.0,0.0,0.0,0.0,0.0,100.0,0.0,0.0
EUR_USD,185.0,57.28,55.0,0.3,0.495,pip,15.4,3,3,13.1,1.0,98.4,1.6,0.0,0.0,0.0,98.4,1.6,0.0
EUR_USD,185.0,57.28,90.0,0.5,0.495,pip,16.4,3,3,11.6,1.0,98.4,0.4,1.2,0.0,0.0,98.4,1.6,0.0
EUR_USD,185.0,57.28,140.0,0.75,0.495,pip,10.8,3,3,7.4,1.0,98.4,0.5,1.0,0.0,0.0,98.4,1.6,0.0
EUR_USD,185.0,57.28,185.0,1.0,0.495,pip,8.9,3,3,4.2,1.0,98.3,0.0,1.7,0.0,0.0,98.3,1.7,0.0
EUR_USD,185.0,57.28,280.0,1.5,0.495,pip,14.2,3,3,7.9,1.0,98.9,0.5,0.5,0.0,0.0,98.9,1.1,0.0
EUR_USD,185.0,57.28,370.0,2.0,0.495,pip,3.3,3,3,3.0,1.0,100.0,0.0,0.0,0.0,0.0,100.0,0.0,0.0
EUR_USD,190.0,58.82,55.0,0.3,0.495,pip,15.1,3,3,13.0,1.0,98.3,1.7,0.0,0.0,0.0,98.3,1.7,0.0
EUR_USD,190.0,58.82,95.0,0.5,0.495,pip,9.1,3,3,4.2,1.0,97.2,0.9,1.8,0.0,0.0,97.2,2.8,0.0
EUR_USD,190.0,58.82,140.0,0.75,0.495,pip,12.0,3,3,7.9,1.0,98.4,0.5,1.0,0.0,0.0,98.4,1.6,0.0
EUR_USD,190.0,58.82,190.0,1.0,0.495,pip,9.0,3,3,4.2,1.0,98.3,0.0,1.7,0.0,0.0,98.3,1.7,0.0
EUR_USD,190.0,58.82,285.0,1.5,0.495,pip,14.1,3,3,7.7,1.0,98.9,0.5,0.5,0.0,0.0,98.9,1.1,0.0
EUR_USD,190.0,58.82,380.0,2.0,0.495,pip,3.3,3,3,3.0,1.0,100.0,0.0,0.0,0.0,0.0,100.0,0.0,0.0
EUR_USD,195.0,60.37,60.0,0.3,0.495,pip,19.9,3,3,13.3,1.0,98.6,0.3,1.0,0.0,0.0,98.6,1.4,0.0
EUR_USD,195.0,60.37,100.0,0.5,0.495,pip,7.7,3,3,3.9,1.0,98.1,0.0,1.9,0.0,0.0,98.1,1.9,0.0
EUR_USD,195.0,60.37,145.0,0.75,0.495,pip,6.8,3,3,3.8,1.0,98.1,0.0,1.9,0.0,0.0,98.1,1.9,0.0
EUR_USD,195.0,60.37,195.0,1.0,0.495,pip,13.4,3,3,9.5,1.0,99.1,0.5,0.5,0.0,0.0,99.1,0.9,0.0
EUR_USD,195.0,60.37,290.0,1.5,0.495,pip,14.1,3,3,7.7,1.0,98.9,0.5,0.5,0.0,0.0,98.9,1.1,0.0
EUR_USD,195.0,60.37,390.0,2.0,0.495,pip,3.3,3,3,3.0,1.0,100.0,0.0,0.0,0.0,0.0,100.0,0.0,0.0
EUR_USD,200.0,61.92,60.0,0.3,0.495,pip,20.4,3,3,13.6,1.0,98.6,0.3,1.0,0.0,0.0,98.6,1.4,0.0
EUR_USD,200.0,61.92,100.0,0.5,0.495,pip,8.8,3,3,3.9,1.0,98.1,0.0,1.9,0.0,0.0,98.1,1.9,0.0
EUR_USD,200.0,61.92,150.0,0.75,0.495,pip,12.1,3,3,9.3,1.0,99.1,0.4,0.4,0.0,0.0,99.1,0.9,0.0
EUR_USD,200.0,61.92,200.0,1.0,0.495,pip,13.2,3,3,9.2,1.0,99.1,0.5,0.5,0.0,0.0,99.1,0.9,0.0
EUR_USD,200.0,61.92,300.0,1.5,0.495,pip,14.4,3,3,7.6,1.0,98.9,0.5,0.5,0.0,0.0,98.9,1.1,0.0
EUR_USD,200.0,61.92,400.0,2.0,0.495,pip,3.3,3,3,3.0,1.0,100.0,0.0,0.0,0.0,0.0,100.0,0.0,0.0
EUR_USD,205.0,63.47,60.0,0.3,0.495,pip,19.7,3,3,13.4,1.0,98.6,0.3,1.0,0.0,0.0,98.6,1.4,0.0
EUR_USD,205.0,63.47,100.0,0.5,0.495,pip,8.5,3,3,3.8,1.0,98.1,0.0,1.9,0.0,0.0,98.1,1.9,0.0
EUR_USD,205.0,63.47,155.0,0.75,0.495,pip,12.0,3,3,9.1,1.0,99.1,0.5,0.5,0.0,0.0,99.1,0.9,0.0
EUR_USD,205.0,63.47,205.0,1.0,0.495,pip,13.1,3,3,9.1,1.0,99.1,0.5,0.5,0.0,0.0,99.1,0.9,0.0
EUR_USD,205.0,63.47,310.0,1.5,0.495,pip,14.4,3,3,7.4,1.0,98.9,0.5,0.5,0.0,0.0,98.9,1.1,0.0
EUR_USD,205.0,63.47,410.0,2.0,0.495,pip,3.3,3,3,3.0,1.0,100.0,0.0,0.0,0.0,0.0,100.0,0.0,0.0
EUR_USD,210.0,65.02,65.0,0.3,0.495,pip,15.2,3,3,11.1,1.0,98.5,1.2,0.4,0.0,0.0,98.5,1.5,0.0
EUR_USD,210.0,65.02,105.0,0.5,0.495,pip,9.1,3,3,3.9,1.0,98.2,0.0,1.8,0.0,0.0,98.2,1.8,0.0
EUR_USD,210.0,65.02,160.0,0.75,0.495,pip,12.0,3,3,9.0,1.0,99.1,0.5,0.5,0.0,0.0,99.1,0.9,0.0
EUR_USD,210.0,65.02,210.0,1.0,0.495,pip,13.6,3,3,9.5,1.0,99.1,0.5,0.5,0.0,0.0,99.1,0.9,0.0
EUR_USD,210.0,65.02,315.0,1.5,0.495,pip,14.4,3,3,7.2,1.0,98.9,0.6,0.6,0.0,0.0,98.9,1.1,0.0
EUR_USD,210.0,65.02,420.0,2.0,0.495,pip,3.3,3,3,3.0,1.0,100.0,0.0,0.0,0.0,0.0,100.0,0.0,0.0
EUR_USD,215.0,66.56,65.0,0.3,0.495,pip,10.6,3,3,6.9,1.0,97.6,1.8,0.6,0.0,0.0,97.6,2.4,0.0
EUR_USD,215.0,66.56,110.0,0.5,0.495,pip,8.1,3,3,3.9,1.0,98.1,0.0,1.9,0.0,0.0,98.1,1.9,0.0
EUR_USD,215.0,66.56,160.0,0.75,0.495,pip,12.2,3,3,9.3,1.0,99.1,0.4,0.4,0.0,0.0,99.1,0.9,0.0
EUR_USD,215.0,66.56,215.0,1.0,0.495,pip,13.8,3,3,9.5,1.0,99.1,0.5,0.5,0.0,0.0,99.1,0.9,0.0
EUR_USD,215.0,66.56,320.0,1.5,0.495,pip,14.7,3,3,7.5,1.0,98.9,0.5,0.5,0.0,0.0,98.9,1.1,0.0
EUR_USD,215.0,66.56,430.0,2.0,0.495,pip,3.3,3,3,3.0,1.0,100.0,0.0,0.0,0.0,0.0,100.0,0.0,0.0
EUR_USD,220.0,68.11,65.0,0.3,0.495,pip,10.7,3,3,6.7,1.0,97.6,1.8,0.6,0.0,0.0,97.6,2.4,0.0
EUR_USD,220.0,68.11,110.0,0.5,0.495,pip,9.3,3,3,3.9,1.0,98.1,0.0,1.9,0.0,0.0,98.1,1.9,0.0
EUR_USD,220.0,68.11,165.0,0.75,0.495,pip,12.4,3,3,9.4,1.0,99.1,0.4,0.4,0.0,0.0,99.1,0.9,0.0
EUR_USD,220.0,68.11,220.0,1.0,0.495,pip,10.5,3,3,6.3,1.0,98.8,0.6,0.6,0.0,0.0,98.8,1.2,0.0
EUR_USD,220.0,68.11,330.0,1.5,0.495,pip,11.4,3,3,4.3,1.0,98.3,0.8,0.8,0.0,0.0,98.3,1.7,0.0
EUR_USD,220.0,68.11,440.0,2.0,0.495,pip,3.3,3,3,3.0,1.0,100.0,0.0,0.0,0.0,0.0,100.0,0.0,0.0
EUR_USD,225.0,69.66,70.0,0.3,0.495,pip,10.2,3,3,5.8,1.0,97.1,2.2,0.7,0.0,0.0,97.1,2.9,0.0
EUR_USD,225.0,69.66,110.0,0.5,0.495,pip,9.0,3,3,3.9,1.0,98.1,0.0,1.9,0.0,0.0,98.1,1.9,0.0
EUR_USD,225.0,69.66,170.0,0.75,0.495,pip,9.2,3,3,6.4,1.0,98.8,0.6,0.6,0.0,0.0,98.8,1.2,0.0
EUR_USD,225.0,69.66,225.0,1.0,0.495,pip,11.3,3,3,6.8,1.0,98.9,0.6,0.6,0.0,0.0,98.9,1.1,0.0
EUR_USD,225.0,69.66,340.0,1.5,0.495,pip,12.3,3,3,4.9,1.0,98.5,0.8,0.8,0.0,0.0,98.5,1.5,0.0
EUR_USD,225.0,69.66,450.0,2.0,0.495,pip,3.3,3,3,3.0,1.0,100.0,0.0,0.0,0.0,0.0,100.0,0.0,0.0
EUR_USD,230.0,71.21,70.0,0.3,0.495,pip,10.0,3,3,5.8,1.0,97.1,2.2,0.7,0.0,0.0,97.1,2.9,0.0
EUR_USD,230.0,71.21,115.0,0.5,0.495,pip,13.5,3,3,9.5,1.0,99.1,0.4,0.4,0.0,0.0,99.1,0.9,0.0
EUR_USD,230.0,71.21,170.0,0.75,0.495,pip,8.7,3,3,6.0,1.0,98.8,0.6,0.6,0.0,0.0,98.8,1.2,0.0
EUR_USD,230.0,71.21,230.0,1.0,0.495,pip,11.4,3,3,6.9,1.0,98.9,0.6,0.6,0.0,0.0,98.9,1.1,0.0
EUR_USD,230.0,71.21,345.0,1.5,0.495,pip,12.3,3,3,4.9,1.0,98.5,0.8,0.8,0.0,0.0,98.5,1.5,0.0
EUR_USD,230.0,71.21,460.0,2.0,0.495,pip,3.3,3,3,3.0,1.0,100.0,0.0,0.0,0.0,0.0,100.0,0.0,0.0
EUR_USD,235.0,72.76,70.0,0.3,0.495,pip,9.9,3,3,5.5,1.0,97.0,2.3,0.8,0.0,0.0,97.0,3.0,0.0
EUR_USD,235.0,72.76,120.0,0.5,0.495,pip,7.9,3,3,4.8,1.0,98.5,0.7,0.7,0.0,0.0,98.5,1.5,0.0
EUR_USD,235.0,72.76,175.0,0.75,0.495,pip,9.4,3,3,6.6,1.0,98.8,0.6,0.6,0.0,0.0,98.8,1.2,0.0
EUR_USD,235.0,72.76,235.0,1.0,0.495,pip,10.3,3,3,5.7,1.0,98.7,0.7,0.7,0.0,0.0,98.7,1.3,0.0
EUR_USD,235.0,72.76,350.0,1.5,0.495,pip,11.2,3,3,3.7,1.0,98.1,1.0,1.0,0.0,0.0,98.1,1.9,0.0
EUR_USD,235.0,72.76,470.0,2.0,0.495,pip,3.3,3,3,3.0,1.0,100.0,0.0,0.0,0.0,0.0,100.0,0.0,0.0
EUR_USD,240.0,74.3,70.0,0.3,0.495,pip,9.2,3,3,5.3,1.0,97.8,1.4,0.7,0.0,0.0,97.8,2.2,0.0
EUR_USD,240.0,74.3,120.0,0.5,0.495,pip,8.6,3,3,4.8,1.0,98.5,0.7,0.7,0.0,0.0,98.5,1.5,0.0
EUR_USD,240.0,74.3,180.0,0.75,0.495,pip,8.6,3,3,5.5,1.0,98.6,0.7,0.7,0.0,0.0,98.6,1.4,0.0
EUR_USD,240.0,74.3,240.0,1.0,0.495,pip,10.0,3,3,5.3,1.0,98.6,0.7,0.7,0.0,0.0,98.6,1.4,0.0
EUR_USD,240.0,74.3,360.0,1.5,0.495,pip,11.2,3,3,3.4,1.0,98.0,1.0,1.0,0.0,0.0,98.0,2.0,0.0
EUR_USD,240.0,74.3,480.0,2.0,0.495,pip,3.3,3,3,3.0,1.0,100.0,0.0,0.0,0.0,0.0,100.0,0.0,0.0
EUR_USD,245.0,75.85,75.0,0.3,0.495,pip,11.0,3,3,4.5,1.0,98.4,0.0,1.6,0.0,0.0,98.4,1.6,0.0
EUR_USD,245.0,75.85,120.0,0.5,0.495,pip,8.9,3,3,5.3,1.0,98.7,0.7,0.7,0.0,0.0,98.7,1.3,0.0
EUR_USD,245.0,75.85,185.0,0.75,0.495,pip,8.7,3,3,5.5,1.0,98.6,0.7,0.7,0.0,0.0,98.6,1.4,0.0
EUR_USD,245.0,75.85,245.0,1.0,0.495,pip,10.2,3,3,5.4,1.0,98.6,0.7,0.7,0.0,0.0,98.6,1.4,0.0
EUR_USD,245.0,75.85,370.0,1.5,0.495,pip,3.3,3,3,3.0,1.0,100.0,0.0,0.0,0.0,0.0,100.0,0.0,0.0
EUR_USD,245.0,75.85,490.0,2.0,0.495,pip,3.3,3,3,3.0,1.0,100.0,0.0,0.0,0.0,0.0,100.0,0.0,0.0
EUR_USD,250.0,77.4,75.0,0.3,0.495,pip,6.6,3,3,5.1,1.0,98.6,1.4,0.0,0.0,0.0,98.6,1.4,0.0
EUR_USD,250.0,77.4,125.0,0.5,0.495,pip,9.5,3,3,7.9,1.0,99.1,0.9,0.0,0.0,0.0,99.1,0.9,0.0
EUR_USD,250.0,77.4,190.0,0.75,0.495,pip,11.1,3,3,7.9,1.0,99.5,0.0,0.5,0.0,0.0,99.5,0.5,0.0
EUR_USD,250.0,77.4,250.0,1.0,0.495,pip,9.2,3,3,5.8,1.0,99.4,0.0,0.6,0.0,0.0,99.4,0.6,0.0
EUR_USD,250.0,77.4,375.0,1.5,0.495,pip,4.5,3,3,4.2,1.0,100.0,0.0,0.0,0.0,0.0,100.0,0.0,0.0
EUR_USD,250.0,77.4,500.0,2.0,0.495,pip,4.5,3,3,4.2,1.0,100.0,0.0,0.0,0.0,0.0,100.0,0.0,0.0
EUR_USD,255.0,78.95,75.0,0.3,0.495,pip,6.5,3,3,5.0,1.0,98.6,1.4,0.0,0.0,0.0,98.6,1.4,0.0
EUR_USD,255.0,78.95,130.0,0.5,0.495,pip,9.7,3,3,8.0,1.0,99.1,0.9,0.0,0.0,0.0,99.1,0.9,0.0
EUR_USD,255.0,78.95,190.0,0.75,0.495,pip,11.0,3,3,7.9,1.0,99.5,0.0,0.5,0.0,0.0,99.5,0.5,0.0
EUR_USD,255.0,78.95,255.0,1.0,0.495,pip,9.3,3,3,5.8,1.0,99.4,0.0,0.6,0.0,0.0,99.4,0.6,0.0
EUR_USD,255.0,78.95,380.0,1.5,0.495,pip,4.5,3,3,4.2,1.0,100.0,0.0,0.0,0.0,0.0,100.0,0.0,0.0
EUR_USD,255.0,78.95,510.0,2.0,0.495,pip,4.5,3,3,4.2,1.0,100.0,0.0,0.0,0.0,0.0,100.0,0.0,0.0
EUR_USD,260.0,80.5,80.0,0.3,0.495,pip,7.1,3,3,5.4,1.0,98.7,1.3,0.0,0.0,0.0,98.7,1.3,0.0
EUR_USD,260.0,80.5,130.0,0.5,0.495,pip,9.7,3,3,8.0,1.0,99.1,0.9,0.0,0.0,0.0,99.1,0.9,0.0
EUR_USD,260.0,80.5,195.0,0.75,0.495,pip,11.2,3,3,8.0,1.0,99.5,0.0,0.5,0.0,0.0,99.5,0.5,0.0
EUR_USD,260.0,80.5,260.0,1.0,0.495,pip,8.0,3,3,4.4,1.0,99.2,0.0,0.8,0.0,0.0,99.2,0.8,0.0
EUR_USD,260.0,80.5,390.0,1.5,0.495,pip,4.5,3,3,4.2,1.0,100.0,0.0,0.0,0.0,0.0,100.0,0.0,0.0
EUR_USD,260.0,80.5,520.0,2.0,0.495,pip,4.5,3,3,4.2,1.0,100.0,0.0,0.0,0.0,0.0,100.0,0.0,0.0
EUR_USD,265.0,82.04,80.0,0.3,0.495,pip,7.0,3,3,5.4,1.0,98.7,1.3,0.0,0.0,0.0,98.7,1.3,0.0
EUR_USD,265.0,82.04,130.0,0.5,0.495,pip,12.4,3,3,8.5,1.0,99.5,0.0,0.5,0.0,0.0,99.5,0.5,0.0
EUR_USD,265.0,82.04,200.0,0.75,0.495,pip,11.6,3,3,8.3,1.0,99.5,0.0,0.5,0.0,0.0,99.5,0.5,0.0
EUR_USD,265.0,82.04,265.0,1.0,0.495,pip,8.0,3,3,4.4,1.0,99.2,0.0,0.8,0.0,0.0,99.2,0.8,0.0
EUR_USD,265.0,82.04,400.0,1.5,0.495,pip,4.5,3,3,4.2,1.0,100.0,0.0,0.0,0.0,0.0,100.0,0.0,0.0
EUR_USD,265.0,82.04,530.0,2.0,0.495,pip,4.5,3,3,4.2,1.0,100.0,0.0,0.0,0.0,0.0,100.0,0.0,0.0
EUR_USD,270.0,83.59,80.0,0.3,0.495,pip,6.9,3,3,5.3,1.0,98.7,1.3,0.0,0.0,0.0,98.7,1.3,0.0
EUR_USD,270.0,83.59,135.0,0.5,0.495,pip,12.6,3,3,8.5,1.0,99.5,0.0,0.5,0.0,0.0,99.5,0.5,0.0
EUR_USD,270.0,83.59,200.0,0.75,0.495,pip,11.5,3,3,8.3,1.0,99.5,0.0,0.5,0.0,0.0,99.5,0.5,0.0
EUR_USD,270.0,83.59,270.0,1.0,0.495,pip,8.1,3,3,4.4,1.0,99.2,0.0,0.8,0.0,0.0,99.2,0.8,0.0
EUR_USD,270.0,83.59,405.0,1.5,0.495,pip,4.5,3,3,4.2,1.0,100.0,0.0,0.0,0.0,0.0,100.0,0.0,0.0
EUR_USD,270.0,83.59,540.0,2.0,0.495,pip,4.5,3,3,4.2,1.0,100.0,0.0,0.0,0.0,0.0,100.0,0.0,0.0
EUR_USD,275.0,85.14,80.0,0.3,0.495,pip,6.9,3,3,5.4,1.0,98.7,1.3,0.0,0.0,0.0,98.7,1.3,0.0
EUR_USD,275.0,85.14,140.0,0.5,0.495,pip,12.0,3,3,8.4,1.0,99.5,0.0,0.5,0.0,0.0,99.5,0.5,0.0
EUR_USD,275.0,85.14,205.0,0.75,0.495,pip,11.7,3,3,8.4,1.0,99.5,0.0,0.5,0.0,0.0,99.5,0.5,0.0
EUR_USD,275.0,85.14,275.0,1.0,0.495,pip,8.2,3,3,4.4,1.0,99.2,0.0,0.8,0.0,0.0,99.2,0.8,0.0
EUR_USD,275.0,85.14,410.0,1.5,0.495,pip,4.5,3,3,4.2,1.0,100.0,0.0,0.0,0.0,0.0,100.0,0.0,0.0
EUR_USD,275.0,85.14,550.0,2.0,0.495,pip,4.5,3,3,4.2,1.0,100.0,0.0,0.0,0.0,0.0,100.0,0.0,0.0
EUR_USD,280.0,86.69,85.0,0.3,0.495,pip,7.4,3,3,5.6,1.0,98.8,1.2,0.0,0.0,0.0,98.8,1.2,0.0
EUR_USD,280.0,86.69,140.0,0.5,0.495,pip,12.7,3,3,8.6,1.0,99.5,0.0,0.5,0.0,0.0,99.5,0.5,0.0
EUR_USD,280.0,86.69,210.0,0.75,0.495,pip,11.8,3,3,8.4,1.0,99.5,0.0,0.5,0.0,0.0,99.5,0.5,0.0
EUR_USD,280.0,86.69,280.0,1.0,0.495,pip,4.5,3,3,4.2,1.0,100.0,0.0,0.0,0.0,0.0,100.0,0.0,0.0
EUR_USD,280.0,86.69,420.0,1.5,0.495,pip,4.5,3,3,4.2,1.0,100.0,0.0,0.0,0.0,0.0,100.0,0.0,0.0
EUR_USD,280.0,86.69,560.0,2.0,0.495,pip,4.5,3,3,4.2,1.0,100.0,0.0,0.0,0.0,0.0,100.0,0.0,0.0
EUR_USD,285.0,88.24,85.0,0.3,0.495,pip,9.6,3,3,7.9,1.0,99.1,0.9,0.0,0.0,0.0,99.1,0.9,0.0
EUR_USD,285.0,88.24,140.0,0.5,0.495,pip,12.6,3,3,8.6,1.0,99.5,0.0,0.5,0.0,0.0,99.5,0.5,0.0
EUR_USD,285.0,88.24,215.0,0.75,0.495,pip,11.9,3,3,8.4,1.0,99.5,0.0,0.5,0.0,0.0,99.5,0.5,0.0
EUR_USD,285.0,88.24,285.0,1.0,0.495,pip,4.5,3,3,4.2,1.0,100.0,0.0,0.0,0.0,0.0,100.0,0.0,0.0
EUR_USD,285.0,88.24,430.0,1.5,0.495,pip,4.5,3,3,4.2,1.0,100.0,0.0,0.0,0.0,0.0,100.0,0.0,0.0
EUR_USD,285.0,88.24,570.0,2.0,0.495,pip,4.5,3,3,4.2,1.0,100.0,0.0,0.0,0.0,0.0,100.0,0.0,0.0
EUR_USD,290.0,89.78,85.0,0.3,0.495,pip,9.6,3,3,7.9,1.0,99.1,0.9,0.0,0.0,0.0,99.1,0.9,0.0
EUR_USD,290.0,89.78,145.0,0.5,0.495,pip,12.9,3,3,8.5,1.0,99.5,0.0,0.5,0.0,0.0,99.5,0.5,0.0
EUR_USD,290.0,89.78,220.0,0.75,0.495,pip,12.0,3,3,8.5,1.0,99.5,0.0,0.5,0.0,0.0,99.5,0.5,0.0
EUR_USD,290.0,89.78,290.0,1.0,0.495,pip,4.5,3,3,4.2,1.0,100.0,0.0,0.0,0.0,0.0,100.0,0.0,0.0
EUR_USD,290.0,89.78,435.0,1.5,0.495,pip,4.5,3,3,4.2,1.0,100.0,0.0,0.0,0.0,0.0,100.0,0.0,0.0
EUR_USD,290.0,89.78,580.0,2.0,0.495,pip,4.5,3,3,4.2,1.0,100.0,0.0,0.0,0.0,0.0,100.0,0.0,0.0
EUR_USD,295.0,91.33,90.0,0.3,0.495,pip,9.9,3,3,8.0,1.0,99.1,0.9,0.0,0.0,0.0,99.1,0.9,0.0
EUR_USD,295.0,91.33,150.0,0.5,0.495,pip,12.1,3,3,8.6,1.0,99.5,0.0,0.5,0.0,0.0,99.5,0.5,0.0
EUR_USD,295.0,91.33,220.0,0.75,0.495,pip,11.9,3,3,8.4,1.0,99.5,0.0,0.5,0.0,0.0,99.5,0.5,0.0
EUR_USD,295.0,91.33,295.0,1.0,0.495,pip,4.5,3,3,4.2,1.0,100.0,0.0,0.0,0.0,0.0,100.0,0.0,0.0
EUR_USD,295.0,91.33,440.0,1.5,0.495,pip,4.5,3,3,4.2,1.0,100.0,0.0,0.0,0.0,0.0,100.0,0.0,0.0
EUR_USD,295.0,91.33,590.0,2.0,0.495,pip,4.5,3,3,4.2,1.0,100.0,0.0,0.0,0.0,0.0,100.0,0.0,0.0
EUR_USD,300.0,92.88,90.0,0.3,0.495,pip,9.9,3,3,8.1,1.0,99.1,0.9,0.0,0.0,0.0,99.1,0.9,0.0
EUR_USD,300.0,92.88,150.0,0.5,0.495,pip,12.0,3,3,8.5,1.0,99.5,0.0,0.5,0.0,0.0,99.5,0.5,0.0
EUR_USD,300.0,92.88,225.0,0.75,0.495,pip,8.7,3,3,5.6,1.0,99.4,0.0,0.6,0.0,0.0,99.4,0.6,0.0
EUR_USD,300.0,92.88,300.0,1.0,0.495,pip,4.5,3,3,4.2,1.0,100.0,0.0,0.0,0.0,0.0,100.0,0.0,0.0
EUR_USD,300.0,92.88,450.0,1.5,0.495,pip,4.5,3,3,4.2,1.0,100.0,0.0,0.0,0.0,0.0,100.0,0.0,0.0
EUR_USD,300.0,92.88,600.0,2.0,0.495,pip,4.5,3,3,4.2,1.0,100.0,0.0,0.0,0.0,0.0,100.0,0.0,0.0
EUR_JPY,5.0,0.73,5.0,0.3,0.334,ATR,-5.601308845716168e+18,0,0,,,51.7,15.2,8.0,12.3,12.83,36.6,62.4,1.1
EUR_JPY,5.0,0.73,5.0,0.5,0.334,ATR,-5.601308845716168e+18,0,0,,,51.7,15.2,8.0,12.3,12.83,36.6,62.4,1.1
EUR_JPY,5.0,0.73,5.0,0.75,0.334,ATR,-5.601308845716168e+18,0,0,,,51.7,15.2,8.0,12.3,12.83,36.6,62.4,1.1
EUR_JPY,5.0,0.73,5.0,1.0,0.334,ATR,-5.601308845716168e+18,0,0,,,51.7,15.2,8.0,12.3,12.83,36.6,62.4,1.1
EUR_JPY,5.0,0.73,10.0,1.5,0.334,ATR,-6.667882945138783e+18,0,0,,,47.6,8.0,6.8,12.4,25.21,47.6,46.8,5.5
EUR_JPY,5.0,0.73,10.0,2.0,0.334,ATR,-6.667882945138783e+18,0,0,,,47.6,8.0,6.8,12.4,25.21,47.6,46.8,5.5
EUR_JPY,10.0,1.45,5.0,0.3,0.334,ATR,-4.470400637432604e+18,0,1,,,66.5,17.6,6.1,4.9,4.95,46.0,53.6,0.4
EUR_JPY,10.0,1.45,5.0,0.5,0.334,ATR,-4.470400637432604e+18,0,1,,,66.5,17.6,6.1,4.9,4.95,46.0,53.6,0.4
EUR_JPY,10.0,1.45,10.0,0.75,0.334,ATR,-1.0893346283579082e+18,0,1,,,62.6,13.8,7.2,6.4,9.98,62.6,36.3,1.1
EUR_JPY,10.0,1.45,10.0,1.0,0.334,ATR,-1.0893346283579082e+18,0,1,,,62.6,13.8,7.2,6.4,9.98,62.6,36.3,1.1
EUR_JPY,10.0,1.45,15.0,1.5,0.334,ATR,31156680791431.7,1,2,,,62.8,10.5,6.1,6.9,13.7,62.8,35.2,2.0
EUR_JPY,10.0,1.45,20.0,2.0,0.334,ATR,-87144.6,0,0,,,64.7,10.3,2.7,7.6,14.67,64.7,29.9,5.4
EUR_JPY,15.0,2.18,5.0,0.3,0.334,ATR,-1.6479195230125837e+18,0,1,,,75.3,15.5,4.7,2.2,2.33,53.0,46.6,0.4
EUR_JPY,15.0,2.18,10.0,0.5,0.334,ATR,7.164328112093937e+18,0,1,,,71.2,14.6,5.6,3.6,4.98,71.1,28.3,0.6
EUR_JPY,15.0,2.18,10.0,0.75,0.334,ATR,7.164328112093937e+18,0,1,,,71.2,14.6,5.6,3.6,4.98,71.1,28.3,0.6
EUR_JPY,15.0,2.18,15.0,1.0,0.334,ATR,-32614122335619.6,1,0,,,71.5,11.9,5.1,5.2,6.31,71.5,27.9,0.6
EUR_JPY,15.0,2.18,20.0,1.5,0.334,ATR,-19173.7,0,0,,,72.2,10.0,5.1,5.0,7.73,72.2,26.9,0.8
EUR_JPY,15.0,2.18,30.0,2.0,0.334,ATR,-1469.7,0,0,,,77.9,8.8,1.8,0.9,10.62,77.9,16.8,5.3
EUR_JPY,20.0,2.9,5.0,0.3,0.334,ATR,-1.1652693215480648e+18,0,1,,,78.9,14.6,3.6,1.2,1.62,55.5,44.2,0.3
EUR_JPY,20.0,2.9,10.0,0.5,0.334,ATR,-7.28304539248712e+18,0,0,,,76.1,14.0,4.5,2.3,3.08,76.1,23.5,0.4
EUR_JPY,20.0,2.9,15.0,0.75,0.334,ATR,351448209693.7,3,3,145628646742.3,1.0,78.1,11.4,4.7,1.9,3.93,78.1,21.8,0.1
EUR_JPY,20.0,2.9,20.0,1.0,0.334,ATR,-8699.6,2,2,,,78.4,10.8,4.2,2.7,3.89,78.4,21.5,0.1
EUR_JPY,20.0,2.9,30.0,1.5,0.334,ATR,-15.6,0,0,,,82.7,3.1,1.0,3.1,10.2,82.7,16.3,1.0
EUR_JPY,20.0,2.9,40.0,2.0,0.334,ATR,-6.4,0,0,,,84.0,3.2,3.2,1.1,8.51,84.0,14.9,1.1
EUR_JPY,25.0,3.63,10.0,0.3,0.334,pip,-3.66021461248334e+18,0,0,,,80.5,12.2,3.6,1.7,2.07,80.4,19.2,0.4
EUR_JPY,25.0,3.63,10.0,0.5,0.334,pip,-3.66021461248334e+18,0,0,,,80.5,12.2,3.6,1.7,2.07,80.4,19.2,0.4
EUR_JPY,25.0,3.63,20.0,0.75,0.334,pip,857.9,2,3,,,76.1,14.5,4.3,3.4,1.71,76.1,23.9,0.0
EUR_JPY,25.0,3.63,25.0,1.0,0.334,pip,66.1,1,2,,,81.7,7.3,3.7,1.8,5.5,81.7,18.3,0.0
EUR_JPY,25.0,3.63,40.0,1.5,0.334,pip,-8.8,1,2,,,82.9,5.6,4.5,2.4,4.64,82.9,16.8,0.2
EUR_JPY,25.0,3.63,50.0,2.0,0.334,pip,20.2,1,1,,,88.5,3.8,1.3,2.6,3.85,88.5,11.5,0.0
EUR_JPY,30.0,4.36,10.0,0.3,0.334,pip,-1.81421420535848e+18,1,1,,,82.5,11.6,2.8,1.2,1.93,82.5,17.3,0.2
EUR_JPY,30.0,4.36,15.0,0.5,0.334,pip,4788305878210.6,2,3,,,82.4,10.9,3.5,1.5,1.63,82.4,17.4,0.2
EUR_JPY,30.0,4.36,20.0,0.75,0.334,pip,76.9,2,3,,,84.1,5.3,7.1,0.9,2.65,84.1,15.9,0.0
EUR_JPY,30.0,4.36,30.0,1.0,0.334,pip,191.2,0,2,,,84.3,6.3,4.0,2.5,2.93,84.3,15.5,0.1
EUR_JPY,30.0,4.36,45.0,1.5,0.334,pip,35.9,1,2,,,87.5,1.4,2.8,5.6,2.78,87.5,12.5,0.0
EUR_JPY,30.0,4.36,60.0,2.0,0.334,pip,42.3,1,3,,,82.4,0.0,5.9,0.0,11.76,82.4,17.6,0.0
EUR_JPY,35.0,5.08,10.0,0.3,0.334,ATR,3.215093586940633e+18,2,3,,,84.3,10.2,2.8,1.3,1.48,84.3,15.4,0.3
EUR_JPY,35.0,5.08,20.0,0.5,0.334,ATR,1692.1,2,3,,,87.1,7.4,2.9,1.4,1.13,87.1,12.9,0.0
EUR_JPY,35.0,5.08,25.0,0.75,0.334,ATR,601.6,0,3,,,86.7,6.5,3.8,1.2,1.82,86.7,13.3,0.0
EUR_JPY,35.0,5.08,35.0,1.0,0.334,ATR,975.4,1,3,,,86.6,4.9,4.3,2.0,2.16,86.6,13.4,0.1
EUR_JPY,35.0,5.08,50.0,1.5,0.334,ATR,-150.0,1,1,,,86.3,6.3,1.5,1.9,3.99,86.3,13.4,0.4
EUR_JPY,35.0,5.08,70.0,2.0,0.334,ATR,7.8,1,3,,,89.6,2.1,4.2,0.0,4.17,89.6,10.4,0.0
EUR_JPY,40.0,5.81,10.0,0.3,0.334,pip,1.54195250500091e+18,1,2,,,86.7,9.0,1.9,1.0,1.39,86.7,13.0,0.3
EUR_JPY,40.0,5.81,20.0,0.5,0.334,pip,1286.6,3,3,415.7,1.0,88.5,6.5,2.9,1.1,1.09,88.5,11.5,0.0
EUR_JPY,40.0,5.81,30.0,0.75,0.334,pip,1032.9,1,3,,,88.8,5.0,3.6,1.1,1.53,88.8,11.2,0.1
EUR_JPY,40.0,5.81,40.0,1.0,0.334,pip,-1068.9,0,1,,,89.7,4.3,3.2,0.9,1.97,89.7,10.2,0.2
EUR_JPY,40.0,5.81,60.0,1.5,0.334,pip,27.5,1,2,,,88.9,0.0,2.8,2.8,5.56,88.9,11.1,0.0
EUR_JPY,40.0,5.81,80.0,2.0,0.334,pip,10.1,0,1,,,94.6,0.0,0.0,1.8,3.57,94.6,5.4,0.0
EUR_JPY,45.0,6.54,15.0,0.3,0.334,pip,16191596097.5,2,2,,,89.5,6.9,2.0,0.7,0.98,89.5,10.4,0.1
EUR_JPY,45.0,6.54,20.0,0.5,0.334,pip,536.6,3,3,318.6,1.0,88.8,6.6,2.5,1.0,1.1,88.8,11.2,0.0
EUR_JPY,45.0,6.54,35.0,0.75,0.334,pip,4125.0,1,3,,,88.9,4.9,2.9,1.1,2.15,88.9,11.0,0.1
EUR_JPY,45.0,6.54,45.0,1.0,0.334,pip,-1382.3,1,1,,,89.2,4.4,2.7,1.4,2.31,89.2,10.5,0.3
EUR_JPY,45.0,6.54,70.0,1.5,0.334,pip,8.6,1,1,,,95.1,2.4,0.0,0.0,2.44,95.1,4.9,0.0
EUR_JPY,45.0,6.54,90.0,2.0,0.334,pip,7.5,0,1,,,93.5,0.0,2.2,2.2,2.17,93.5,6.5,0.0
EUR_JPY,50.0,7.26,15.0,0.3,0.334,ATR,26718578519391.3,1,3,,,89.5,7.3,1.9,0.5,0.82,89.5,10.4,0.1
EUR_JPY,50.0,7.26,25.0,0.5,0.334,ATR,543.4,3,3,215.7,1.0,90.8,5.3,2.1,0.9,0.9,90.8,9.2,0.0
EUR_JPY,50.0,7.26,40.0,0.75,0.334,ATR,636.0,3,2,,,90.0,5.6,2.1,0.7,1.7,90.0,9.9,0.1
EUR_JPY,50.0,7.26,50.0,1.0,0.334,ATR,-1624.9,3,1,,,89.1,4.2,3.2,1.3,2.2,89.1,10.6,0.2
EUR_JPY,50.0,7.26,75.0,1.5,0.334,ATR,-512.9,0,1,,,89.0,4.8,1.1,1.7,3.35,89.0,10.4,0.6
EUR_JPY,50.0,7.26,100.0,2.0,0.334,ATR,8.5,2,2,,,93.8,3.1,0.0,0.0,3.12,93.8,6.2,0.0
EUR_JPY,55.0,7.99,15.0,0.3,0.334,pip,609300368163.3,3,3,23569218268.2,1.0,91.2,5.9,2.0,0.6,0.45,91.2,8.8,0.0
EUR_JPY,55.0,7.99,30.0,0.5,0.334,pip,-408.7,3,2,,,90.1,5.5,2.5,1.0,0.84,90.1,9.8,0.1
EUR_JPY,55.0,7.99,40.0,0.75,0.334,pip,-432.8,2,2,,,90.8,4.8,2.3,0.7,1.4,90.8,9.1,0.1
EUR_JPY,55.0,7.99,55.0,1.0,0.334,pip,-334.4,2,1,,,89.1,4.4,2.7,1.4,2.46,89.1,10.6,0.3
EUR_JPY,55.0,7.99,80.0,1.5,0.334,pip,5.2,1,1,,,94.8,3.4,0.0,0.0,1.72,94.8,5.2,0.0
EUR_JPY,55.0,7.99,110.0,2.0,0.334,pip,2.7,1,2,,,96.3,1.9,1.9,0.0,0.0,96.3,3.7,0.0
EUR_JPY,60.0,8.71,20.0,0.3,0.334,pip,229.0,3,3,151.9,1.0,92.3,5.3,1.4,0.5,0.41,92.3,7.7,0.0
EUR_JPY,60.0,8.71,30.0,0.5,0.334,pip,-203.6,3,2,,,91.0,5.4,2.2,0.6,0.77,91.0,8.9,0.1
EUR_JPY,60.0,8.71,45.0,0.75,0.334,pip,124.0,3,2,,,91.4,3.5,2.9,0.9,1.33,91.4,8.5,0.1
EUR_JPY,60.0,8.71,60.0,1.0,0.334,pip,216.4,1,2,,,90.4,3.7,2.8,0.5,2.63,90.4,9.4,0.2
EUR_JPY,60.0,8.71,90.0,1.5,0.334,pip,3.6,1,2,,,96.6,1.7,1.7,0.0,0.0,96.6,3.4,0.0
EUR_JPY,60.0,8.71,120.0,2.0,0.334,pip,5.7,2,1,,,93.3,2.3,1.6,1.4,1.38,93.3,6.4,0.2
EUR_JPY,65.0,9.44,20.0,0.3,0.334,pip,470.9,3,3,124.1,1.0,92.6,5.5,1.0,0.6,0.29,92.6,7.4,0.0
EUR_JPY,65.0,9.44,30.0,0.5,0.334,pip,2190.6,2,3,,,92.6,4.1,2.0,0.5,0.83,92.6,7.4,0.0
EUR_JPY,65.0,9.44,50.0,0.75,0.334,pip,-52.5,1,3,,,90.8,6.1,1.1,0.5,1.47,90.8,9.1,0.1
EUR_JPY,65.0,9.44,65.0,1.0,0.334,pip,5.1,1,2,,,94.6,3.6,0.0,0.0,1.79,94.6,5.4,0.0
EUR_JPY,65.0,9.44,100.0,1.5,0.334,pip,3.9,1,3,,,96.6,1.7,1.7,0.0,0.0,96.6,3.4,0.0
EUR_JPY,65.0,9.44,130.0,2.0,0.334,pip,76.8,1,3,,,92.1,2.2,0.7,1.8,3.23,92.1,7.9,0.0
EUR_JPY,70.0,10.17,20.0,0.3,0.334,ATR,6990.0,3,3,115.6,1.0,92.9,5.2,1.4,0.2,0.29,92.9,7.1,0.0
EUR_JPY,70.0,10.17,35.0,0.5,0.334,ATR,128.1,3,3,81.8,1.0,92.4,4.4,2.3,0.3,0.62,92.4,7.6,0.0
EUR_JPY,70.0,10.17,50.0,0.75,0.334,ATR,308.3,2,3,,,92.8,4.8,0.8,0.4,1.26,92.8,7.2,0.0
EUR_JPY,70.0,10.17,70.0,1.0,0.334,ATR,282.9,1,2,,,90.5,4.7,1.0,1.4,2.43,90.5,9.3,0.2
EUR_JPY,70.0,10.17,105.0,1.5,0.334,ATR,98.6,0,3,,,93.3,3.6,0.5,1.2,1.43,93.3,6.7,0.0
EUR_JPY,70.0,10.17,140.0,2.0,0.334,ATR,-138.0,1,3,,,92.9,3.2,1.1,0.4,2.5,92.9,6.8,0.4
EUR_JPY,75.0,10.89,20.0,0.3,0.334,pip,24309.2,3,3,125.8,1.0,93.3,4.8,1.0,0.5,0.41,93.3,6.7,0.0
EUR_JPY,75.0,10.89,40.0,0.5,0.334,pip,1893.7,3,3,-135.2,0.863,92.4,3.9,1.8,0.7,1.15,92.4,7.5,0.1
EUR_JPY,75.0,10.89,55.0,0.75,0.334,pip,8.1,2,2,,,94.6,3.6,0.0,0.0,1.79,94.6,5.4,0.0
EUR_JPY,75.0,10.89,75.0,1.0,0.334,pip,3.2,2,2,,,96.7,1.7,1.7,0.0,0.0,96.7,3.3,0.0
EUR_JPY,75.0,10.89,110.0,1.5,0.334,pip,111.5,0,3,,,92.7,3.4,1.4,1.1,1.41,92.7,7.3,0.0
EUR_JPY,75.0,10.89,150.0,2.0,0.334,pip,-142.6,2,3,,,92.9,3.1,0.8,0.8,2.36,92.9,6.7,0.4
EUR_JPY,80.0,11.62,25.0,0.3,0.334,pip,308.0,3,3,95.2,1.0,92.6,4.9,1.5,0.5,0.48,92.6,7.4,0.0
EUR_JPY,80.0,11.62,40.0,0.5,0.334,pip,1392.0,3,3,125.5,1.0,92.7,4.2,1.7,0.2,1.12,92.7,7.3,0.0
EUR_JPY,80.0,11.62,60.0,0.75,0.334,pip,-630.9,2,2,,,92.1,4.8,0.9,1.2,1.04,92.1,7.8,0.2
EUR_JPY,80.0,11.62,80.0,1.0,0.334,pip,-398.3,3,0,,,93.5,3.3,0.6,1.3,1.3,93.5,6.1,0.4
EUR_JPY,80.0,11.62,120.0,1.5,0.334,pip,151.3,0,2,,,93.4,2.2,0.9,0.9,2.51,93.4,6.6,0.0
EUR_JPY,80.0,11.62,160.0,2.0,0.334,pip,-84.1,3,3,-414.5,0.38,93.6,2.8,1.1,0.4,2.14,93.6,6.0,0.4
EUR_JPY,85.0,12.35,25.0,0.3,0.334,pip,294.7,3,3,119.1,1.0,91.3,5.3,2.2,0.7,0.49,91.3,8.7,0.0
EUR_JPY,85.0,12.35,40.0,0.5,0.334,pip,-8214.6,3,2,,,93.5,3.9,1.6,0.4,0.7,93.5,6.4,0.1
EUR_JPY,85.0,12.35,65.0,0.75,0.334,pip,163.4,3,2,,,94.3,3.5,0.5,1.1,0.75,94.3,5.7,0.0
EUR_JPY,85.0,12.35,85.0,1.0,0.334,pip,156.5,1,2,,,94.5,2.7,1.2,0.4,1.23,94.5,5.5,0.0
EUR_JPY,85.0,12.35,130.0,1.5,0.334,pip,112.5,2,3,,,94.1,2.5,1.4,0.6,1.42,94.1,5.9,0.0
EUR_JPY,85.0,12.35,170.0,2.0,0.334,pip,63.5,2,3,,,91.8,3.8,0.5,1.1,2.75,91.8,8.2,0.0
EUR_JPY,90.0,13.07,25.0,0.3,0.334,pip,218.0,3,3,104.1,1.0,93.3,4.2,1.3,0.6,0.63,93.3,6.7,0.0
EUR_JPY,90.0,13.07,45.0,0.5,0.334,pip,14.4,3,3,2.0,1.0,94.8,1.7,1.7,0.0,1.72,94.8,5.2,0.0
EUR_JPY,90.0,13.07,70.0,0.75,0.334,pip,-1801.5,3,2,,,94.7,3.2,0.2,1.3,0.67,94.7,5.2,0.2
EUR_JPY,90.0,13.07,90.0,1.0,0.334,pip,71.7,1,3,,,94.9,2.7,1.1,0.7,0.54,94.9,5.1,0.0
EUR_JPY,90.0,13.07,135.0,1.5,0.334,pip,137.4,2,3,,,93.7,3.0,1.5,0.0,1.81,93.7,6.3,0.0
EUR_JPY,90.0,13.07,180.0,2.0,0.334,pip,40.0,2,3,,,95.0,1.0,0.5,1.0,2.5,95.0,5.0,0.0
EUR_JPY,95.0,13.8,30.0,0.3,0.334,pip,-74455.9,3,2,,,93.9,3.5,1.3,0.8,0.58,93.9,6.0,0.1
EUR_JPY,95.0,13.8,50.0,0.5,0.334,pip,164.9,3,3,57.3,1.0,94.6,3.1,1.1,0.3,0.94,94.6,5.4,0.0
EUR_JPY,95.0,13.8,70.0,0.75,0.334,pip,271.4,2,3,,,96.0,1.9,0.6,0.8,0.7,96.0,4.0,0.0
EUR_JPY,95.0,13.8,95.0,1.0,0.334,pip,2.5,2,3,,,96.6,3.4,0.0,0.0,0.0,96.6,3.4,0.0
EUR_JPY,95.0,13.8,140.0,1.5,0.334,pip,62.7,3,3,40.6,1.0,94.1,3.2,0.9,0.6,1.18,94.1,5.9,0.0
EUR_JPY,95.0,13.8,190.0,2.0,0.334,pip,36.8,2,2,,,93.9,0.6,0.6,1.8,3.05,93.9,6.1,0.0
EUR_JPY,100.0,14.52,30.0,0.3,0.334,pip,150.1,3,3,77.6,1.0,94.8,3.0,1.5,0.5,0.2,94.8,5.2,0.0
EUR_JPY,100.0,14.52,50.0,0.5,0.334,pip,176.8,3,3,62.9,1.0,95.8,2.7,0.5,0.6,0.37,95.8,4.2,0.0
EUR_JPY,100.0,14.52,75.0,0.75,0.334,pip,207.9,3,3,60.5,1.0,96.0,2.2,0.6,0.7,0.44,96.0,4.0,0.0
EUR_JPY,100.0,14.52,100.0,1.0,0.334,pip,75.6,2,3,,,93.9,2.3,2.0,0.3,1.45,93.9,6.1,0.0
EUR_JPY,100.0,14.52,150.0,1.5,0.334,pip,97.7,3,3,52.6,1.0,95.9,2.2,0.9,0.0,1.08,95.9,4.1,0.0
EUR_JPY,100.0,14.52,200.0,2.0,0.334,pip,-156.5,2,3,,,91.9,0.7,1.5,2.9,2.94,91.9,7.4,0.7
EUR_JPY,105.0,15.25,30.0,0.3,0.334,ATR,3.2,3,3,1.7,1.0,94.6,3.6,0.0,1.8,0.0,94.6,5.4,0.0
EUR_JPY,105.0,15.25,50.0,0.5,0.334,ATR,1226.8,3,3,137.4,1.0,95.1,3.0,0.5,0.9,0.46,95.1,4.9,0.0
EUR_JPY,105.0,15.25,80.0,0.75,0.334,ATR,200.5,3,3,58.9,1.0,96.3,1.5,0.5,1.1,0.61,96.3,3.7,0.0
EUR_JPY,105.0,15.25,105.0,1.0,0.334,ATR,66.4,3,3,38.2,1.0,95.0,2.7,1.4,0.0,0.9,95.0,5.0,0.0
EUR_JPY,105.0,15.25,160.0,1.5,0.334,ATR,80.2,3,3,35.2,1.0,94.9,2.9,1.0,0.3,0.96,94.9,5.1,0.0
EUR_JPY,105.0,15.25,210.0,2.0,0.334,ATR,44.7,3,3,17.6,1.0,90.8,2.0,1.0,1.0,5.1,90.8,9.2,0.0
EUR_JPY,110.0,15.98,35.0,0.3,0.334,pip,695.9,3,3,62.7,1.0,94.8,3.4,1.1,0.3,0.38,94.8,5.2,0.0
EUR_JPY,110.0,15.98,55.0,0.5,0.334,pip,197.8,3,3,53.5,1.0,95.3,2.4,1.1,0.9,0.32,95.3,4.7,0.0
EUR_JPY,110.0,15.98,80.0,0.75,0.334,pip,3.0,3,3,1.4,1.0,96.6,3.4,0.0,0.0,0.0,96.6,3.4,0.0
EUR_JPY,110.0,15.98,110.0,1.0,0.334,pip,2.4,3,3,1.1,1.0,94.9,5.1,0.0,0.0,0.0,94.9,5.1,0.0
EUR_JPY,110.0,15.98,165.0,1.5,0.334,pip,76.1,3,3,35.5,1.0,96.3,0.4,0.4,0.7,2.24,96.3,3.7,0.0
EUR_JPY,110.0,15.98,220.0,2.0,0.334,pip,27.4,1,3,,,95.7,0.0,0.7,1.4,2.17,95.7,4.3,0.0
EUR_JPY,115.0,16.7,35.0,0.3,0.334,pip,476.8,3,3,46.4,1.0,95.2,3.2,1.1,0.4,0.13,95.2,4.8,0.0
EUR_JPY,115.0,16.7,60.0,0.5,0.334,pip,683.2,3,3,59.0,1.0,95.9,2.3,1.1,0.3,0.43,95.9,4.1,0.0
EUR_JPY,115.0,16.7,85.0,0.75,0.334,pip,226.0,3,3,51.0,1.0,95.2,2.5,1.1,0.2,0.92,95.2,4.8,0.0
EUR_JPY,115.0,16.7,115.0,1.0,0.334,pip,98.3,3,3,33.0,1.0,95.2,2.8,0.8,0.0,1.13,95.2,4.8,0.0
EUR_JPY,115.0,16.7,170.0,1.5,0.334,pip,54.9,3,3,28.6,1.0,95.8,0.8,0.4,1.3,1.69,95.8,4.2,0.0
EUR_JPY,115.0,16.7,230.0,2.0,0.334,pip,28.8,1,3,,,95.7,0.0,0.7,1.4,2.17,95.7,4.3,0.0
EUR_JPY,120.0,17.43,35.0,0.3,0.334,pip,966.4,3,3,61.2,1.0,95.8,2.5,1.1,0.3,0.4,95.8,4.2,0.0
EUR_JPY,120.0,17.43,60.0,0.5,0.334,pip,104.0,3,3,44.3,1.0,95.9,2.1,1.1,0.3,0.64,95.9,4.1,0.0
EUR_JPY,120.0,17.43,90.0,0.75,0.334,pip,175.2,3,3,44.9,1.0,94.7,3.0,0.8,0.6,0.83,94.7,5.3,0.0
EUR_JPY,120.0,17.43,120.0,1.0,0.334,pip,86.5,3,3,32.2,1.0,95.8,2.5,0.6,0.0,1.11,95.8,4.2,0.0
EUR_JPY,120.0,17.43,180.0,1.5,0.334,pip,43.8,3,3,27.1,1.0,96.0,1.2,0.8,1.2,0.79,96.0,4.0,0.0
EUR_JPY,120.0,17.43,240.0,2.0,0.334,pip,54.0,2,3,,,94.9,0.0,0.0,3.0,2.02,94.9,5.1,0.0
EUR_JPY,125.0,18.16,40.0,0.3,0.334,pip,493.4,3,3,62.6,1.0,95.3,2.3,1.2,0.5,0.62,95.3,4.7,0.0
EUR_JPY,125.0,18.16,60.0,0.5,0.334,pip,84.4,3,3,46.4,1.0,96.5,2.7,0.4,0.3,0.13,96.5,3.5,0.0
EUR_JPY,125.0,18.16,95.0,0.75,0.334,pip,3.0,3,3,1.1,1.0,94.9,5.1,0.0,0.0,0.0,94.9,5.1,0.0
EUR_JPY,125.0,18.16,125.0,1.0,0.334,pip,86.5,3,3,28.5,1.0,95.8,2.5,0.8,0.0,0.85,95.8,4.2,0.0
EUR_JPY,125.0,18.16,190.0,1.5,0.334,pip,49.4,2,3,,,95.2,1.6,0.5,1.6,1.06,95.2,4.8,0.0
EUR_JPY,125.0,18.16,250.0,2.0,0.334,pip,55.5,2,3,,,93.2,0.0,0.0,4.1,2.74,93.2,6.8,0.0
EUR_JPY,130.0,18.88,40.0,0.3,0.334,pip,555.5,3,3,49.8,1.0,96.1,1.9,1.3,0.4,0.29,96.1,3.9,0.0
EUR_JPY,130.0,18.88,65.0,0.5,0.334,pip,90.1,3,3,43.0,1.0,95.9,2.2,0.8,0.5,0.51,95.9,4.1,0.0
EUR_JPY,130.0,18.88,100.0,0.75,0.334,pip,129.4,3,3,34.8,1.0,95.3,2.9,0.8,0.3,0.79,95.3,4.7,0.0
EUR_JPY,130.0,18.88,130.0,1.0,0.334,pip,89.0,3,3,30.0,1.0,96.0,2.4,0.8,0.0,0.8,96.0,4.0,0.0
EUR_JPY,130.0,18.88,195.0,1.5,0.334,pip,55.0,3,3,22.5,1.0,95.5,2.3,0.0,0.6,1.69,95.5,4.5,0.0
EUR_JPY,130.0,18.88,260.0,2.0,0.334,pip,34.5,3,3,10.1,1.0,96.9,0.6,0.0,1.2,1.23,96.9,3.1,0.0
EUR_JPY,135.0,19.61,40.0,0.3,0.334,pip,180.0,3,3,44.9,1.0,96.7,1.6,1.0,0.4,0.27,96.7,3.3,0.0
EUR_JPY,135.0,19.61,70.0,0.5,0.334,pip,85.8,3,3,41.3,1.0,95.5,2.5,0.8,0.6,0.59,95.5,4.5,0.0
EUR_JPY,135.0,19.61,100.0,0.75,0.334,pip,191.1,3,3,41.8,1.0,95.3,2.9,0.8,0.3,0.79,95.3,4.7,0.0
EUR_JPY,135.0,19.61,135.0,1.0,0.334,pip,92.3,3,3,27.2,1.0,95.5,1.6,0.4,0.8,1.63,95.5,4.5,0.0
EUR_JPY,135.0,19.61,200.0,1.5,0.334,pip,57.0,3,3,26.4,1.0,95.8,1.6,0.0,1.1,1.58,95.8,4.2,0.0
EUR_JPY,135.0,19.61,270.0,2.0,0.334,pip,-254.6,3,3,-793.5,0.392,97.1,0.7,0.0,0.7,1.47,97.1,2.2,0.7
EUR_JPY,140.0,20.33,40.0,0.3,0.334,ATR,181.9,3,3,41.1,1.0,96.4,2.2,1.2,0.0,0.29,96.4,3.6,0.0
EUR_JPY,140.0,20.33,70.0,0.5,0.334,ATR,88.9,3,3,38.4,1.0,95.7,2.0,1.3,0.4,0.56,95.7,4.3,0.0
EUR_JPY,140.0,20.33,105.0,0.75,0.334,ATR,186.6,3,3,40.0,1.0,96.0,2.7,0.2,0.2,0.74,96.0,4.0,0.0
EUR_JPY,140.0,20.33,140.0,1.0,0.334,ATR,88.6,3,3,27.8,1.0,96.4,1.6,0.3,0.6,0.97,96.4,3.6,0.0
EUR_JPY,140.0,20.33,210.0,1.5,0.334,ATR,69.6,3,3,27.8,1.0,96.0,0.6,0.0,1.1,2.3,96.0,4.0,0.0
EUR_JPY,140.0,20.33,280.0,2.0,0.334,ATR,25.6,3,3,9.1,1.0,96.9,1.2,0.6,0.6,0.61,96.9,3.1,0.0
EUR_JPY,145.0,21.06,45.0,0.3,0.334,pip,2.5,3,3,1.4,1.0,96.6,1.7,1.7,0.0,0.0,96.6,3.4,0.0
EUR_JPY,145.0,21.06,70.0,0.5,0.334,pip,109.4,3,3,47.4,1.0,96.1,3.0,0.2,0.2,0.53,96.1,3.9,0.0
EUR_JPY,145.0,21.06,110.0,0.75,0.334,pip,214.1,3,3,41.4,1.0,96.1,2.5,0.3,0.0,1.13,96.1,3.9,0.0
EUR_JPY,145.0,21.06,145.0,1.0,0.334,pip,116.0,3,3,37.9,1.0,96.7,1.0,0.0,1.0,1.32,96.7,3.3,0.0
EUR_JPY,145.0,21.06,220.0,1.5,0.334,pip,72.0,3,3,19.9,1.0,96.7,0.0,0.0,1.3,1.97,96.7,3.3,0.0
EUR_JPY,145.0,21.06,290.0,2.0,0.334,pip,31.1,3,3,11.3,1.0,96.9,0.0,0.6,1.8,0.61,96.9,3.1,0.0
EUR_JPY,150.0,21.79,45.0,0.3,0.334,pip,1.6,3,3,1.2,1.0,98.1,1.9,0.0,0.0,0.0,98.1,1.9,0.0
EUR_JPY,150.0,21.79,75.0,0.5,0.334,pip,477.2,3,3,52.3,1.0,96.6,1.7,0.6,0.2,0.86,96.6,3.4,0.0
EUR_JPY,150.0,21.79,110.0,0.75,0.334,pip,199.7,3,3,35.2,1.0,95.6,2.6,0.9,0.0,0.88,95.6,4.4,0.0
EUR_JPY,150.0,21.79,150.0,1.0,0.334,pip,113.4,3,3,34.0,1.0,96.4,1.1,0.4,1.1,1.08,96.4,3.6,0.0
EUR_JPY,150.0,21.79,225.0,1.5,0.334,pip,68.2,3,3,20.1,1.0,96.7,0.0,0.0,1.3,1.97,96.7,3.3,0.0
EUR_JPY,150.0,21.79,300.0,2.0,0.334,pip,14.7,3,3,5.2,1.0,94.4,0.0,0.0,3.7,1.85,94.4,5.6,0.0
EUR_JPY,155.0,22.51,45.0,0.3,0.334,pip,1.6,3,3,1.2,1.0,98.1,1.9,0.0,0.0,0.0,98.1,1.9,0.0
EUR_JPY,155.0,22.51,80.0,0.5,0.334,pip,450.4,3,3,52.6,1.0,96.4,2.3,0.0,0.0,1.28,96.4,3.6,0.0
EUR_JPY,155.0,22.51,115.0,0.75,0.334,pip,193.0,3,3,33.7,1.0,95.7,1.6,0.8,0.8,1.18,95.7,4.3,0.0
EUR_JPY,155.0,22.51,155.0,1.0,0.334,pip,61.5,3,3,24.8,1.0,96.4,1.2,0.4,1.2,0.8,96.4,3.6,0.0
EUR_JPY,155.0,22.51,230.0,1.5,0.334,pip,64.6,3,3,18.0,1.0,95.9,0.0,0.0,1.6,2.46,95.9,4.1,0.0
EUR_JPY,155.0,22.51,310.0,2.0,0.334,pip,15.4,3,3,5.3,1.0,97.8,0.7,0.0,0.7,0.75,97.8,2.2,0.0
EUR_JPY,160.0,23.24,50.0,0.3,0.334,pip,146.7,3,3,34.7,1.0,96.7,2.2,0.5,0.2,0.34,96.7,3.3,0.0
EUR_JPY,160.0,23.24,80.0,0.5,0.334,pip,181.1,3,3,47.7,1.0,96.9,2.2,0.0,0.2,0.72,96.9,3.1,0.0
EUR_JPY,160.0,23.24,120.0,0.75,0.334,pip,74.8,3,3,24.9,1.0,97.1,1.4,0.6,0.6,0.29,97.1,2.9,0.0
EUR_JPY,160.0,23.24,160.0,1.0,0.334,pip,75.4,3,3,26.8,1.0,96.1,1.3,0.4,1.3,0.87,96.1,3.9,0.0
EUR_JPY,160.0,23.24,240.0,1.5,0.334,pip,47.7,3,3,11.1,1.0,98.2,0.5,0.5,0.5,0.45,98.2,1.8,0.0
EUR_JPY,160.0,23.24,320.0,2.0,0.334,pip,15.3,3,3,5.0,1.0,97.9,0.7,0.0,0.7,0.7,97.9,2.1,0.0
EUR_JPY,165.0,23.97,50.0,0.3,0.334,pip,155.7,3,3,34.7,1.0,96.8,2.0,0.7,0.2,0.34,96.8,3.2,0.0
EUR_JPY,165.0,23.97,80.0,0.5,0.334,pip,42.6,3,3,24.5,1.0,96.8,2.2,0.5,0.2,0.25,96.8,3.2,0.0
EUR_JPY,165.0,23.97,125.0,0.75,0.334,pip,36.7,3,3,22.3,1.0,96.9,1.5,0.6,0.9,0.0,96.9,3.1,0.0
EUR_JPY,165.0,23.97,165.0,1.0,0.334,pip,74.3,3,3,19.1,1.0,95.6,1.7,0.6,1.1,1.11,95.6,4.4,0.0
EUR_JPY,165.0,23.97,250.0,1.5,0.334,pip,52.3,3,3,11.4,1.0,97.2,1.1,0.6,0.6,0.57,97.2,2.8,0.0
EUR_JPY,165.0,23.97,330.0,2.0,0.334,pip,15.8,3,3,5.4,1.0,97.5,0.8,0.0,0.8,0.82,97.5,2.5,0.0
EUR_JPY,170.0,24.69,50.0,0.3,0.334,pip,2.5,3,3,1.1,1.0,94.9,0.0,5.1,0.0,0.0,94.9,5.1,0.0
EUR_JPY,170.0,24.69,85.0,0.5,0.334,pip,36.5,3,3,22.0,1.0,96.7,2.3,0.5,0.5,0.0,96.7,3.3,0.0
EUR_JPY,170.0,24.69,130.0,0.75,0.334,pip,35.1,3,3,20.9,1.0,96.7,1.7,0.7,1.0,0.0,96.7,3.3,0.0
EUR_JPY,170.0,24.69,170.0,1.0,0.334,pip,79.2,3,3,20.5,1.0,96.9,1.3,0.0,0.9,0.88,96.9,3.1,0.0
EUR_JPY,170.0,24.69,255.0,1.5,0.334,pip,30.2,3,3,13.7,1.0,98.3,0.4,0.4,0.4,0.43,98.3,1.7,0.0
EUR_JPY,170.0,24.69,340.0,2.0,0.334,pip,21.4,3,3,9.0,1.0,97.5,0.6,0.0,1.3,0.64,97.5,2.5,0.0
EUR_JPY,175.0,25.42,50.0,0.3,0.334,pip,59.8,3,3,34.5,1.0,96.2,2.5,0.4,0.6,0.21,96.2,3.8,0.0
EUR_JPY,175.0,25.42,90.0,0.5,0.334,pip,46.9,3,3,24.1,1.0,95.7,2.7,0.3,1.3,0.0,95.7,4.3,0.0
EUR_JPY,175.0,25.42,130.0,0.75,0.334,pip,44.5,3,3,24.4,1.0,96.6,1.7,0.7,1.0,0.0,96.6,3.4,0.0
EUR_JPY,175.0,25.42,175.0,1.0,0.334,pip,30.3,3,3,17.4,1.0,98.0,0.7,0.3,1.0,0.0,98.0,2.0,0.0
EUR_JPY,175.0,25.42,260.0,1.5,0.334,pip,31.6,3,3,11.9,1.0,98.0,0.0,0.5,1.0,0.5,98.0,2.0,0.0
EUR_JPY,175.0,25.42,350.0,2.0,0.334,pip,13.0,3,3,5.9,1.0,98.0,0.7,0.7,0.7,0.0,98.0,2.0,0.0
EUR_JPY,180.0,26.14,55.0,0.3,0.334,pip,49.5,3,3,28.5,1.0,96.0,1.9,1.2,0.9,0.0,96.0,4.0,0.0
EUR_JPY,180.0,26.14,90.0,0.5,0.334,pip,34.6,3,3,17.5,1.0,96.5,1.4,1.0,1.0,0.0,96.5,3.5,0.0
EUR_JPY,180.0,26.14,135.0,0.75,0.334,pip,98.5,3,3,28.1,1.0,97.0,1.0,0.3,1.3,0.33,97.0,3.0,0.0
EUR_JPY,180.0,26.14,180.0,1.0,0.334,pip,30.4,3,3,17.2,1.0,97.9,0.7,0.4,1.1,0.0,97.9,2.1,0.0
EUR_JPY,180.0,26.14,270.0,1.5,0.334,pip,-1161.5,3,3,-3525.9,0.359,96.1,0.0,1.0,1.9,0.97,96.1,2.9,1.0
EUR_JPY,180.0,26.14,360.0,2.0,0.334,pip,16.4,3,3,4.1,1.0,97.2,0.9,0.0,0.9,0.94,97.2,2.8,0.0
EUR_JPY,185.0,26.87,55.0,0.3,0.334,pip,51.3,3,3,29.0,1.0,96.1,1.8,1.2,0.9,0.0,96.1,3.9,0.0
EUR_JPY,185.0,26.87,90.0,0.5,0.334,pip,40.5,3,3,21.6,1.0,96.5,1.4,1.0,1.0,0.0,96.5,3.5,0.0
EUR_JPY,185.0,26.87,140.0,0.75,0.334,pip,37.7,3,3,20.0,1.0,96.9,1.2,0.4,1.6,0.0,96.9,3.1,0.0
EUR_JPY,185.0,26.87,185.0,1.0,0.334,pip,31.0,3,3,17.0,1.0,97.9,0.7,0.4,1.1,0.0,97.9,2.1,0.0
EUR_JPY,185.0,26.87,280.0,1.5,0.334,pip,18.2,3,3,6.5,1.0,97.6,0.8,0.8,0.8,0.0,97.6,2.4,0.0
EUR_JPY,185.0,26.87,370.0,2.0,0.334,pip,12.0,3,3,4.4,1.0,95.8,0.0,2.8,1.4,0.0,95.8,4.2,0.0
EUR_JPY,190.0,27.6,55.0,0.3,0.334,pip,50.6,3,3,27.2,1.0,97.0,1.3,1.1,0.4,0.21,97.0,3.0,0.0
EUR_JPY,190.0,27.6,95.0,0.5,0.334,pip,49.7,3,3,23.3,1.0,97.1,1.4,0.6,0.9,0.0,97.1,2.9,0.0
EUR_JPY,190.0,27.6,140.0,0.75,0.334,pip,46.6,3,3,21.4,1.0,96.7,1.2,0.4,1.6,0.0,96.7,3.3,0.0
EUR_JPY,190.0,27.6,190.0,1.0,0.334,pip,30.9,3,3,18.4,1.0,97.5,1.4,0.4,0.7,0.0,97.5,2.5,0.0
EUR_JPY,190.0,27.6,285.0,1.5,0.334,pip,18.2,3,3,6.4,1.0,97.5,0.8,0.8,0.8,0.0,97.5,2.5,0.0
EUR_JPY,190.0,27.6,380.0,2.0,0.334,pip,12.2,3,3,4.3,1.0,95.6,0.0,2.9,1.5,0.0,95.6,4.4,0.0
EUR_JPY,195.0,28.32,60.0,0.3,0.334,pip,48.7,3,3,26.5,1.0,97.3,0.9,0.9,0.7,0.23,97.3,2.7,0.0
EUR_JPY,195.0,28.32,100.0,0.5,0.334,pip,51.8,3,3,23.9,1.0,97.1,1.5,0.6,0.9,0.0,97.1,2.9,0.0
EUR_JPY,195.0,28.32,145.0,0.75,0.334,pip,47.4,3,3,24.3,1.0,97.5,1.1,0.0,1.4,0.0,97.5,2.5,0.0
EUR_JPY,195.0,28.32,195.0,1.0,0.334,pip,32.3,3,3,18.3,1.0,97.6,1.4,0.3,0.7,0.0,97.6,2.4,0.0
EUR_JPY,195.0,28.32,290.0,1.5,0.334,pip,18.4,3,3,5.0,1.0,97.6,0.8,0.8,0.8,0.0,97.6,2.4,0.0
EUR_JPY,195.0,28.32,390.0,2.0,0.334,pip,9.9,3,3,2.4,1.0,97.6,0.0,1.2,1.2,0.0,97.6,2.4,0.0
EUR_JPY,200.0,29.05,60.0,0.3,0.334,pip,48.4,3,3,25.4,1.0,97.2,0.9,0.9,0.7,0.23,97.2,2.8,0.0
EUR_JPY,200.0,29.05,100.0,0.5,0.334,pip,50.8,3,3,23.3,1.0,96.9,1.5,0.6,0.9,0.0,96.9,3.1,0.0
EUR_JPY,200.0,29.05,150.0,0.75,0.334,pip,34.3,3,3,17.6,1.0,98.0,0.7,0.3,1.0,0.0,98.0,2.0,0.0
EUR_JPY,200.0,29.05,200.0,1.0,0.334,pip,25.5,3,3,11.6,1.0,97.6,0.9,0.5,0.9,0.0,97.6,2.4,0.0
EUR_JPY,200.0,29.05,300.0,1.5,0.334,pip,26.5,3,3,10.0,1.0,97.3,0.7,0.7,1.4,0.0,97.3,2.7,0.0
EUR_JPY,200.0,29.05,400.0,2.0,0.334,pip,9.8,3,3,2.1,1.0,97.3,0.0,1.4,1.4,0.0,97.3,2.7,0.0
EUR_JPY,205.0,29.77,60.0,0.3,0.334,pip,97.0,3,3,32.9,1.0,97.4,0.3,1.0,0.8,0.52,97.4,2.6,0.0
EUR_JPY,205.0,29.77,100.0,0.5,0.334,pip,50.1,3,3,23.0,1.0,96.9,1.6,0.6,0.9,0.0,96.9,3.1,0.0
EUR_JPY,205.0,29.77,155.0,0.75,0.334,pip,34.0,3,3,17.0,1.0,97.9,0.7,0.4,1.1,0.0,97.9,2.1,0.0
EUR_JPY,205.0,29.77,205.0,1.0,0.334,pip,16.3,3,3,6.6,1.0,98.3,1.2,0.0,0.6,0.0,98.3,1.7,0.0
EUR_JPY,205.0,29.77,310.0,1.5,0.334,pip,18.5,3,3,5.8,1.0,97.8,0.7,0.7,0.7,0.0,97.8,2.2,0.0
EUR_JPY,205.0,29.77,410.0,2.0,0.334,pip,10.5,3,3,2.6,1.0,97.8,0.0,1.1,1.1,0.0,97.8,2.2,0.0
EUR_JPY,210.0,30.5,65.0,0.3,0.334,pip,60.9,3,3,20.2,1.0,97.5,0.9,0.6,0.6,0.31,97.5,2.5,0.0
EUR_JPY,210.0,30.5,105.0,0.5,0.334,pip,59.7,3,3,27.2,1.0,97.3,1.2,0.3,1.2,0.0,97.3,2.7,0.0
EUR_JPY,210.0,30.5,160.0,0.75,0.334,pip,28.5,3,3,14.6,1.0,98.0,1.0,0.3,0.7,0.0,98.0,2.0,0.0
EUR_JPY,210.0,30.5,210.0,1.0,0.334,pip,25.6,3,3,11.2,1.0,98.4,0.8,0.0,0.8,0.0,98.4,1.6,0.0
EUR_JPY,210.0,30.5,315.0,1.5,0.334,pip,18.6,3,3,7.1,1.0,98.0,0.7,0.7,0.7,0.0,98.0,2.0,0.0
EUR_JPY,210.0,30.5,420.0,2.0,0.334,pip,10.4,3,3,2.3,1.0,97.5,0.0,1.2,1.2,0.0,97.5,2.5,0.0
EUR_JPY,215.0,31.23,65.0,0.3,0.334,pip,76.2,3,3,24.6,1.0,97.2,1.5,0.3,0.3,0.61,97.2,2.8,0.0
EUR_JPY,215.0,31.23,110.0,0.5,0.334,pip,59.4,3,3,27.4,1.0,96.9,1.0,0.7,1.4,0.0,96.9,3.1,0.0
EUR_JPY,215.0,31.23,160.0,0.75,0.334,pip,33.1,3,3,17.1,1.0,98.2,0.9,0.3,0.6,0.0,98.2,1.8,0.0
EUR_JPY,215.0,31.23,215.0,1.0,0.334,pip,19.8,3,3,7.9,1.0,97.4,0.7,1.3,0.7,0.0,97.4,2.6,0.0
EUR_JPY,215.0,31.23,320.0,1.5,0.334,pip,18.1,3,3,6.8,1.0,97.8,0.7,0.7,0.7,0.0,97.8,2.2,0.0
EUR_JPY,215.0,31.23,430.0,2.0,0.334,pip,7.8,3,3,0.9,1.0,94.7,2.6,0.0,2.6,0.0,94.7,5.3,0.0
EUR_JPY,220.0,31.95,65.0,0.3,0.334,pip,98.2,3,3,33.1,1.0,97.0,1.6,0.3,0.3,0.66,97.0,3.0,0.0
EUR_JPY,220.0,31.95,110.0,0.5,0.334,pip,48.3,3,3,16.9,1.0,97.4,1.5,0.0,1.1,0.0,97.4,2.6,0.0
EUR_JPY,220.0,31.95,165.0,0.75,0.334,pip,30.0,3,3,13.9,1.0,97.8,1.4,0.0,0.7,0.0,97.8,2.2,0.0
EUR_JPY,220.0,31.95,220.0,1.0,0.334,pip,20.7,3,3,8.1,1.0,97.5,0.6,1.2,0.6,0.0,97.5,2.5,0.0
EUR_JPY,220.0,31.95,330.0,1.5,0.334,pip,11.4,3,3,2.0,1.0,97.0,0.0,1.5,1.5,0.0,97.0,3.0,0.0
EUR_JPY,220.0,31.95,440.0,2.0,0.334,pip,10.3,3,3,3.1,1.0,97.7,1.2,0.0,1.2,0.0,97.7,2.3,0.0
EUR_JPY,225.0,32.68,70.0,0.3,0.334,pip,92.4,3,3,33.1,1.0,96.9,1.7,0.3,0.3,0.68,96.9,3.1,0.0
EUR_JPY,225.0,32.68,110.0,0.5,0.334,pip,51.2,3,3,23.1,1.0,97.5,1.4,0.0,1.1,0.0,97.5,2.5,0.0
EUR_JPY,225.0,32.68,170.0,0.75,0.334,pip,20.7,3,3,10.0,1.0,98.2,1.4,0.0,0.5,0.0,98.2,1.8,0.0
EUR_JPY,225.0,32.68,225.0,1.0,0.334,pip,21.6,3,3,9.0,1.0,97.8,0.6,1.1,0.6,0.0,97.8,2.2,0.0
EUR_JPY,225.0,32.68,340.0,1.5,0.334,pip,13.7,3,3,2.0,1.0,97.0,0.0,1.5,1.5,0.0,97.0,3.0,0.0
EUR_JPY,225.0,32.68,450.0,2.0,0.334,pip,10.4,3,3,2.9,1.0,97.4,1.3,0.0,1.3,0.0,97.4,2.6,0.0
EUR_JPY,230.0,33.41,70.0,0.3,0.334,pip,99.5,3,3,36.3,1.0,96.4,1.8,0.4,0.7,0.71,96.4,3.6,0.0
EUR_JPY,230.0,33.41,115.0,0.5,0.334,pip,41.7,3,3,15.6,1.0,98.0,1.0,0.3,0.7,0.0,98.0,2.0,0.0
EUR_JPY,230.0,33.41,170.0,0.75,0.334,pip,28.4,3,3,13.3,1.0,97.7,1.9,0.0,0.4,0.0,97.7,2.3,0.0
EUR_JPY,230.0,33.41,230.0,1.0,0.334,pip,24.0,3,3,8.4,1.0,97.6,0.6,0.6,1.2,0.0,97.6,2.4,0.0
EUR_JPY,230.0,33.41,345.0,1.5,0.334,pip,14.1,3,3,2.3,1.0,97.3,0.0,1.4,1.4,0.0,97.3,2.7,0.0
EUR_JPY,230.0,33.41,460.0,2.0,0.334,pip,10.3,3,3,2.8,1.0,97.1,1.5,0.0,1.5,0.0,97.1,2.9,0.0
EUR_JPY,235.0,34.13,70.0,0.3,0.334,pip,84.2,3,3,22.7,1.0,97.5,1.4,0.3,0.6,0.28,97.5,2.5,0.0
EUR_JPY,235.0,34.13,120.0,0.5,0.334,pip,43.7,3,3,18.0,1.0,98.4,0.8,0.3,0.5,0.0,98.4,1.6,0.0
EUR_JPY,235.0,34.13,175.0,0.75,0.334,pip,25.5,3,3,14.2,1.0,98.3,1.4,0.0,0.3,0.0,98.3,1.7,0.0
EUR_JPY,235.0,34.13,235.0,1.0,0.334,pip,24.0,3,3,8.1,1.0,97.5,0.6,0.6,1.2,0.0,97.5,2.5,0.0
EUR_JPY,235.0,34.13,350.0,1.5,0.334,pip,13.9,3,3,2.1,1.0,97.2,0.0,1.4,1.4,0.0,97.2,2.8,0.0
EUR_JPY,235.0,34.13,470.0,2.0,0.334,pip,10.4,3,3,2.3,1.0,96.6,1.7,0.0,1.7,0.0,96.6,3.4,0.0
EUR_JPY,240.0,34.86,70.0,0.3,0.334,pip,81.6,3,3,19.2,1.0,97.8,1.4,0.3,0.3,0.28,97.8,2.2,0.0
EUR_JPY,240.0,34.86,120.0,0.5,0.334,pip,44.5,3,3,17.8,1.0,98.4,0.8,0.3,0.5,0.0,98.4,1.6,0.0
EUR_JPY,240.0,34.86,180.0,0.75,0.334,pip,30.2,3,3,13.5,1.0,98.8,0.6,0.0,0.6,0.0,98.8,1.2,0.0
EUR_JPY,240.0,34.86,240.0,1.0,0.334,pip,24.1,3,3,7.6,1.0,97.3,0.7,0.7,1.4,0.0,97.3,2.7,0.0
EUR_JPY,240.0,34.86,360.0,1.5,0.334,pip,14.5,3,3,2.3,1.0,97.4,0.0,1.3,1.3,0.0,97.4,2.6,0.0
EUR_JPY,240.0,34.86,480.0,2.0,0.334,pip,8.2,3,3,1.9,1.0,98.6,0.0,0.0,1.4,0.0,98.6,1.4,0.0
EUR_JPY,245.0,35.58,75.0,0.3,0.334,pip,101.8,3,3,38.1,1.0,98.0,1.0,0.2,0.2,0.5,98.0,2.0,0.0
EUR_JPY,245.0,35.58,120.0,0.5,0.334,pip,38.3,3,3,18.5,1.0,98.6,0.9,0.2,0.2,0.0,98.6,1.4,0.0
EUR_JPY,245.0,35.58,185.0,0.75,0.334,pip,30.3,3,3,13.0,1.0,98.7,0.7,0.0,0.7,0.0,98.7,1.3,0.0
EUR_JPY,245.0,35.58,245.0,1.0,0.334,pip,24.8,3,3,7.9,1.0,97.3,0.7,0.7,1.3,0.0,97.3,2.7,0.0
EUR_JPY,245.0,35.58,370.0,1.5,0.334,pip,14.4,3,3,1.7,1.0,96.7,0.0,1.6,1.6,0.0,96.7,3.3,0.0
EUR_JPY,245.0,35.58,490.0,2.0,0.334,pip,8.2,3,3,1.8,1.0,98.5,0.0,0.0,1.5,0.0,98.5,1.5,0.0
EUR_JPY,250.0,36.31,75.0,0.3,0.334,pip,60.3,3,3,17.2,1.0,98.2,1.5,0.0,0.3,0.0,98.2,1.8,0.0
EUR_JPY,250.0,36.31,125.0,0.5,0.334,pip,38.6,3,3,18.4,1.0,98.6,0.9,0.2,0.2,0.0,98.6,1.4,0.0
EUR_JPY,250.0,36.31,190.0,0.75,0.334,pip,31.5,3,3,13.1,1.0,98.7,0.7,0.0,0.7,0.0,98.7,1.3,0.0
EUR_JPY,250.0,36.31,250.0,1.0,0.334,pip,24.4,3,3,7.5,1.0,97.0,0.8,0.8,1.5,0.0,97.0,3.0,0.0
EUR_JPY,250.0,36.31,375.0,1.5,0.334,pip,14.7,3,3,1.9,1.0,97.1,0.0,1.4,1.4,0.0,97.1,2.9,0.0
EUR_JPY,250.0,36.31,500.0,2.0,0.334,pip,7.9,3,3,1.3,1.0,98.2,0.0,0.0,1.8,0.0,98.2,1.8,0.0
EUR_JPY,255.0,37.04,75.0,0.3,0.334,pip,60.5,3,3,17.0,1.0,98.2,1.5,0.0,0.3,0.0,98.2,1.8,0.0
EUR_JPY,255.0,37.04,130.0,0.5,0.334,pip,35.9,3,3,17.5,1.0,98.5,1.0,0.3,0.3,0.0,98.5,1.5,0.0
EUR_JPY,255.0,37.04,190.0,0.75,0.334,pip,22.1,3,3,8.9,1.0,97.7,0.6,1.1,0.6,0.0,97.7,2.3,0.0
EUR_JPY,255.0,37.04,255.0,1.0,0.334,pip,24.2,3,3,6.7,1.0,96.4,0.9,0.9,1.8,0.0,96.4,3.6,0.0
EUR_JPY,255.0,37.04,380.0,1.5,0.334,pip,14.6,3,3,1.7,1.0,96.8,0.0,1.6,1.6,0.0,96.8,3.2,0.0
EUR_JPY,255.0,37.04,510.0,2.0,0.334,pip,8.3,3,3,1.5,1.0,98.0,0.0,0.0,2.0,0.0,98.0,2.0,0.0
EUR_JPY,260.0,37.76,80.0,0.3,0.334,pip,60.8,3,3,19.3,1.0,98.3,1.5,0.0,0.2,0.0,98.3,1.7,0.0
EUR_JPY,260.0,37.76,130.0,0.5,0.334,pip,38.5,3,3,18.1,1.0,98.6,1.0,0.2,0.2,0.0,98.6,1.4,0.0
EUR_JPY,260.0,37.76,195.0,0.75,0.334,pip,22.5,3,3,9.6,1.0,97.9,0.5,1.1,0.5,0.0,97.9,2.1,0.0
EUR_JPY,260.0,37.76,260.0,1.0,0.334,pip,18.9,3,3,5.6,1.0,97.3,0.9,0.9,0.9,0.0,97.3,2.7,0.0
EUR_JPY,260.0,37.76,390.0,1.5,0.334,pip,12.4,3,3,0.7,1.0,93.8,3.1,0.0,3.1,0.0,93.8,6.2,0.0
EUR_JPY,260.0,37.76,520.0,2.0,0.334,pip,9.8,3,3,2.8,1.0,98.8,0.0,0.0,1.2,0.0,98.8,1.2,0.0
EUR_JPY,265.0,38.49,80.0,0.3,0.334,pip,56.7,3,3,17.7,1.0,98.1,0.3,1.3,0.3,0.0,98.1,1.9,0.0
EUR_JPY,265.0,38.49,130.0,0.5,0.334,pip,33.5,3,3,14.1,1.0,98.1,0.8,0.8,0.4,0.0,98.1,1.9,0.0
EUR_JPY,265.0,38.49,200.0,0.75,0.334,pip,21.8,3,3,10.2,1.0,98.6,0.5,0.5,0.5,0.0,98.6,1.4,0.0
EUR_JPY,265.0,38.49,265.0,1.0,0.334,pip,18.1,3,3,7.6,1.0,98.9,0.5,0.0,0.5,0.0,98.9,1.1,0.0
EUR_JPY,265.0,38.49,400.0,1.5,0.334,pip,14.2,3,3,4.3,1.0,99.2,0.0,0.0,0.8,0.0,99.2,0.8,0.0
EUR_JPY,265.0,38.49,530.0,2.0,0.334,pip,12.3,3,3,4.2,1.0,99.2,0.0,0.0,0.8,0.0,99.2,0.8,0.0
EUR_JPY,270.0,39.22,80.0,0.3,0.334,pip,26.2,3,3,16.3,1.0,98.1,0.6,1.3,0.0,0.0,98.1,1.9,0.0
EUR_JPY,270.0,39.22,135.0,0.5,0.334,pip,20.6,3,3,13.5,1.0,98.2,1.1,0.7,0.0,0.0,98.2,1.8,0.0
EUR_JPY,270.0,39.22,200.0,0.75,0.334,pip,20.0,3,3,8.1,1.0,98.5,1.0,0.0,0.5,0.0,98.5,1.5,0.0
EUR_JPY,270.0,39.22,270.0,1.0,0.334,pip,11.7,3,3,7.6,1.0,98.8,1.2,0.0,0.0,0.0,98.8,1.2,0.0
EUR_JPY,270.0,39.22,405.0,1.5,0.334,pip,8.8,3,3,4.0,1.0,99.1,0.9,0.0,0.0,0.0,99.1,0.9,0.0
EUR_JPY,270.0,39.22,540.0,2.0,0.334,pip,8.0,3,3,4.9,1.0,99.2,0.8,0.0,0.0,0.0,99.2,0.8,0.0
EUR_JPY,275.0,39.94,80.0,0.3,0.334,pip,25.8,3,3,15.9,1.0,98.1,0.6,1.3,0.0,0.0,98.1,1.9,0.0
EUR_JPY,275.0,39.94,140.0,0.5,0.334,pip,20.1,3,3,13.4,1.0,98.1,1.1,0.8,0.0,0.0,98.1,1.9,0.0
EUR_JPY,275.0,39.94,205.0,0.75,0.334,pip,19.1,3,3,8.2,1.0,98.4,1.0,0.0,0.5,0.0,98.4,1.6,0.0
EUR_JPY,275.0,39.94,275.0,1.0,0.334,pip,12.0,3,3,7.9,1.0,98.8,1.2,0.0,0.0,0.0,98.8,1.2,0.0
EUR_JPY,275.0,39.94,410.0,1.5,0.334,pip,9.5,3,3,4.6,1.0,99.2,0.8,0.0,0.0,0.0,99.2,0.8,0.0
EUR_JPY,275.0,39.94,550.0,2.0,0.334,pip,7.5,3,3,4.5,1.0,99.2,0.8,0.0,0.0,0.0,99.2,0.8,0.0
EUR_JPY,280.0,40.67,85.0,0.3,0.334,pip,28.9,3,3,20.9,1.0,98.6,0.9,0.5,0.0,0.0,98.6,1.4,0.0
EUR_JPY,280.0,40.67,140.0,0.5,0.334,pip,20.5,3,3,13.2,1.0,98.1,1.2,0.8,0.0,0.0,98.1,1.9,0.0
EUR_JPY,280.0,40.67,210.0,0.75,0.334,pip,17.9,3,3,7.4,1.0,98.3,1.1,0.0,0.6,0.0,98.3,1.7,0.0
EUR_JPY,280.0,40.67,280.0,1.0,0.334,pip,12.6,3,3,8.2,1.0,98.9,1.1,0.0,0.0,0.0,98.9,1.1,0.0
EUR_JPY,280.0,40.67,420.0,1.5,0.334,pip,9.4,3,3,4.4,1.0,99.2,0.8,0.0,0.0,0.0,99.2,0.8,0.0
EUR_JPY,280.0,40.67,560.0,2.0,0.334,pip,8.7,3,3,5.5,1.0,99.3,0.7,0.0,0.0,0.0,99.3,0.7,0.0
EUR_JPY,285.0,41.39,85.0,0.3,0.334,pip,28.8,3,3,20.7,1.0,98.6,0.9,0.5,0.0,0.0,98.6,1.4,0.0
EUR_JPY,285.0,41.39,140.0,0.5,0.334,pip,21.1,3,3,13.8,1.0,98.1,1.1,0.8,0.0,0.0,98.1,1.9,0.0
EUR_JPY,285.0,41.39,215.0,0.75,0.334,pip,17.5,3,3,7.0,1.0,98.1,1.3,0.0,0.6,0.0,98.1,1.9,0.0
EUR_JPY,285.0,41.39,285.0,1.0,0.334,pip,12.0,3,3,7.9,1.0,98.9,1.1,0.0,0.0,0.0,98.9,1.1,0.0
EUR_JPY,285.0,41.39,430.0,1.5,0.334,pip,9.3,3,3,4.3,1.0,99.2,0.8,0.0,0.0,0.0,99.2,0.8,0.0
EUR_JPY,285.0,41.39,570.0,2.0,0.334,pip,8.5,3,3,5.4,1.0,99.3,0.7,0.0,0.0,0.0,99.3,0.7,0.0
EUR_JPY,290.0,42.12,85.0,0.3,0.334,pip,21.1,3,3,15.0,1.0,99.3,0.5,0.2,0.0,0.0,99.3,0.7,0.0
EUR_JPY,290.0,42.12,145.0,0.5,0.334,pip,16.9,3,3,13.5,1.0,99.5,0.5,0.0,0.0,0.0,99.5,0.5,0.0
EUR_JPY,290.0,42.12,220.0,0.75,0.334,pip,18.6,3,3,8.3,1.0,98.2,1.2,0.0,0.6,0.0,98.2,1.8,0.0
EUR_JPY,290.0,42.12,290.0,1.0,0.334,pip,12.0,3,3,7.3,1.0,98.9,1.1,0.0,0.0,0.0,98.9,1.1,0.0
EUR_JPY,290.0,42.12,435.0,1.5,0.334,pip,9.4,3,3,4.3,1.0,99.2,0.8,0.0,0.0,0.0,99.2,0.8,0.0
EUR_JPY,290.0,42.12,580.0,2.0,0.334,pip,15.0,3,3,11.8,1.0,99.7,0.3,0.0,0.0,0.0,99.7,0.3,0.0
EUR_JPY,295.0,42.85,90.0,0.3,0.334,pip,25.9,3,3,16.6,1.0,98.6,1.1,0.3,0.0,0.0,98.6,1.4,0.0
EUR_JPY,295.0,42.85,150.0,0.5,0.334,pip,16.9,3,3,13.4,1.0,99.5,0.5,0.0,0.0,0.0,99.5,0.5,0.0
EUR_JPY,295.0,42.85,220.0,0.75,0.334,pip,11.4,3,3,7.1,1.0,98.8,1.2,0.0,0.0,0.0,98.8,1.2,0.0
EUR_JPY,295.0,42.85,295.0,1.0,0.334,pip,12.2,3,3,7.5,1.0,98.9,1.1,0.0,0.0,0.0,98.9,1.1,0.0
EUR_JPY,295.0,42.85,440.0,1.5,0.334,pip,9.7,3,3,4.5,1.0,99.2,0.8,0.0,0.0,0.0,99.2,0.8,0.0
EUR_JPY,295.0,42.85,590.0,2.0,0.334,pip,15.1,3,3,11.9,1.0,99.7,0.3,0.0,0.0,0.0,99.7,0.3,0.0
EUR_JPY,300.0,43.57,90.0,0.3,0.334,pip,25.7,3,3,17.0,1.0,98.6,1.1,0.3,0.0,0.0,98.6,1.4,0.0
EUR_JPY,300.0,43.57,150.0,0.5,0.334,pip,16.3,3,3,13.6,1.0,99.5,0.5,0.0,0.0,0.0,99.5,0.5,0.0
EUR_JPY,300.0,43.57,225.0,0.75,0.334,pip,10.1,3,3,7.2,1.0,98.8,1.2,0.0,0.0,0.0,98.8,1.2,0.0
EUR_JPY,300.0,43.57,300.0,1.0,0.334,pip,11.9,3,3,7.2,1.0,98.8,1.2,0.0,0.0,0.0,98.8,1.2,0.0
EUR_JPY,300.0,43.57,450.0,1.5,0.334,pip,10.6,3,3,5.3,1.0,99.3,0.7,0.0,0.0,0.0,99.3,0.7,0.0
EUR_JPY,300.0,43.57,600.0,2.0,0.334,pip,15.4,3,3,12.1,1.0,99.7,0.3,0.0,0.0,0.0,99.7,0.3,0.0
