pair,zw,tgt,ta,td,ppd,is_wf,oos_wf,p5,prob,nc,oos_days,med_sp,atr20,passed
EUR_JPY,20,6.0,4,1.0,3.749795847640438e+18,1,2,,,5529,149.8,2.3,6.7,False
EUR_JPY,20,10.0,4,1.0,1.158702172472346e+18,0,1,,,4481,149.8,2.3,6.7,False
EUR_JPY,20,10.0,6,1.0,1.3273594143279434e+18,0,3,,,3234,149.8,2.3,6.7,False
EUR_JPY,20,10.0,8,1.0,-7.375493973949044e+18,1,0,,,2631,149.8,2.3,6.7,False
EUR_JPY,20,14.0,4,1.0,-1.2636884984743788e+18,0,1,,,3708,149.8,2.3,6.7,False
EUR_JPY,20,14.0,6,1.0,-1.240421738885625e+18,0,1,,,2693,149.8,2.3,6.7,False
EUR_JPY,20,14.0,8,1.0,1.7379823596399713e+18,2,2,,,2195,149.8,2.3,6.7,False
EUR_JPY,20,14.0,10,1.0,1.723474797786415e+18,1,2,,,1888,149.8,2.3,6.7,False
EUR_JPY,30,9.0,4,1.0,6.37270536796049e+18,2,1,,,3783,149.8,2.3,6.7,False
EUR_JPY,30,9.0,6,1.0,3.245847308430164e+17,2,1,,,2675,149.8,2.3,6.7,False
EUR_JPY,30,9.0,8,1.0,-3.890867240270079e+17,3,1,,,2159,149.8,2.3,6.7,False
EUR_JPY,30,15.0,4,1.0,6293287257898.7,2,3,,,3271,149.8,2.3,6.7,False
EUR_JPY,30,15.0,6,1.0,6207824846808.1,2,3,,,2227,149.8,2.3,6.7,False
EUR_JPY,30,15.0,8,1.0,14031008700808.0,2,3,,,1759,149.8,2.3,6.7,False
EUR_JPY,30,15.0,10,1.0,4702835455081.5,2,3,,,1309,149.8,2.3,6.7,False
EUR_JPY,30,21.0,4,1.0,3655.5,3,2,,,211,149.8,2.3,6.7,False
EUR_JPY,30,21.0,6,1.0,3628.3,1,3,,,107,149.8,2.3,6.7,False
EUR_JPY,30,21.0,8,1.0,1017.5,3,3,21.6,1.0,99,149.8,2.3,6.7,True
EUR_JPY,30,21.0,10,1.0,1552.4,3,3,27.0,1.0,89,149.8,2.3,6.7,True
EUR_JPY,40,12.0,4,1.0,-3.514442262217802e+18,2,1,,,2983,149.8,2.3,6.7,False
EUR_JPY,40,12.0,6,1.0,-1.3222436046769518e+18,3,1,,,2087,149.8,2.3,6.7,False
EUR_JPY,40,12.0,8,1.0,3.8186532402527693e+18,3,3,1.7986075503667766e+17,0.956,1574,149.8,2.3,6.7,True
EUR_JPY,40,12.0,10,1.0,1.3823166026647076e+18,2,2,,,1220,149.8,2.3,6.7,False
EUR_JPY,40,20.0,4,1.0,175.2,3,3,11.6,1.0,171,149.8,2.3,6.7,True
EUR_JPY,40,20.0,6,1.0,1519.0,3,3,596.3,1.0,1823,149.8,2.3,6.7,True
EUR_JPY,40,20.0,8,1.0,169.5,3,3,12.7,1.0,97,149.8,2.3,6.7,True
EUR_JPY,40,20.0,10,1.0,162.4,3,3,11.5,1.0,81,149.8,2.3,6.7,True
EUR_JPY,40,28.0,4,1.0,45.8,3,3,9.8,1.0,111,149.8,2.3,6.7,True
EUR_JPY,40,28.0,6,1.0,7366.2,0,3,,,1449,149.8,2.3,6.7,False
EUR_JPY,40,28.0,8,1.0,1063.9,2,3,,,1065,149.8,2.3,6.7,False
EUR_JPY,40,28.0,10,1.0,136.7,2,3,,,71,149.8,2.3,6.7,False
EUR_JPY,50,15.0,4,1.0,-4546684293813.3,2,2,,,2421,149.8,2.3,6.7,False
EUR_JPY,50,15.0,6,1.0,3173552857081.4,2,3,,,1735,149.8,2.3,6.7,False
EUR_JPY,50,15.0,8,1.0,8921487050677.4,2,3,,,1331,149.8,2.3,6.7,False
EUR_JPY,50,15.0,10,1.0,8514966896278.5,3,2,,,1061,149.8,2.3,6.7,False
EUR_JPY,50,25.0,4,1.0,23.4,3,3,6.7,1.0,115,149.8,2.3,6.7,True
EUR_JPY,50,25.0,6,1.0,3105.9,3,3,352.9,1.0,1479,149.8,2.3,6.7,True
EUR_JPY,50,25.0,8,1.0,18.9,3,3,6.2,1.0,109,149.8,2.3,6.7,True
EUR_JPY,50,25.0,10,1.0,836.6,3,3,361.5,1.0,827,149.8,2.3,6.7,True
EUR_JPY,50,35.0,4,1.0,14.6,2,3,,,113,149.8,2.3,6.7,False
EUR_JPY,50,35.0,6,1.0,710.8,3,3,369.3,1.0,1271,149.8,2.3,6.7,True
EUR_JPY,50,35.0,8,1.0,8.4,3,3,5.4,1.0,75,149.8,2.3,6.7,True
EUR_JPY,50,35.0,10,1.0,8.1,3,2,,,54,149.8,2.3,6.7,False
EUR_JPY,60,18.0,4,1.0,10.9,3,3,4.0,1.0,153,149.8,2.3,6.7,True
EUR_JPY,60,18.0,6,1.0,1082.3,3,3,512.3,1.0,1508,149.8,2.3,6.7,True
EUR_JPY,60,18.0,8,1.0,8.6,3,3,5.5,1.0,103,149.8,2.3,6.7,True
EUR_JPY,60,18.0,10,1.0,8.3,3,3,4.0,1.0,53,149.8,2.3,6.7,True
EUR_JPY,60,30.0,4,1.0,12.7,3,2,,,125,149.8,2.3,6.7,False
EUR_JPY,60,30.0,6,1.0,-92.2,3,2,,,1261,149.8,2.3,6.7,False
EUR_JPY,60,30.0,8,1.0,6.6,3,3,4.2,1.0,69,149.8,2.3,6.7,True
EUR_JPY,60,30.0,10,1.0,12.3,3,3,4.7,1.0,65,149.8,2.3,6.7,True
EUR_JPY,60,42.0,4,1.0,8.4,2,2,,,161,149.8,2.3,6.7,False
EUR_JPY,60,42.0,6,1.0,1122.0,3,3,258.0,1.0,1017,149.8,2.3,6.7,True
EUR_JPY,60,42.0,8,1.0,13.4,2,2,,,71,149.8,2.3,6.7,False
EUR_JPY,60,42.0,10,1.0,6.4,1,2,,,53,149.8,2.3,6.7,False
EUR_JPY,80,24.0,4,1.0,4.9,3,3,2.8,1.0,123,149.8,2.3,6.7,True
EUR_JPY,80,24.0,6,1.0,2083.6,3,3,236.3,1.0,1029,149.8,2.3,6.7,True
EUR_JPY,80,24.0,8,1.0,174.9,3,3,4.1,1.0,79,149.8,2.3,6.7,True
EUR_JPY,80,24.0,10,1.0,7.3,3,3,4.0,1.0,59,149.8,2.3,6.7,True
EUR_JPY,80,40.0,4,1.0,3.5,3,3,1.5,1.0,72,149.8,2.3,6.7,True
EUR_JPY,80,40.0,6,1.0,18.2,3,3,2.3,1.0,78,149.8,2.3,6.7,True
EUR_JPY,80,40.0,8,1.0,5.0,2,3,,,51,149.8,2.3,6.7,False
EUR_JPY,80,40.0,10,1.0,5.2,3,3,3.6,1.0,47,149.8,2.3,6.7,True
EUR_JPY,80,56.0,4,1.0,4.6,3,3,1.9,1.0,88,149.8,2.3,6.7,True
EUR_JPY,80,56.0,6,1.0,8.2,3,3,1.6,1.0,60,149.8,2.3,6.7,True
EUR_JPY,80,56.0,8,1.0,3.3,3,1,,,38,149.8,2.3,6.7,False
EUR_JPY,80,56.0,10,1.0,4.0,3,1,,,20,149.8,2.3,6.7,False
EUR_JPY,100,30.0,4,1.0,6.2,3,3,2.7,1.0,103,149.8,2.3,6.7,True
EUR_JPY,100,30.0,6,1.0,4.1,3,2,,,70,149.8,2.3,6.7,False
EUR_JPY,100,30.0,8,1.0,7.2,3,3,3.5,1.0,63,149.8,2.3,6.7,True
EUR_JPY,100,30.0,10,1.0,6.7,3,3,1.5,1.0,22,149.8,2.3,6.7,True
EUR_JPY,100,50.0,4,1.0,3.4,3,2,,,79,149.8,2.3,6.7,False
EUR_JPY,100,50.0,6,1.0,167.0,3,2,,,599,149.8,2.3,6.7,False
EUR_JPY,100,50.0,8,1.0,3.8,3,1,,,38,149.8,2.3,6.7,False
EUR_JPY,100,50.0,10,1.0,252.7,3,3,70.5,1.0,323,149.8,2.3,6.7,True
EUR_JPY,100,70.0,4,1.0,-893.1,3,3,-2951.1,0.364,929,149.8,2.3,6.7,False
EUR_JPY,100,70.0,6,1.0,401.7,3,2,,,663,149.8,2.3,6.7,False
EUR_JPY,100,70.0,8,1.0,-2896.3,3,2,,,443,149.8,2.3,6.7,False
EUR_JPY,100,70.0,10,1.0,4.4,3,2,,,51,149.8,2.3,6.7,False
USD_JPY,20,6.0,4,1.0,3.3877870872564157e+18,2,2,,,5291,149.8,1.7,9.9,False
USD_JPY,20,10.0,4,1.0,8795134556921.5,3,3,400655057658.2,1.0,4301,149.8,1.7,9.9,True
USD_JPY,20,10.0,6,1.0,565804275938.3,3,3,227317435961.5,1.0,3275,149.8,1.7,9.9,True
USD_JPY,20,10.0,8,1.0,2657518648153.5,3,2,,,2624,149.8,1.7,9.9,False
USD_JPY,20,14.0,4,1.0,839.5,2,3,,,323,149.8,1.7,9.9,False
USD_JPY,20,14.0,6,1.0,5517.1,3,3,2803.1,1.0,2482,149.8,1.7,9.9,True
USD_JPY,20,14.0,8,1.0,914.7,2,3,,,209,149.8,1.7,9.9,False
USD_JPY,20,14.0,10,1.0,780.9,2,3,,,175,149.8,1.7,9.9,False
USD_JPY,30,9.0,4,1.0,1.2854211908031347e+18,3,3,3.097360405372886e+16,1.0,3667,149.8,1.7,9.9,True
USD_JPY,30,9.0,6,1.0,2.515609514605963e+17,3,2,,,2583,149.8,1.7,9.9,False
USD_JPY,30,9.0,8,1.0,-2.16124076945999e+17,2,2,,,2043,149.8,1.7,9.9,False
USD_JPY,30,15.0,4,1.0,172.4,3,3,44.1,1.0,355,149.8,1.7,9.9,True
USD_JPY,30,15.0,6,1.0,38.5,3,3,23.4,1.0,225,149.8,1.7,9.9,True
USD_JPY,30,15.0,8,1.0,95.3,3,3,35.0,1.0,199,149.8,1.7,9.9,True
USD_JPY,30,15.0,10,1.0,59.1,3,3,30.7,1.0,163,149.8,1.7,9.9,True
USD_JPY,30,21.0,4,1.0,34.3,3,3,17.8,1.0,287,149.8,1.7,9.9,True
USD_JPY,30,21.0,6,1.0,35.4,2,3,,,210,149.8,1.7,9.9,False
USD_JPY,30,21.0,8,1.0,69.8,3,3,24.7,1.0,178,149.8,1.7,9.9,True
USD_JPY,30,21.0,10,1.0,30.4,3,3,19.6,1.0,139,149.8,1.7,9.9,True
USD_JPY,40,12.0,4,1.0,26.9,3,3,15.9,1.0,337,149.8,1.7,9.9,True
USD_JPY,40,12.0,6,1.0,52.3,3,3,15.2,1.0,217,149.8,1.7,9.9,True
USD_JPY,40,12.0,8,1.0,101.7,3,3,24.4,1.0,185,149.8,1.7,9.9,True
USD_JPY,40,12.0,10,1.0,73.0,2,3,,,137,149.8,1.7,9.9,False
USD_JPY,40,20.0,4,1.0,18.6,2,3,,,211,149.8,1.7,9.9,False
USD_JPY,40,20.0,6,1.0,27.1,2,3,,,165,149.8,1.7,9.9,False
USD_JPY,40,20.0,8,1.0,32.0,3,3,16.8,1.0,163,149.8,1.7,9.9,True
USD_JPY,40,20.0,10,1.0,30.1,2,3,,,101,149.8,1.7,9.9,False
USD_JPY,40,28.0,4,1.0,16.7,2,3,,,174,149.8,1.7,9.9,False
USD_JPY,40,28.0,6,1.0,17.3,3,3,11.7,1.0,109,149.8,1.7,9.9,True
USD_JPY,40,28.0,8,1.0,22.8,3,3,15.0,1.0,117,149.8,1.7,9.9,True
USD_JPY,40,28.0,10,1.0,17.8,2,3,,,68,149.8,1.7,9.9,False
USD_JPY,50,15.0,4,1.0,16.5,3,3,12.5,1.0,219,149.8,1.7,9.9,True
USD_JPY,50,15.0,6,1.0,523.4,3,3,347.2,1.0,1821,149.8,1.7,9.9,True
USD_JPY,50,15.0,8,1.0,18.6,3,3,12.9,1.0,143,149.8,1.7,9.9,True
USD_JPY,50,15.0,10,1.0,18.0,3,3,12.8,1.0,107,149.8,1.7,9.9,True
USD_JPY,50,25.0,4,1.0,15.3,3,3,9.6,1.0,165,149.8,1.7,9.9,True
USD_JPY,50,25.0,6,1.0,38.2,3,3,14.4,1.0,107,149.8,1.7,9.9,True
USD_JPY,50,25.0,8,1.0,21.3,3,3,13.9,1.0,111,149.8,1.7,9.9,True
USD_JPY,50,25.0,10,1.0,325.1,3,3,204.5,1.0,884,149.8,1.7,9.9,True
USD_JPY,50,35.0,4,1.0,15.7,3,3,9.9,1.0,126,149.8,1.7,9.9,True
USD_JPY,50,35.0,6,1.0,21.9,3,3,9.4,1.0,117,149.8,1.7,9.9,True
USD_JPY,50,35.0,8,1.0,12.9,3,3,9.6,1.0,100,149.8,1.7,9.9,True
USD_JPY,50,35.0,10,1.0,11.7,2,3,,,57,149.8,1.7,9.9,False
USD_JPY,60,18.0,4,1.0,20.6,3,3,8.8,1.0,131,149.8,1.7,9.9,True
USD_JPY,60,18.0,6,1.0,227.6,3,3,177.3,1.0,1443,149.8,1.7,9.9,True
USD_JPY,60,18.0,8,1.0,15.3,3,3,11.1,1.0,153,149.8,1.7,9.9,True
USD_JPY,60,18.0,10,1.0,388.6,3,3,263.2,1.0,950,149.8,1.7,9.9,True
USD_JPY,60,30.0,4,1.0,14.8,2,3,,,124,149.8,1.7,9.9,False
USD_JPY,60,30.0,6,1.0,256.0,3,3,187.7,1.0,1351,149.8,1.7,9.9,True
USD_JPY,60,30.0,8,1.0,15.8,3,3,9.9,1.0,82,149.8,1.7,9.9,True
USD_JPY,60,30.0,10,1.0,13.1,3,3,9.4,1.0,75,149.8,1.7,9.9,True
USD_JPY,60,42.0,4,1.0,11.4,3,3,6.0,1.0,120,149.8,1.7,9.9,True
USD_JPY,60,42.0,6,1.0,9.3,3,3,6.8,1.0,102,149.8,1.7,9.9,True
USD_JPY,60,42.0,8,1.0,233.0,3,3,166.9,1.0,826,149.8,1.7,9.9,True
USD_JPY,60,42.0,10,1.0,10.5,3,3,6.5,1.0,44,149.8,1.7,9.9,True
USD_JPY,80,24.0,4,1.0,101.2,3,2,,,1599,149.8,1.7,9.9,False
USD_JPY,80,24.0,6,1.0,154.3,3,3,120.7,1.0,1206,149.8,1.7,9.9,True
USD_JPY,80,24.0,8,1.0,147.7,3,3,109.0,1.0,923,149.8,1.7,9.9,True
USD_JPY,80,24.0,10,1.0,305.2,3,3,96.5,1.0,621,149.8,1.7,9.9,True
USD_JPY,80,40.0,4,1.0,32.2,3,3,4.8,1.0,115,149.8,1.7,9.9,True
USD_JPY,80,40.0,6,1.0,33.3,3,3,4.5,1.0,79,149.8,1.7,9.9,True
USD_JPY,80,40.0,8,1.0,11.4,3,3,6.8,1.0,103,149.8,1.7,9.9,True
USD_JPY,80,40.0,10,1.0,8.3,3,3,5.4,1.0,57,149.8,1.7,9.9,True
USD_JPY,80,56.0,4,1.0,14.9,3,3,4.2,1.0,79,149.8,1.7,9.9,True
USD_JPY,80,56.0,6,1.0,14.3,3,3,4.2,1.0,65,149.8,1.7,9.9,True
USD_JPY,80,56.0,8,1.0,8.6,3,3,6.0,1.0,77,149.8,1.7,9.9,True
USD_JPY,80,56.0,10,1.0,8.1,3,3,4.5,1.0,37,149.8,1.7,9.9,True
USD_JPY,100,30.0,4,1.0,80.8,3,3,3.7,1.0,73,149.8,1.7,9.9,True
USD_JPY,100,30.0,6,1.0,91.6,3,3,4.2,1.0,79,149.8,1.7,9.9,True
USD_JPY,100,30.0,8,1.0,9.2,3,3,6.0,1.0,95,149.8,1.7,9.9,True
USD_JPY,100,30.0,10,1.0,11.6,3,3,4.4,1.0,49,149.8,1.7,9.9,True
USD_JPY,100,50.0,4,1.0,19.9,3,3,3.2,1.0,80,149.8,1.7,9.9,True
USD_JPY,100,50.0,6,1.0,19.6,3,3,2.9,1.0,45,149.8,1.7,9.9,True
USD_JPY,100,50.0,8,1.0,7.3,3,3,4.7,1.0,71,149.8,1.7,9.9,True
USD_JPY,100,50.0,10,1.0,6.3,3,3,3.3,1.0,31,149.8,1.7,9.9,True
USD_JPY,100,70.0,4,1.0,102.7,3,3,74.0,1.0,894,149.8,1.7,9.9,True
USD_JPY,100,70.0,6,1.0,18.4,3,3,4.2,1.0,78,149.8,1.7,9.9,True
USD_JPY,100,70.0,8,1.0,292.6,3,3,79.5,1.0,531,149.8,1.7,9.9,True
USD_JPY,100,70.0,10,1.0,4.5,3,3,2.0,1.0,18,149.8,1.7,9.9,True
AUD_JPY,20,6.0,4,1.0,-9.993127444115095e+17,0,1,,,4375,149.8,2.1,4.7,False
AUD_JPY,20,10.0,4,1.0,-2.9702753996004424e+18,2,1,,,3765,149.8,2.1,4.7,False
AUD_JPY,20,10.0,6,1.0,-3.949285628422034e+17,1,2,,,2770,149.8,2.1,4.7,False
AUD_JPY,20,10.0,8,1.0,-3.820333526233382e+18,3,1,,,2063,149.8,2.1,4.7,False
AUD_JPY,20,14.0,4,1.0,-3.6472208805451556e+18,2,1,,,3116,149.8,2.1,4.7,False
AUD_JPY,20,14.0,6,1.0,3.787310162973087e+18,2,2,,,2191,149.8,2.1,4.7,False
AUD_JPY,20,14.0,8,1.0,-4.567390960982397e+18,2,1,,,1723,149.8,2.1,4.7,False
AUD_JPY,20,14.0,10,1.0,-1.6469805361293594e+18,1,1,,,1451,149.8,2.1,4.7,False
AUD_JPY,30,9.0,4,1.0,4.3669527118119546e+17,2,2,,,3141,149.8,2.1,4.7,False
AUD_JPY,30,9.0,6,1.0,-4.0063175678748326e+17,2,2,,,2233,149.8,2.1,4.7,False
AUD_JPY,30,9.0,8,1.0,1.756931814248771e+18,1,3,,,1661,149.8,2.1,4.7,False
AUD_JPY,30,15.0,4,1.0,1.3276156239167634e+18,2,3,,,2522,149.8,2.1,4.7,False
AUD_JPY,30,15.0,6,1.0,-1.823268668602335e+18,3,1,,,1800,149.8,2.1,4.7,False
AUD_JPY,30,15.0,8,1.0,-1.1518394999305961e+18,3,2,,,1331,149.8,2.1,4.7,False
AUD_JPY,30,15.0,10,1.0,1.981944048176031e+17,2,2,,,1063,149.8,2.1,4.7,False
AUD_JPY,30,21.0,4,1.0,2.359747131151089e+18,2,2,,,2294,149.8,2.1,4.7,False
AUD_JPY,30,21.0,6,1.0,9.957180630713475e+17,3,3,2.0825384286588156e+16,0.998,1744,149.8,2.1,4.7,True
AUD_JPY,30,21.0,8,1.0,-2.339002326726924e+17,3,2,,,1162,149.8,2.1,4.7,False
AUD_JPY,30,21.0,10,1.0,2.1582274093917235e+17,3,2,,,982,149.8,2.1,4.7,False
AUD_JPY,40,12.0,4,1.0,3.095449082358389e+18,3,3,8.270531207320115e+17,0.998,2442,149.8,2.1,4.7,True
AUD_JPY,40,12.0,6,1.0,1.3365400342368522e+18,2,2,,,1663,149.8,2.1,4.7,False
AUD_JPY,40,12.0,8,1.0,7.549953871604305e+18,2,3,,,1226,149.8,2.1,4.7,False
AUD_JPY,40,12.0,10,1.0,5.472461428703903e+18,2,2,,,1005,149.8,2.1,4.7,False
AUD_JPY,40,20.0,4,1.0,5.390248823915542e+18,2,3,,,2145,149.8,2.1,4.7,False
AUD_JPY,40,20.0,6,1.0,7.940013089797327e+18,2,3,,,1450,149.8,2.1,4.7,False
AUD_JPY,40,20.0,8,1.0,1.100193843212493e+18,1,3,,,1028,149.8,2.1,4.7,False
AUD_JPY,40,20.0,10,1.0,9.897707533602996e+17,2,3,,,827,149.8,2.1,4.7,False
AUD_JPY,40,28.0,4,1.0,375.3,2,3,,,1628,149.8,2.1,4.7,False
AUD_JPY,40,28.0,6,1.0,361.8,2,3,,,1125,149.8,2.1,4.7,False
AUD_JPY,40,28.0,8,1.0,5014.4,2,3,,,893,149.8,2.1,4.7,False
AUD_JPY,40,28.0,10,1.0,-220.3,1,2,,,701,149.8,2.1,4.7,False
AUD_JPY,50,15.0,4,1.0,2.882132188491817e+19,3,2,,,2006,149.8,2.1,4.7,False
AUD_JPY,50,15.0,6,1.0,1.2501555094183908e+18,2,3,,,1298,149.8,2.1,4.7,False
AUD_JPY,50,15.0,8,1.0,8.077090474267903e+17,3,2,,,1058,149.8,2.1,4.7,False
AUD_JPY,50,15.0,10,1.0,1.1438109415862899e+18,3,3,2.239305768640906e+17,0.992,756,149.8,2.1,4.7,True
AUD_JPY,50,25.0,4,1.0,159872572555.0,3,3,1231.9,1.0,1628,149.8,2.1,4.7,True
AUD_JPY,50,25.0,6,1.0,50082494692.2,3,3,12868869742.0,1.0,1128,149.8,2.1,4.7,True
AUD_JPY,50,25.0,8,1.0,169510318090.8,3,3,1239.6,1.0,892,149.8,2.1,4.7,True
AUD_JPY,50,25.0,10,1.0,133358940012.2,3,3,4338981749.4,1.0,662,149.8,2.1,4.7,True
AUD_JPY,50,35.0,4,1.0,-3721.0,2,2,,,1281,149.8,2.1,4.7,False
AUD_JPY,50,35.0,6,1.0,1011.4,2,3,,,885,149.8,2.1,4.7,False
AUD_JPY,50,35.0,8,1.0,-3545.2,2,2,,,670,149.8,2.1,4.7,False
AUD_JPY,50,35.0,10,1.0,844.6,2,3,,,554,149.8,2.1,4.7,False
AUD_JPY,60,18.0,4,1.0,4.249856718674644e+18,3,3,7.134235750151817e+17,1.0,1660,149.8,2.1,4.7,True
AUD_JPY,60,18.0,6,1.0,2.5053116669444106e+17,2,3,,,1196,149.8,2.1,4.7,False
AUD_JPY,60,18.0,8,1.0,-1.1377908971788428e+18,3,2,,,862,149.8,2.1,4.7,False
AUD_JPY,60,18.0,10,1.0,-2.390254195140904e+18,2,2,,,594,149.8,2.1,4.7,False
AUD_JPY,60,30.0,4,1.0,276.0,2,3,,,1361,149.8,2.1,4.7,False
AUD_JPY,60,30.0,6,1.0,401.3,3,3,215.1,1.0,930,149.8,2.1,4.7,True
AUD_JPY,60,30.0,8,1.0,613.8,3,3,305.0,1.0,696,149.8,2.1,4.7,True
AUD_JPY,60,30.0,10,1.0,810.1,2,3,,,622,149.8,2.1,4.7,False
AUD_JPY,60,42.0,4,1.0,246.4,1,3,,,1084,149.8,2.1,4.7,False
AUD_JPY,60,42.0,6,1.0,531.7,2,3,,,780,149.8,2.1,4.7,False
AUD_JPY,60,42.0,8,1.0,-1264.5,2,2,,,545,149.8,2.1,4.7,False
AUD_JPY,60,42.0,10,1.0,-3886.6,1,2,,,513,149.8,2.1,4.7,False
AUD_JPY,80,24.0,4,1.0,1.0841590965260644e+18,3,3,-2367379423681484.5,0.916,1296,149.8,2.1,4.7,False
AUD_JPY,80,24.0,6,1.0,1.8790255154303792e+17,3,3,2639045801090661.5,1.0,908,149.8,2.1,4.7,True
AUD_JPY,80,24.0,8,1.0,7.357331376627898e+17,3,3,1.5516872935595987e+17,0.986,662,149.8,2.1,4.7,True
AUD_JPY,80,24.0,10,1.0,8.26134886726573e+17,3,2,,,529,149.8,2.1,4.7,False
AUD_JPY,80,40.0,4,1.0,6498.8,2,3,,,964,149.8,2.1,4.7,False
AUD_JPY,80,40.0,6,1.0,184.6,3,3,110.0,1.0,820,149.8,2.1,4.7,True
AUD_JPY,80,40.0,8,1.0,4721.5,3,3,88.6,1.0,511,149.8,2.1,4.7,True
AUD_JPY,80,40.0,10,1.0,8138.7,3,3,86.3,1.0,389,149.8,2.1,4.7,True
AUD_JPY,80,56.0,4,1.0,102.0,3,3,70.5,1.0,800,149.8,2.1,4.7,True
AUD_JPY,80,56.0,6,1.0,520.3,3,3,84.0,1.0,640,149.8,2.1,4.7,True
AUD_JPY,80,56.0,8,1.0,132.6,2,3,,,466,149.8,2.1,4.7,False
AUD_JPY,80,56.0,10,1.0,201.8,3,3,83.6,1.0,348,149.8,2.1,4.7,True
AUD_JPY,100,30.0,4,1.0,238.2,3,3,72.5,1.0,964,149.8,2.1,4.7,True
AUD_JPY,100,30.0,6,1.0,246.6,3,3,76.8,1.0,705,149.8,2.1,4.7,True
AUD_JPY,100,30.0,8,1.0,291.2,3,3,112.0,1.0,501,149.8,2.1,4.7,True
AUD_JPY,100,30.0,10,1.0,278.8,3,3,104.5,1.0,423,149.8,2.1,4.7,True
AUD_JPY,100,50.0,4,1.0,147.2,3,3,76.1,1.0,742,149.8,2.1,4.7,True
AUD_JPY,100,50.0,6,1.0,116.1,3,3,64.0,1.0,641,149.8,2.1,4.7,True
AUD_JPY,100,50.0,8,1.0,105.8,3,3,57.7,1.0,414,149.8,2.1,4.7,True
AUD_JPY,100,50.0,10,1.0,139.1,3,3,72.4,1.0,297,149.8,2.1,4.7,True
AUD_JPY,100,70.0,4,1.0,23.8,3,3,-121.2,0.624,779,149.8,2.1,4.7,False
AUD_JPY,100,70.0,6,1.0,202.1,3,3,54.1,1.0,609,149.8,2.1,4.7,True
AUD_JPY,100,70.0,8,1.0,184.6,3,3,53.7,1.0,405,149.8,2.1,4.7,True
AUD_JPY,100,70.0,10,1.0,117.7,3,3,64.5,1.0,271,149.8,2.1,4.7,True
CAD_JPY,20,6.0,4,1.0,-1.9930567856633725e+18,1,1,,,3068,149.8,2.4,7.2,False
CAD_JPY,20,10.0,4,1.0,5.4568603534371174e+17,1,1,,,2536,149.8,2.4,7.2,False
CAD_JPY,20,10.0,6,1.0,-7.351183053383146e+17,1,1,,,1787,149.8,2.4,7.2,False
CAD_JPY,20,10.0,8,1.0,1.1937814042491955e+18,1,1,,,1441,149.8,2.4,7.2,False
CAD_JPY,20,14.0,4,1.0,-1.0929837374097893e+18,2,2,,,1987,149.8,2.4,7.2,False
CAD_JPY,20,14.0,6,1.0,2.735122045224969e+18,2,3,,,1475,149.8,2.4,7.2,False
CAD_JPY,20,14.0,8,1.0,-4.3256331329966254e+18,3,1,,,1194,149.8,2.4,7.2,False
CAD_JPY,20,14.0,10,1.0,-2.1410488804099576e+18,0,2,,,911,149.8,2.4,7.2,False
CAD_JPY,30,9.0,4,1.0,3.708976494069832e+18,3,2,,,1909,149.8,2.4,7.2,False
CAD_JPY,30,9.0,6,1.0,4.681834342016555e+18,1,2,,,1436,149.8,2.4,7.2,False
CAD_JPY,30,9.0,8,1.0,2.9265126275202043e+18,1,2,,,1179,149.8,2.4,7.2,False
CAD_JPY,30,15.0,4,1.0,2.035051067414902e+18,1,2,,,1561,149.8,2.4,7.2,False
CAD_JPY,30,15.0,6,1.0,1.638464991945491e+18,0,3,,,1197,149.8,2.4,7.2,False
CAD_JPY,30,15.0,8,1.0,2.0004346057917742e+18,2,3,,,799,149.8,2.4,7.2,False
CAD_JPY,30,15.0,10,1.0,6.209351764684877e+17,1,1,,,789,149.8,2.4,7.2,False
CAD_JPY,30,21.0,4,1.0,9.648253725432711e+18,1,3,,,1163,149.8,2.4,7.2,False
CAD_JPY,30,21.0,6,1.0,1.2476892198845125e+19,1,1,,,807,149.8,2.4,7.2,False
CAD_JPY,30,21.0,8,1.0,1.0593841383043086e+19,1,2,,,649,149.8,2.4,7.2,False
CAD_JPY,30,21.0,10,1.0,7.362121769040052e+17,2,2,,,669,149.8,2.4,7.2,False
CAD_JPY,40,12.0,4,1.0,5.638215242606161e+18,3,2,,,1543,149.8,2.4,7.2,False
CAD_JPY,40,12.0,6,1.0,-7.205707692718668e+17,2,2,,,1073,149.8,2.4,7.2,False
CAD_JPY,40,12.0,8,1.0,4.0493136257450296e+18,3,3,-3.491631362305151e+17,0.92,783,149.8,2.4,7.2,False
CAD_JPY,40,12.0,10,1.0,1.7675091008481142e+17,2,1,,,669,149.8,2.4,7.2,False
CAD_JPY,40,20.0,4,1.0,8.566762325883696e+18,2,3,,,1099,149.8,2.4,7.2,False
CAD_JPY,40,20.0,6,1.0,8.577153742239495e+18,3,3,3.6242721124045816e+16,1.0,805,149.8,2.4,7.2,True
CAD_JPY,40,20.0,8,1.0,9.077653266945362e+18,1,3,,,609,149.8,2.4,7.2,False
CAD_JPY,40,20.0,10,1.0,8.721449178683234e+18,3,3,7.615814449549606e+16,1.0,447,149.8,2.4,7.2,True
CAD_JPY,40,28.0,4,1.0,13.0,2,3,,,105,149.8,2.4,7.2,False
CAD_JPY,40,28.0,6,1.0,21.7,0,3,,,53,149.8,2.4,7.2,False
CAD_JPY,40,28.0,8,1.0,13.4,3,3,5.7,1.0,55,149.8,2.4,7.2,True
CAD_JPY,40,28.0,10,1.0,13.4,2,3,,,47,149.8,2.4,7.2,False
CAD_JPY,50,15.0,4,1.0,2.0424514728559972e+18,1,3,,,1301,149.8,2.4,7.2,False
CAD_JPY,50,15.0,6,1.0,1.1675202398499144e+18,2,1,,,833,149.8,2.4,7.2,False
CAD_JPY,50,15.0,8,1.0,-2.949186400867186e+16,3,2,,,678,149.8,2.4,7.2,False
CAD_JPY,50,15.0,10,1.0,1.3053917567566024e+18,2,3,,,541,149.8,2.4,7.2,False
CAD_JPY,50,25.0,4,1.0,1772023105553.3,3,3,130.2,1.0,731,149.8,2.4,7.2,True
CAD_JPY,50,25.0,6,1.0,1817778073151.5,3,3,2146882484.2,1.0,481,149.8,2.4,7.2,True
CAD_JPY,50,25.0,8,1.0,53068241891.8,3,3,4867201547.3,1.0,568,149.8,2.4,7.2,True
CAD_JPY,50,25.0,10,1.0,1271609457795.3,3,3,5482385722.8,1.0,284,149.8,2.4,7.2,True
CAD_JPY,50,35.0,4,1.0,286.3,3,3,129.3,1.0,812,149.8,2.4,7.2,True
CAD_JPY,50,35.0,6,1.0,636.2,3,3,202.8,1.0,562,149.8,2.4,7.2,True
CAD_JPY,50,35.0,8,1.0,706.5,2,3,,,446,149.8,2.4,7.2,False
CAD_JPY,50,35.0,10,1.0,297.3,3,3,125.8,1.0,334,149.8,2.4,7.2,True
CAD_JPY,60,18.0,4,1.0,-3.3955959188365466e+18,2,2,,,1061,149.8,2.4,7.2,False
CAD_JPY,60,18.0,6,1.0,5.446272673935645e+17,3,3,1.6504149151480045e+17,1.0,807,149.8,2.4,7.2,True
CAD_JPY,60,18.0,8,1.0,-4.747801582338778e+17,3,2,,,557,149.8,2.4,7.2,False
CAD_JPY,60,18.0,10,1.0,-3.9295425935728134e+17,2,2,,,435,149.8,2.4,7.2,False
CAD_JPY,60,30.0,4,1.0,175.4,3,3,98.8,1.0,909,149.8,2.4,7.2,True
CAD_JPY,60,30.0,6,1.0,710.5,3,3,221.6,1.0,593,149.8,2.4,7.2,True
CAD_JPY,60,30.0,8,1.0,779.7,3,3,160.5,1.0,379,149.8,2.4,7.2,True
CAD_JPY,60,30.0,10,1.0,-241.4,3,2,,,320,149.8,2.4,7.2,False
CAD_JPY,60,42.0,4,1.0,244.4,2,2,,,729,149.8,2.4,7.2,False
CAD_JPY,60,42.0,6,1.0,370.6,3,3,69.8,1.0,494,149.8,2.4,7.2,True
CAD_JPY,60,42.0,8,1.0,131.6,3,3,61.2,1.0,346,149.8,2.4,7.2,True
CAD_JPY,60,42.0,10,1.0,126.9,1,3,,,284,149.8,2.4,7.2,False
CAD_JPY,80,24.0,4,1.0,4.322295538823286e+17,3,3,2768944324.1,1.0,738,149.8,2.4,7.2,True
CAD_JPY,80,24.0,6,1.0,7.242508331400536e+17,3,3,114514854256.4,1.0,511,149.8,2.4,7.2,True
CAD_JPY,80,24.0,8,1.0,4.887842357138733e+17,3,3,1931701149223394.8,1.0,326,149.8,2.4,7.2,True
CAD_JPY,80,24.0,10,1.0,4.334940420401946e+17,3,3,137520950811.8,1.0,300,149.8,2.4,7.2,True
CAD_JPY,80,40.0,4,1.0,599.9,2,3,,,454,149.8,2.4,7.2,False
CAD_JPY,80,40.0,6,1.0,104.7,2,3,,,446,149.8,2.4,7.2,False
CAD_JPY,80,40.0,8,1.0,247.5,2,3,,,307,149.8,2.4,7.2,False
CAD_JPY,80,40.0,10,1.0,253.6,3,3,58.5,1.0,274,149.8,2.4,7.2,True
CAD_JPY,80,56.0,4,1.0,134.2,3,3,81.5,1.0,458,149.8,2.4,7.2,True
CAD_JPY,80,56.0,6,1.0,164.2,2,3,,,306,149.8,2.4,7.2,False
CAD_JPY,80,56.0,8,1.0,154.2,2,3,,,254,149.8,2.4,7.2,False
CAD_JPY,80,56.0,10,1.0,114.1,2,3,,,244,149.8,2.4,7.2,False
CAD_JPY,100,30.0,4,1.0,197.5,3,3,41.2,1.0,610,149.8,2.4,7.2,True
CAD_JPY,100,30.0,6,1.0,361.8,3,3,48.5,1.0,463,149.8,2.4,7.2,True
CAD_JPY,100,30.0,8,1.0,302.5,3,3,54.2,1.0,313,149.8,2.4,7.2,True
CAD_JPY,100,30.0,10,1.0,111.4,3,3,53.4,1.0,324,149.8,2.4,7.2,True
CAD_JPY,100,50.0,4,1.0,52.4,2,3,,,488,149.8,2.4,7.2,False
CAD_JPY,100,50.0,6,1.0,52.3,3,3,29.7,1.0,401,149.8,2.4,7.2,True
CAD_JPY,100,50.0,8,1.0,62.0,2,2,,,347,149.8,2.4,7.2,False
CAD_JPY,100,50.0,10,1.0,53.0,2,2,,,257,149.8,2.4,7.2,False
CAD_JPY,100,70.0,4,1.0,93.9,1,3,,,615,149.8,2.4,7.2,False
CAD_JPY,100,70.0,6,1.0,29.3,1,3,,,387,149.8,2.4,7.2,False
CAD_JPY,100,70.0,8,1.0,104.7,2,3,,,313,149.8,2.4,7.2,False
CAD_JPY,100,70.0,10,1.0,46.9,1,3,,,225,149.8,2.4,7.2,False
CHF_JPY,20,6.0,4,1.0,-4.90150973939191e+19,0,0,,,6765,149.1,3.5,4.2,False
CHF_JPY,20,10.0,4,1.0,-2.2317976203377897e+19,0,1,,,5696,149.1,3.5,4.2,False
CHF_JPY,20,10.0,6,1.0,-3.0140929867377803e+19,0,0,,,4322,149.1,3.5,4.2,False
CHF_JPY,20,10.0,8,1.0,-3.228492223375692e+19,0,0,,,3315,149.1,3.5,4.2,False
CHF_JPY,20,14.0,4,1.0,-1.200904071347069e+19,0,0,,,4882,149.1,3.5,4.2,False
CHF_JPY,20,14.0,6,1.0,-2.240178938753079e+19,0,0,,,3564,149.1,3.5,4.2,False
CHF_JPY,20,14.0,8,1.0,-9.73057644307879e+18,0,1,,,2724,149.1,3.5,4.2,False
CHF_JPY,20,14.0,10,1.0,-1.0990936831421231e+19,0,0,,,2306,149.1,3.5,4.2,False
CHF_JPY,30,9.0,4,1.0,-2.3189497196788543e+19,0,1,,,4828,149.1,3.5,4.2,False
CHF_JPY,30,9.0,6,1.0,-2.70375130127998e+19,0,0,,,3476,149.1,3.5,4.2,False
CHF_JPY,30,9.0,8,1.0,-3.449883343347459e+19,1,0,,,2680,149.1,3.5,4.2,False
CHF_JPY,30,15.0,4,1.0,-1.263690600585635e+19,2,0,,,4159,149.1,3.5,4.2,False
CHF_JPY,30,15.0,6,1.0,-1.440864516488996e+19,2,0,,,2894,149.1,3.5,4.2,False
CHF_JPY,30,15.0,8,1.0,-8.216816372259925e+18,0,0,,,2210,149.1,3.5,4.2,False
CHF_JPY,30,15.0,10,1.0,-1.9677145201986634e+19,1,0,,,1854,149.1,3.5,4.2,False
CHF_JPY,30,21.0,4,1.0,-7.299527363686417e+18,0,1,,,3349,149.1,3.5,4.2,False
CHF_JPY,30,21.0,6,1.0,-4.58145604555618e+18,1,1,,,2316,149.1,3.5,4.2,False
CHF_JPY,30,21.0,8,1.0,-1.027681528606682e+17,2,1,,,1832,149.1,3.5,4.2,False
CHF_JPY,30,21.0,10,1.0,-1.174426006790193e+18,1,2,,,1469,149.1,3.5,4.2,False
CHF_JPY,40,12.0,4,1.0,-2.116976851928229e+19,0,0,,,3587,149.1,3.5,4.2,False
CHF_JPY,40,12.0,6,1.0,-1.7960077856425767e+19,2,0,,,2678,149.1,3.5,4.2,False
CHF_JPY,40,12.0,8,1.0,-1.8634510036064645e+19,1,0,,,1989,149.1,3.5,4.2,False
CHF_JPY,40,12.0,10,1.0,-7.902769865704874e+18,0,1,,,1720,149.1,3.5,4.2,False
CHF_JPY,40,20.0,4,1.0,-8.622742622728985e+18,3,1,,,2974,149.1,3.5,4.2,False
CHF_JPY,40,20.0,6,1.0,-1.2132242869540624e+19,0,1,,,2010,149.1,3.5,4.2,False
CHF_JPY,40,20.0,8,1.0,-1.010655316282687e+19,2,2,,,1693,149.1,3.5,4.2,False
CHF_JPY,40,20.0,10,1.0,-3.2584830410783186e+18,1,1,,,1378,149.1,3.5,4.2,False
CHF_JPY,40,28.0,4,1.0,1.0084906119940354e+19,2,1,,,2335,149.1,3.5,4.2,False
CHF_JPY,40,28.0,6,1.0,3.1591988802050703e+18,2,1,,,1739,149.1,3.5,4.2,False
CHF_JPY,40,28.0,8,1.0,1.0909296505892377e+19,1,1,,,1335,149.1,3.5,4.2,False
CHF_JPY,40,28.0,10,1.0,1.0089131188765458e+19,1,1,,,1069,149.1,3.5,4.2,False
CHF_JPY,50,15.0,4,1.0,-5.999354569121974e+18,1,0,,,2767,149.1,3.5,4.2,False
CHF_JPY,50,15.0,6,1.0,-6.762583731757045e+18,1,1,,,2114,149.1,3.5,4.2,False
CHF_JPY,50,15.0,8,1.0,-1.0437891926713215e+19,1,0,,,1571,149.1,3.5,4.2,False
CHF_JPY,50,15.0,10,1.0,-1.5163511606323418e+18,1,2,,,1325,149.1,3.5,4.2,False
CHF_JPY,50,25.0,4,1.0,-6.944270878221367e+17,1,1,,,2183,149.1,3.5,4.2,False
CHF_JPY,50,25.0,6,1.0,2.3648914651592454e+19,2,3,,,1632,149.1,3.5,4.2,False
CHF_JPY,50,25.0,8,1.0,1.603165759103229e+19,2,1,,,1214,149.1,3.5,4.2,False
CHF_JPY,50,25.0,10,1.0,2.02668390190211e+19,1,1,,,980,149.1,3.5,4.2,False
CHF_JPY,50,35.0,4,1.0,542.9,2,2,,,135,149.1,3.5,4.2,False
CHF_JPY,50,35.0,6,1.0,801.8,1,3,,,113,149.1,3.5,4.2,False
CHF_JPY,50,35.0,8,1.0,208.0,1,3,,,79,149.1,3.5,4.2,False
CHF_JPY,50,35.0,10,1.0,811.3,1,3,,,49,149.1,3.5,4.2,False
CHF_JPY,60,18.0,4,1.0,7.849294647922232e+18,1,2,,,2355,149.1,3.5,4.2,False
CHF_JPY,60,18.0,6,1.0,5.023638371459623e+18,2,1,,,1755,149.1,3.5,4.2,False
CHF_JPY,60,18.0,8,1.0,6.345370915064908e+18,1,1,,,1361,149.1,3.5,4.2,False
CHF_JPY,60,18.0,10,1.0,1.0822080666365938e+19,2,2,,,1045,149.1,3.5,4.2,False
CHF_JPY,60,30.0,4,1.0,644482372534.4,2,2,,,2215,149.1,3.5,4.2,False
CHF_JPY,60,30.0,6,1.0,1346266115702.8,3,3,456140068125.7,1.0,1358,149.1,3.5,4.2,True
CHF_JPY,60,30.0,8,1.0,490873410087.3,3,2,,,1142,149.1,3.5,4.2,False
CHF_JPY,60,30.0,10,1.0,1348109347694.9,3,3,485051216925.7,1.0,881,149.1,3.5,4.2,True
CHF_JPY,60,42.0,4,1.0,5.7,1,2,,,203,149.1,3.5,4.2,False
CHF_JPY,60,42.0,6,1.0,21.0,2,2,,,75,149.1,3.5,4.2,False
CHF_JPY,60,42.0,8,1.0,24.1,3,3,9.8,1.0,49,149.1,3.5,4.2,True
CHF_JPY,60,42.0,10,1.0,19.8,2,3,,,69,149.1,3.5,4.2,False
CHF_JPY,80,24.0,4,1.0,1.6608375971657062e+19,3,2,,,1779,149.1,3.5,4.2,False
CHF_JPY,80,24.0,6,1.0,1.5071513191034135e+18,2,1,,,1222,149.1,3.5,4.2,False
CHF_JPY,80,24.0,8,1.0,-7.997190650597573e+18,1,1,,,972,149.1,3.5,4.2,False
CHF_JPY,80,24.0,10,1.0,1.9063538772539786e+18,2,3,,,722,149.1,3.5,4.2,False
CHF_JPY,80,40.0,4,1.0,54.7,2,3,,,122,149.1,3.5,4.2,False
CHF_JPY,80,40.0,6,1.0,4.8,2,3,,,109,149.1,3.5,4.2,False
CHF_JPY,80,40.0,8,1.0,52.6,2,3,,,70,149.1,3.5,4.2,False
CHF_JPY,80,40.0,10,1.0,63.7,2,3,,,55,149.1,3.5,4.2,False
CHF_JPY,80,56.0,4,1.0,4.9,2,2,,,165,149.1,3.5,4.2,False
CHF_JPY,80,56.0,6,1.0,5.7,1,3,,,73,149.1,3.5,4.2,False
CHF_JPY,80,56.0,8,1.0,46.1,2,2,,,57,149.1,3.5,4.2,False
CHF_JPY,80,56.0,10,1.0,20.4,2,2,,,69,149.1,3.5,4.2,False
CHF_JPY,100,30.0,4,1.0,-2500283435858.0,3,2,,,1552,149.1,3.5,4.2,False
CHF_JPY,100,30.0,6,1.0,500764226846.9,3,3,59082722697.2,1.0,1129,149.1,3.5,4.2,True
CHF_JPY,100,30.0,8,1.0,-2800024628015.2,2,2,,,903,149.1,3.5,4.2,False
CHF_JPY,100,30.0,10,1.0,6930099788793.9,3,2,,,700,149.1,3.5,4.2,False
CHF_JPY,100,50.0,4,1.0,5.8,2,3,,,86,149.1,3.5,4.2,False
CHF_JPY,100,50.0,6,1.0,7.1,2,3,,,90,149.1,3.5,4.2,False
CHF_JPY,100,50.0,8,1.0,4.0,3,3,1.0,1.0,32,149.1,3.5,4.2,True
CHF_JPY,100,50.0,10,1.0,17.4,3,2,,,39,149.1,3.5,4.2,False
CHF_JPY,100,70.0,4,1.0,9.0,1,3,,,76,149.1,3.5,4.2,False
CHF_JPY,100,70.0,6,1.0,4.9,2,3,,,87,149.1,3.5,4.2,False
CHF_JPY,100,70.0,8,1.0,3.6,1,3,,,49,149.1,3.5,4.2,False
CHF_JPY,100,70.0,10,1.0,5.1,3,3,2.2,1.0,47,149.1,3.5,4.2,True
NZD_JPY,20,6.0,4,1.0,1.6482609041498621e+18,1,2,,,3091,149.6,2.8,1.9,False
NZD_JPY,20,10.0,4,1.0,6.59402707133591e+17,0,3,,,2623,149.6,2.8,1.9,False
NZD_JPY,20,10.0,6,1.0,-2.306590735336559e+18,2,1,,,1749,149.6,2.8,1.9,False
NZD_JPY,20,10.0,8,1.0,-6.913802309832024e+18,0,0,,,1415,149.6,2.8,1.9,False
NZD_JPY,20,14.0,4,1.0,4.1644983239087816e+18,1,1,,,2019,149.6,2.8,1.9,False
NZD_JPY,20,14.0,6,1.0,4.3322310160840817e+18,2,3,,,1449,149.6,2.8,1.9,False
NZD_JPY,20,14.0,8,1.0,2.2444899914231465e+18,2,2,,,1121,149.6,2.8,1.9,False
NZD_JPY,20,14.0,10,1.0,3.4886157387956306e+18,2,2,,,917,149.6,2.8,1.9,False
NZD_JPY,30,9.0,4,1.0,1.377525189004999e+18,3,2,,,2029,149.6,2.8,1.9,False
NZD_JPY,30,9.0,6,1.0,-1.8730103749357082e+18,3,1,,,1373,149.6,2.8,1.9,False
NZD_JPY,30,9.0,8,1.0,-2.8889612650069304e+18,1,0,,,1171,149.6,2.8,1.9,False
NZD_JPY,30,15.0,4,1.0,1.9557458737685824e+18,2,3,,,1665,149.6,2.8,1.9,False
NZD_JPY,30,15.0,6,1.0,6.344728590883089e+18,1,3,,,1297,149.6,2.8,1.9,False
NZD_JPY,30,15.0,8,1.0,8.180380737288795e+17,3,2,,,923,149.6,2.8,1.9,False
NZD_JPY,30,15.0,10,1.0,4.113151865398553e+18,0,3,,,719,149.6,2.8,1.9,False
NZD_JPY,30,21.0,4,1.0,27594.3,2,3,,,1327,149.6,2.8,1.9,False
NZD_JPY,30,21.0,6,1.0,27889.2,2,3,,,963,149.6,2.8,1.9,False
NZD_JPY,30,21.0,8,1.0,10731.0,2,3,,,825,149.6,2.8,1.9,False
NZD_JPY,30,21.0,10,1.0,14355.7,2,3,,,535,149.6,2.8,1.9,False
NZD_JPY,40,12.0,4,1.0,4.945185904490734e+18,1,2,,,1555,149.6,2.8,1.9,False
NZD_JPY,40,12.0,6,1.0,3.003060294132373e+18,2,2,,,1073,149.6,2.8,1.9,False
NZD_JPY,40,12.0,8,1.0,6.524524260466072e+18,3,3,4.906098569387406e+17,1.0,815,149.6,2.8,1.9,True
NZD_JPY,40,12.0,10,1.0,5.139291647556034e+18,2,3,,,621,149.6,2.8,1.9,False
NZD_JPY,40,20.0,4,1.0,2941227927854.3,3,3,43304683254.3,0.99,1245,149.6,2.8,1.9,True
NZD_JPY,40,20.0,6,1.0,129821496222.8,3,3,33177881038.6,0.992,895,149.6,2.8,1.9,True
NZD_JPY,40,20.0,8,1.0,194835232618.5,0,2,,,771,149.6,2.8,1.9,False
NZD_JPY,40,20.0,10,1.0,-7670170678.5,2,2,,,557,149.6,2.8,1.9,False
NZD_JPY,40,28.0,4,1.0,-24717.0,3,2,,,1070,149.6,2.8,1.9,False
NZD_JPY,40,28.0,6,1.0,-2481.4,3,2,,,716,149.6,2.8,1.9,False
NZD_JPY,40,28.0,8,1.0,-5923.7,2,2,,,614,149.6,2.8,1.9,False
NZD_JPY,40,28.0,10,1.0,-6771.1,3,2,,,455,149.6,2.8,1.9,False
NZD_JPY,50,15.0,4,1.0,2.0205485209093993e+18,2,3,,,1303,149.6,2.8,1.9,False
NZD_JPY,50,15.0,6,1.0,2.0748950994135982e+18,1,3,,,843,149.6,2.8,1.9,False
NZD_JPY,50,15.0,8,1.0,1.4413945037556047e+18,1,2,,,633,149.6,2.8,1.9,False
NZD_JPY,50,15.0,10,1.0,-1.4665511918187645e+17,2,2,,,539,149.6,2.8,1.9,False
NZD_JPY,50,25.0,4,1.0,-14399.9,3,2,,,963,149.6,2.8,1.9,False
NZD_JPY,50,25.0,6,1.0,2019.7,3,3,-2165.2,0.756,705,149.6,2.8,1.9,False
NZD_JPY,50,25.0,8,1.0,5131.3,2,3,,,573,149.6,2.8,1.9,False
NZD_JPY,50,25.0,10,1.0,-1218.3,3,2,,,433,149.6,2.8,1.9,False
NZD_JPY,50,35.0,4,1.0,-1826.4,2,2,,,699,149.6,2.8,1.9,False
NZD_JPY,50,35.0,6,1.0,1108.2,3,3,-182.4,0.9,531,149.6,2.8,1.9,False
NZD_JPY,50,35.0,8,1.0,-403.7,3,2,,,409,149.6,2.8,1.9,False
NZD_JPY,50,35.0,10,1.0,2825.7,2,3,,,347,149.6,2.8,1.9,False
NZD_JPY,60,18.0,4,1.0,7.32908125081978e+18,2,3,,,951,149.6,2.8,1.9,False
NZD_JPY,60,18.0,6,1.0,6.016154093543242e+18,2,1,,,661,149.6,2.8,1.9,False
NZD_JPY,60,18.0,8,1.0,9.017068519662516e+18,2,2,,,571,149.6,2.8,1.9,False
NZD_JPY,60,18.0,10,1.0,7.927479580744491e+18,2,2,,,463,149.6,2.8,1.9,False
NZD_JPY,60,30.0,4,1.0,-205.4,3,2,,,853,149.6,2.8,1.9,False
NZD_JPY,60,30.0,6,1.0,-10877.3,3,2,,,575,149.6,2.8,1.9,False
NZD_JPY,60,30.0,8,1.0,-11010.2,3,2,,,425,149.6,2.8,1.9,False
NZD_JPY,60,30.0,10,1.0,-7929.9,3,2,,,407,149.6,2.8,1.9,False
NZD_JPY,60,42.0,4,1.0,32.1,3,2,,,741,149.6,2.8,1.9,False
NZD_JPY,60,42.0,6,1.0,-5019.4,3,2,,,451,149.6,2.8,1.9,False
NZD_JPY,60,42.0,8,1.0,-5054.7,1,2,,,309,149.6,2.8,1.9,False
NZD_JPY,60,42.0,10,1.0,-729.0,2,2,,,295,149.6,2.8,1.9,False
NZD_JPY,80,24.0,4,1.0,259.8,2,3,,,915,149.6,2.8,1.9,False
NZD_JPY,80,24.0,6,1.0,88.8,3,3,60.5,1.0,463,149.6,2.8,1.9,True
NZD_JPY,80,24.0,8,1.0,361.3,3,3,130.5,1.0,407,149.6,2.8,1.9,True
NZD_JPY,80,24.0,10,1.0,1039.3,3,3,209.1,1.0,299,149.6,2.8,1.9,True
NZD_JPY,80,40.0,4,1.0,145.5,3,3,82.9,1.0,725,149.6,2.8,1.9,True
NZD_JPY,80,40.0,6,1.0,190.9,3,3,56.4,1.0,431,149.6,2.8,1.9,True
NZD_JPY,80,40.0,8,1.0,588.9,3,3,76.5,1.0,307,149.6,2.8,1.9,True
NZD_JPY,80,40.0,10,1.0,54.3,3,3,39.6,1.0,302,149.6,2.8,1.9,True
NZD_JPY,80,56.0,4,1.0,43.2,2,3,,,443,149.6,2.8,1.9,False
NZD_JPY,80,56.0,6,1.0,100.3,2,3,,,373,149.6,2.8,1.9,False
NZD_JPY,80,56.0,8,1.0,87.3,3,3,31.3,1.0,281,149.6,2.8,1.9,True
NZD_JPY,80,56.0,10,1.0,94.6,2,3,,,317,149.6,2.8,1.9,False
NZD_JPY,100,30.0,4,1.0,77.8,2,3,,,593,149.6,2.8,1.9,False
NZD_JPY,100,30.0,6,1.0,1095.7,3,3,150.8,1.0,389,149.6,2.8,1.9,True
NZD_JPY,100,30.0,8,1.0,402.6,3,3,41.8,1.0,291,149.6,2.8,1.9,True
NZD_JPY,100,30.0,10,1.0,175.4,2,3,,,281,149.6,2.8,1.9,False
NZD_JPY,100,50.0,4,1.0,50.8,3,3,31.9,1.0,633,149.6,2.8,1.9,True
NZD_JPY,100,50.0,6,1.0,87.0,3,3,28.2,1.0,419,149.6,2.8,1.9,True
NZD_JPY,100,50.0,8,1.0,68.2,3,3,30.1,1.0,315,149.6,2.8,1.9,True
NZD_JPY,100,50.0,10,1.0,109.8,3,3,37.2,1.0,229,149.6,2.8,1.9,True
NZD_JPY,100,70.0,4,1.0,60.5,2,3,,,407,149.6,2.8,1.9,False
NZD_JPY,100,70.0,6,1.0,62.1,3,3,25.3,1.0,285,149.6,2.8,1.9,True
NZD_JPY,100,70.0,8,1.0,62.6,3,3,25.2,1.0,176,149.6,2.8,1.9,True
NZD_JPY,100,70.0,10,1.0,66.2,3,3,26.9,1.0,161,149.6,2.8,1.9,True
EUR_USD,20,6.0,4,1.0,4.8343090856055584e+17,2,3,,,2461,149.9,1.6,6.4,False
EUR_USD,20,10.0,4,1.0,14323033060.9,3,3,1955901875.2,1.0,2021,149.9,1.6,6.4,True
EUR_USD,20,10.0,6,1.0,99505650050.9,3,3,16872013857.8,1.0,1403,149.9,1.6,6.4,True
EUR_USD,20,10.0,8,1.0,11978047943.9,3,3,1322.3,1.0,1175,149.9,1.6,6.4,True
EUR_USD,20,14.0,4,1.0,7305.0,2,3,,,1653,149.9,1.6,6.4,False
EUR_USD,20,14.0,6,1.0,7821.4,2,3,,,1106,149.9,1.6,6.4,False
EUR_USD,20,14.0,8,1.0,20492.2,3,3,392.7,1.0,944,149.9,1.6,6.4,True
EUR_USD,20,14.0,10,1.0,1486.3,3,3,445.2,1.0,791,149.9,1.6,6.4,True
EUR_USD,30,9.0,4,1.0,3485500533955038.5,3,3,955578609189093.4,1.0,1745,149.9,1.6,6.4,True
EUR_USD,30,9.0,6,1.0,6.991701397546341e+16,3,3,160300048192.5,1.0,1229,149.9,1.6,6.4,True
EUR_USD,30,9.0,8,1.0,6.929386088535506e+16,3,2,,,973,149.9,1.6,6.4,False
EUR_USD,30,15.0,4,1.0,1653.9,3,3,236.4,1.0,1431,149.9,1.6,6.4,True
EUR_USD,30,15.0,6,1.0,680.9,3,3,265.3,1.0,1007,149.9,1.6,6.4,True
EUR_USD,30,15.0,8,1.0,675.8,3,3,251.5,1.0,735,149.9,1.6,6.4,True
EUR_USD,30,15.0,10,1.0,1040.0,3,3,260.4,1.0,627,149.9,1.6,6.4,True
EUR_USD,30,21.0,4,1.0,298.4,3,2,,,1147,149.9,1.6,6.4,False
EUR_USD,30,21.0,6,1.0,53.8,3,2,,,811,149.9,1.6,6.4,False
EUR_USD,30,21.0,8,1.0,564.0,3,2,,,633,149.9,1.6,6.4,False
EUR_USD,30,21.0,10,1.0,1442.4,3,3,486.5,1.0,484,149.9,1.6,6.4,True
EUR_USD,40,12.0,4,1.0,292.0,3,3,136.5,1.0,1189,149.9,1.6,6.4,True
EUR_USD,40,12.0,6,1.0,168.1,3,3,113.7,1.0,861,149.9,1.6,6.4,True
EUR_USD,40,12.0,8,1.0,166.6,3,3,103.4,1.0,759,149.9,1.6,6.4,True
EUR_USD,40,12.0,10,1.0,707.0,3,3,226.0,1.0,548,149.9,1.6,6.4,True
EUR_USD,40,20.0,4,1.0,341.8,3,3,117.5,1.0,942,149.9,1.6,6.4,True
EUR_USD,40,20.0,6,1.0,141.6,3,3,97.6,1.0,683,149.9,1.6,6.4,True
EUR_USD,40,20.0,8,1.0,260.9,3,3,125.4,1.0,579,149.9,1.6,6.4,True
EUR_USD,40,20.0,10,1.0,166.9,3,3,97.2,1.0,441,149.9,1.6,6.4,True
EUR_USD,40,28.0,4,1.0,118.1,3,3,75.7,1.0,945,149.9,1.6,6.4,True
EUR_USD,40,28.0,6,1.0,680.7,3,3,80.3,1.0,645,149.9,1.6,6.4,True
EUR_USD,40,28.0,8,1.0,710.6,3,3,95.5,1.0,493,149.9,1.6,6.4,True
EUR_USD,40,28.0,10,1.0,1421.4,3,3,80.4,1.0,419,149.9,1.6,6.4,True
EUR_USD,50,15.0,4,1.0,258.3,3,3,64.9,1.0,1102,149.9,1.6,6.4,True
EUR_USD,50,15.0,6,1.0,221.4,3,3,108.5,1.0,737,149.9,1.6,6.4,True
EUR_USD,50,15.0,8,1.0,159.6,3,3,76.3,1.0,635,149.9,1.6,6.4,True
EUR_USD,50,15.0,10,1.0,160.8,3,3,68.7,1.0,488,149.9,1.6,6.4,True
EUR_USD,50,25.0,4,1.0,184.9,3,3,80.1,1.0,878,149.9,1.6,6.4,True
EUR_USD,50,25.0,6,1.0,295.3,3,3,78.6,1.0,684,149.9,1.6,6.4,True
EUR_USD,50,25.0,8,1.0,237.8,3,3,65.5,1.0,415,149.9,1.6,6.4,True
EUR_USD,50,25.0,10,1.0,255.6,3,3,58.9,1.0,393,149.9,1.6,6.4,True
EUR_USD,50,35.0,4,1.0,99.4,3,3,61.4,1.0,640,149.9,1.6,6.4,True
EUR_USD,50,35.0,6,1.0,132.0,3,3,48.1,1.0,485,149.9,1.6,6.4,True
EUR_USD,50,35.0,8,1.0,147.0,3,3,56.7,1.0,339,149.9,1.6,6.4,True
EUR_USD,50,35.0,10,1.0,131.8,3,3,51.5,1.0,321,149.9,1.6,6.4,True
EUR_USD,60,18.0,4,1.0,386.6,3,3,60.0,1.0,948,149.9,1.6,6.4,True
EUR_USD,60,18.0,6,1.0,382.6,3,3,60.1,1.0,624,149.9,1.6,6.4,True
EUR_USD,60,18.0,8,1.0,82.9,3,3,58.8,1.0,453,149.9,1.6,6.4,True
EUR_USD,60,18.0,10,1.0,65.2,3,3,52.0,1.0,363,149.9,1.6,6.4,True
EUR_USD,60,30.0,4,1.0,56.6,3,3,45.1,1.0,866,149.9,1.6,6.4,True
EUR_USD,60,30.0,6,1.0,68.0,3,3,49.8,1.0,398,149.9,1.6,6.4,True
EUR_USD,60,30.0,8,1.0,75.9,3,3,48.7,1.0,332,149.9,1.6,6.4,True
EUR_USD,60,30.0,10,1.0,67.3,3,3,45.3,1.0,338,149.9,1.6,6.4,True
EUR_USD,60,42.0,4,1.0,72.8,3,3,45.4,1.0,567,149.9,1.6,6.4,True
EUR_USD,60,42.0,6,1.0,41.9,3,3,32.9,1.0,417,149.9,1.6,6.4,True
EUR_USD,60,42.0,8,1.0,50.7,2,3,,,303,149.9,1.6,6.4,False
EUR_USD,60,42.0,10,1.0,68.2,2,3,,,273,149.9,1.6,6.4,False
EUR_USD,80,24.0,4,1.0,69.6,3,3,32.4,1.0,679,149.9,1.6,6.4,True
EUR_USD,80,24.0,6,1.0,39.5,3,3,32.7,1.0,621,149.9,1.6,6.4,True
EUR_USD,80,24.0,8,1.0,90.7,3,3,34.5,1.0,430,149.9,1.6,6.4,True
EUR_USD,80,24.0,10,1.0,57.0,3,3,34.2,1.0,296,149.9,1.6,6.4,True
EUR_USD,80,40.0,4,1.0,63.4,3,3,31.6,1.0,517,149.9,1.6,6.4,True
EUR_USD,80,40.0,6,1.0,52.4,3,3,29.4,1.0,413,149.9,1.6,6.4,True
EUR_USD,80,40.0,8,1.0,47.7,3,3,26.4,1.0,276,149.9,1.6,6.4,True
EUR_USD,80,40.0,10,1.0,51.7,3,3,29.8,1.0,240,149.9,1.6,6.4,True
EUR_USD,80,56.0,4,1.0,43.7,3,3,28.7,1.0,395,149.9,1.6,6.4,True
EUR_USD,80,56.0,6,1.0,91.1,3,3,25.5,1.0,257,149.9,1.6,6.4,True
EUR_USD,80,56.0,8,1.0,78.3,3,3,26.3,1.0,176,149.9,1.6,6.4,True
EUR_USD,80,56.0,10,1.0,60.6,3,3,27.0,1.0,142,149.9,1.6,6.4,True
EUR_USD,100,30.0,4,1.0,36.5,3,3,27.4,1.0,623,149.9,1.6,6.4,True
EUR_USD,100,30.0,6,1.0,34.0,3,3,22.2,1.0,369,149.9,1.6,6.4,True
EUR_USD,100,30.0,8,1.0,43.8,3,3,26.2,1.0,292,149.9,1.6,6.4,True
EUR_USD,100,30.0,10,1.0,38.2,3,3,29.4,1.0,267,149.9,1.6,6.4,True
EUR_USD,100,50.0,4,1.0,40.8,3,3,18.9,1.0,301,149.9,1.6,6.4,True
EUR_USD,100,50.0,6,1.0,39.5,3,3,25.4,1.0,319,149.9,1.6,6.4,True
EUR_USD,100,50.0,8,1.0,37.4,3,3,20.5,1.0,271,149.9,1.6,6.4,True
EUR_USD,100,50.0,10,1.0,104.4,3,3,23.6,1.0,176,149.9,1.6,6.4,True
EUR_USD,100,70.0,4,1.0,40.0,3,3,16.3,1.0,167,149.9,1.6,6.4,True
EUR_USD,100,70.0,6,1.0,37.9,3,3,17.8,1.0,155,149.9,1.6,6.4,True
EUR_USD,100,70.0,8,1.0,24.6,3,3,15.7,1.0,131,149.9,1.6,6.4,True
EUR_USD,100,70.0,10,1.0,26.4,3,3,18.3,1.0,167,149.9,1.6,6.4,True
GBP_USD,20,6.0,4,1.0,-1.0078327840113277e+18,2,1,,,3803,149.8,1.9,7.5,False
GBP_USD,20,10.0,4,1.0,-1.7531054016937006e+18,1,1,,,3035,149.8,1.9,7.5,False
GBP_USD,20,10.0,6,1.0,-1.0636118272944172e+18,2,1,,,2195,149.8,1.9,7.5,False
GBP_USD,20,10.0,8,1.0,-4.7919476526357736e+16,1,1,,,1695,149.8,1.9,7.5,False
GBP_USD,20,14.0,4,1.0,5.874321841868986e+17,3,2,,,2586,149.8,1.9,7.5,False
GBP_USD,20,14.0,6,1.0,1.347530654195703e+18,0,3,,,1910,149.8,1.9,7.5,False
GBP_USD,20,14.0,8,1.0,-1.7785154436833157e+18,0,0,,,1516,149.8,1.9,7.5,False
GBP_USD,20,14.0,10,1.0,1.0797572306252209e+18,2,2,,,1337,149.8,1.9,7.5,False
GBP_USD,30,9.0,4,1.0,3.334246501533486e+18,0,3,,,2605,149.8,1.9,7.5,False
GBP_USD,30,9.0,6,1.0,3.005004496542095e+17,1,1,,,1833,149.8,1.9,7.5,False
GBP_USD,30,9.0,8,1.0,1.6275557411930724e+18,1,3,,,1412,149.8,1.9,7.5,False
GBP_USD,30,15.0,4,1.0,6.957761657346232e+17,0,2,,,2240,149.8,1.9,7.5,False
GBP_USD,30,15.0,6,1.0,-8.251340138801368e+17,2,2,,,1560,149.8,1.9,7.5,False
GBP_USD,30,15.0,8,1.0,2.7659154747866733e+17,3,3,7.1541398865355336e+16,0.996,1268,149.8,1.9,7.5,True
GBP_USD,30,15.0,10,1.0,3.5937426306129012e+16,2,2,,,946,149.8,1.9,7.5,False
GBP_USD,30,21.0,4,1.0,4605.5,3,3,1704.9,1.0,1988,149.8,1.9,7.5,True
GBP_USD,30,21.0,6,1.0,5046.0,3,3,1306.0,1.0,1410,149.8,1.9,7.5,True
GBP_USD,30,21.0,8,1.0,2842.7,2,3,,,1114,149.8,1.9,7.5,False
GBP_USD,30,21.0,10,1.0,6377.4,3,3,916.3,1.0,877,149.8,1.9,7.5,True
GBP_USD,40,12.0,4,1.0,2.8765884733561293e+18,1,3,,,2171,149.8,1.9,7.5,False
GBP_USD,40,12.0,6,1.0,-3.668497601389816e+17,2,2,,,1448,149.8,1.9,7.5,False
GBP_USD,40,12.0,8,1.0,1.699809061088412e+18,3,3,8.389577132353106e+17,1.0,1041,149.8,1.9,7.5,True
GBP_USD,40,12.0,10,1.0,4.4820249476090035e+17,2,2,,,914,149.8,1.9,7.5,False
GBP_USD,40,20.0,4,1.0,118776998468.8,3,3,-1234433762.2,0.93,1841,149.8,1.9,7.5,False
GBP_USD,40,20.0,6,1.0,118226764254.9,3,3,4467511766.0,1.0,1306,149.8,1.9,7.5,True
GBP_USD,40,20.0,8,1.0,683293132034.1,3,3,10026868538.6,1.0,934,149.8,1.9,7.5,True
GBP_USD,40,20.0,10,1.0,52503855090.6,3,3,6039591301.5,1.0,806,149.8,1.9,7.5,True
GBP_USD,40,28.0,4,1.0,3361.2,1,3,,,1293,149.8,1.9,7.5,False
GBP_USD,40,28.0,6,1.0,1230.7,1,3,,,1089,149.8,1.9,7.5,False
GBP_USD,40,28.0,8,1.0,678.7,2,3,,,757,149.8,1.9,7.5,False
GBP_USD,40,28.0,10,1.0,2040.8,3,3,431.7,1.0,583,149.8,1.9,7.5,True
GBP_USD,50,15.0,4,1.0,1.3937809808336166e+18,2,3,,,1580,149.8,1.9,7.5,False
GBP_USD,50,15.0,6,1.0,1.7198186359096655e+18,3,3,2.7900819259321632e+17,1.0,1205,149.8,1.9,7.5,True
GBP_USD,50,15.0,8,1.0,1.0015448393551626e+18,3,3,2.506685437609226e+17,1.0,806,149.8,1.9,7.5,True
GBP_USD,50,15.0,10,1.0,2.1195738967503012e+18,2,3,,,765,149.8,1.9,7.5,False
GBP_USD,50,25.0,4,1.0,325.0,2,3,,,1375,149.8,1.9,7.5,False
GBP_USD,50,25.0,6,1.0,285.7,2,3,,,904,149.8,1.9,7.5,False
GBP_USD,50,25.0,8,1.0,636.2,3,3,240.3,1.0,715,149.8,1.9,7.5,True
GBP_USD,50,25.0,10,1.0,499.5,2,3,,,593,149.8,1.9,7.5,False
GBP_USD,50,35.0,4,1.0,-819.8,2,2,,,1143,149.8,1.9,7.5,False
GBP_USD,50,35.0,6,1.0,171.0,3,3,121.4,1.0,850,149.8,1.9,7.5,True
GBP_USD,50,35.0,8,1.0,169.3,2,3,,,538,149.8,1.9,7.5,False
GBP_USD,50,35.0,10,1.0,1159.6,3,3,146.0,1.0,410,149.8,1.9,7.5,True
GBP_USD,60,18.0,4,1.0,-7.460048427241903e+17,3,2,,,1281,149.8,1.9,7.5,False
GBP_USD,60,18.0,6,1.0,1.221234542187085e+18,3,3,1.1403643874880574e+16,1.0,1002,149.8,1.9,7.5,True
GBP_USD,60,18.0,8,1.0,7.541817571723281e+17,3,3,4.787801557926553e+16,1.0,698,149.8,1.9,7.5,True
GBP_USD,60,18.0,10,1.0,-1.6853609278914662e+18,2,1,,,631,149.8,1.9,7.5,False
GBP_USD,60,30.0,4,1.0,447.6,3,3,106.3,1.0,1231,149.8,1.9,7.5,True
GBP_USD,60,30.0,6,1.0,567.8,3,3,159.2,1.0,874,149.8,1.9,7.5,True
GBP_USD,60,30.0,8,1.0,244.5,3,3,135.0,1.0,532,149.8,1.9,7.5,True
GBP_USD,60,30.0,10,1.0,194.8,3,3,119.1,1.0,434,149.8,1.9,7.5,True
GBP_USD,60,42.0,4,1.0,1719.7,3,3,112.1,1.0,983,149.8,1.9,7.5,True
GBP_USD,60,42.0,6,1.0,451.4,3,3,141.1,1.0,691,149.8,1.9,7.5,True
GBP_USD,60,42.0,8,1.0,255.2,3,3,150.7,1.0,500,149.8,1.9,7.5,True
GBP_USD,60,42.0,10,1.0,171.4,3,3,110.1,1.0,415,149.8,1.9,7.5,True
GBP_USD,80,24.0,4,1.0,279.6,3,3,139.4,1.0,1018,149.8,1.9,7.5,True
GBP_USD,80,24.0,6,1.0,329.8,3,3,177.9,1.0,698,149.8,1.9,7.5,True
GBP_USD,80,24.0,8,1.0,1053.3,3,3,138.7,1.0,558,149.8,1.9,7.5,True
GBP_USD,80,24.0,10,1.0,95.9,3,3,65.2,1.0,502,149.8,1.9,7.5,True
GBP_USD,80,40.0,4,1.0,122.7,3,3,65.6,1.0,1076,149.8,1.9,7.5,True
GBP_USD,80,40.0,6,1.0,127.7,3,3,82.4,1.0,600,149.8,1.9,7.5,True
GBP_USD,80,40.0,8,1.0,158.1,3,3,73.1,1.0,446,149.8,1.9,7.5,True
GBP_USD,80,40.0,10,1.0,94.3,3,3,58.9,1.0,420,149.8,1.9,7.5,True
GBP_USD,80,56.0,4,1.0,6.4,3,2,,,769,149.8,1.9,7.5,False
GBP_USD,80,56.0,6,1.0,104.6,3,3,59.8,1.0,381,149.8,1.9,7.5,True
GBP_USD,80,56.0,8,1.0,195.7,3,3,65.9,1.0,505,149.8,1.9,7.5,True
GBP_USD,80,56.0,10,1.0,79.8,3,3,51.3,1.0,333,149.8,1.9,7.5,True
GBP_USD,100,30.0,4,1.0,681.2,3,3,83.5,1.0,858,149.8,1.9,7.5,True
GBP_USD,100,30.0,6,1.0,118.6,3,3,71.4,1.0,593,149.8,1.9,7.5,True
GBP_USD,100,30.0,8,1.0,129.8,3,3,56.1,1.0,431,149.8,1.9,7.5,True
GBP_USD,100,30.0,10,1.0,80.0,3,3,59.3,1.0,436,149.8,1.9,7.5,True
GBP_USD,100,50.0,4,1.0,86.5,3,3,49.1,1.0,839,149.8,1.9,7.5,True
GBP_USD,100,50.0,6,1.0,873.2,3,3,47.4,1.0,608,149.8,1.9,7.5,True
GBP_USD,100,50.0,8,1.0,136.0,3,3,49.0,1.0,323,149.8,1.9,7.5,True
GBP_USD,100,50.0,10,1.0,74.6,3,3,40.1,1.0,347,149.8,1.9,7.5,True
GBP_USD,100,70.0,4,1.0,97.3,3,3,46.3,1.0,423,149.8,1.9,7.5,True
GBP_USD,100,70.0,6,1.0,50.8,2,3,,,427,149.8,1.9,7.5,False
GBP_USD,100,70.0,8,1.0,127.7,3,3,51.2,1.0,273,149.8,1.9,7.5,True
GBP_USD,100,70.0,10,1.0,63.5,3,3,41.9,1.0,277,149.8,1.9,7.5,True
AUD_USD,20,6.0,4,1.0,7.94147978422469e+17,3,2,,,1867,149.8,1.3,4.7,False
AUD_USD,20,10.0,4,1.0,3.5136011174755544e+16,3,3,20131614164.8,1.0,1689,149.8,1.3,4.7,True
AUD_USD,20,10.0,6,1.0,6.294204647187104e+17,3,3,-2.278044519738053e+17,0.858,1160,149.8,1.3,4.7,False
AUD_USD,20,10.0,8,1.0,-1.3294584270122432e+17,1,2,,,909,149.8,1.3,4.7,False
AUD_USD,20,14.0,4,1.0,806446134.5,3,3,6202796.6,1.0,1227,149.8,1.3,4.7,True
AUD_USD,20,14.0,6,1.0,6.438997538405403e+16,3,3,10527780.6,1.0,1016,149.8,1.3,4.7,True
AUD_USD,20,14.0,8,1.0,1.5945220316678144e+17,3,3,41849600.4,1.0,813,149.8,1.3,4.7,True
AUD_USD,20,14.0,10,1.0,2732380865.6,3,3,120287700.8,1.0,631,149.8,1.3,4.7,True
AUD_USD,30,9.0,4,1.0,4.280489536030294e+17,3,3,1848409791440589.5,1.0,1403,149.8,1.3,4.7,True
AUD_USD,30,9.0,6,1.0,1.105382976981479e+18,3,3,5.3247755098971224e+16,1.0,982,149.8,1.3,4.7,True
AUD_USD,30,9.0,8,1.0,3.030515490929751e+17,3,3,1.429820427775206e+16,1.0,690,149.8,1.3,4.7,True
AUD_USD,30,15.0,4,1.0,6277531575.5,3,3,491.6,1.0,1093,149.8,1.3,4.7,True
AUD_USD,30,15.0,6,1.0,1352698686.7,3,3,451.1,1.0,753,149.8,1.3,4.7,True
AUD_USD,30,15.0,8,1.0,1612.9,2,3,,,597,149.8,1.3,4.7,False
AUD_USD,30,15.0,10,1.0,8085545463.4,3,3,159.6,0.98,458,149.8,1.3,4.7,True
AUD_USD,30,21.0,4,1.0,276.0,3,3,128.0,1.0,875,149.8,1.3,4.7,True
AUD_USD,30,21.0,6,1.0,4.7,3,2,,,653,149.8,1.3,4.7,False
AUD_USD,30,21.0,8,1.0,-4292.5,3,1,,,459,149.8,1.3,4.7,False
AUD_USD,30,21.0,10,1.0,230.0,3,3,124.9,1.0,449,149.8,1.3,4.7,True
AUD_USD,40,12.0,4,1.0,57713972.9,3,3,4375270.8,1.0,1126,149.8,1.3,4.7,True
AUD_USD,40,12.0,6,1.0,3.577510463541681e+16,3,3,1098951185.5,1.0,730,149.8,1.3,4.7,True
AUD_USD,40,12.0,8,1.0,1.883899070442758e+16,3,3,898.1,1.0,592,149.8,1.3,4.7,True
AUD_USD,40,12.0,10,1.0,8375387765175016.0,3,3,6009449.9,1.0,444,149.8,1.3,4.7,True
AUD_USD,40,20.0,4,1.0,134.8,3,3,73.5,1.0,979,149.8,1.3,4.7,True
AUD_USD,40,20.0,6,1.0,196.7,3,3,100.5,1.0,567,149.8,1.3,4.7,True
AUD_USD,40,20.0,8,1.0,112.4,3,3,82.7,1.0,467,149.8,1.3,4.7,True
AUD_USD,40,20.0,10,1.0,87.4,3,3,67.5,1.0,352,149.8,1.3,4.7,True
AUD_USD,40,28.0,4,1.0,351.6,2,3,,,643,149.8,1.3,4.7,False
AUD_USD,40,28.0,6,1.0,136.1,3,3,85.8,1.0,476,149.8,1.3,4.7,True
AUD_USD,40,28.0,8,1.0,276.2,2,3,,,378,149.8,1.3,4.7,False
AUD_USD,40,28.0,10,1.0,480.1,3,3,84.5,1.0,269,149.8,1.3,4.7,True
AUD_USD,50,15.0,4,1.0,73.7,3,3,51.7,1.0,933,149.8,1.3,4.7,True
AUD_USD,50,15.0,6,1.0,132.4,3,3,61.2,1.0,526,149.8,1.3,4.7,True
AUD_USD,50,15.0,8,1.0,1234524438.3,3,3,131.1,1.0,461,149.8,1.3,4.7,True
AUD_USD,50,15.0,10,1.0,136.4,3,3,70.1,1.0,353,149.8,1.3,4.7,True
AUD_USD,50,25.0,4,1.0,141.4,3,3,51.9,1.0,601,149.8,1.3,4.7,True
AUD_USD,50,25.0,6,1.0,213.9,3,3,71.7,1.0,466,149.8,1.3,4.7,True
AUD_USD,50,25.0,8,1.0,208.5,2,3,,,380,149.8,1.3,4.7,False
AUD_USD,50,25.0,10,1.0,129.3,3,3,49.3,1.0,336,149.8,1.3,4.7,True
AUD_USD,50,35.0,4,1.0,91.4,2,3,,,553,149.8,1.3,4.7,False
AUD_USD,50,35.0,6,1.0,264.2,3,3,45.7,1.0,382,149.8,1.3,4.7,True
AUD_USD,50,35.0,8,1.0,96.6,3,3,27.2,0.99,316,149.8,1.3,4.7,True
AUD_USD,50,35.0,10,1.0,171.0,3,3,26.2,0.992,215,149.8,1.3,4.7,True
AUD_USD,60,18.0,4,1.0,80.8,3,3,51.9,1.0,654,149.8,1.3,4.7,True
AUD_USD,60,18.0,6,1.0,385.9,3,3,53.8,1.0,450,149.8,1.3,4.7,True
AUD_USD,60,18.0,8,1.0,430.3,3,3,64.6,1.0,356,149.8,1.3,4.7,True
AUD_USD,60,18.0,10,1.0,125.2,3,3,57.8,1.0,302,149.8,1.3,4.7,True
AUD_USD,60,30.0,4,1.0,56.1,2,3,,,651,149.8,1.3,4.7,False
AUD_USD,60,30.0,6,1.0,85.4,3,3,44.6,1.0,368,149.8,1.3,4.7,True
AUD_USD,60,30.0,8,1.0,77.3,3,3,44.0,1.0,234,149.8,1.3,4.7,True
AUD_USD,60,30.0,10,1.0,79.4,3,3,44.0,1.0,238,149.8,1.3,4.7,True
AUD_USD,60,42.0,4,1.0,68.5,2,3,,,483,149.8,1.3,4.7,False
AUD_USD,60,42.0,6,1.0,97.0,2,3,,,288,149.8,1.3,4.7,False
AUD_USD,60,42.0,8,1.0,76.3,2,3,,,230,149.8,1.3,4.7,False
AUD_USD,60,42.0,10,1.0,135.4,2,3,,,201,149.8,1.3,4.7,False
AUD_USD,80,24.0,4,1.0,46.4,3,3,24.4,1.0,553,149.8,1.3,4.7,True
AUD_USD,80,24.0,6,1.0,32.2,3,3,25.3,1.0,338,149.8,1.3,4.7,True
AUD_USD,80,24.0,8,1.0,63.8,3,3,24.8,1.0,260,149.8,1.3,4.7,True
AUD_USD,80,24.0,10,1.0,32.0,3,3,27.0,1.0,290,149.8,1.3,4.7,True
AUD_USD,80,40.0,4,1.0,68.7,3,3,22.7,1.0,365,149.8,1.3,4.7,True
AUD_USD,80,40.0,6,1.0,40.0,2,3,,,285,149.8,1.3,4.7,False
AUD_USD,80,40.0,8,1.0,32.0,3,3,21.5,1.0,256,149.8,1.3,4.7,True
AUD_USD,80,40.0,10,1.0,97.2,3,3,27.9,1.0,225,149.8,1.3,4.7,True
AUD_USD,80,56.0,4,1.0,67.9,3,3,26.4,1.0,267,149.8,1.3,4.7,True
AUD_USD,80,56.0,6,1.0,116.6,3,3,36.1,1.0,167,149.8,1.3,4.7,True
AUD_USD,80,56.0,8,1.0,78.1,3,3,27.2,1.0,126,149.8,1.3,4.7,True
AUD_USD,80,56.0,10,1.0,56.3,3,3,24.1,1.0,177,149.8,1.3,4.7,True
AUD_USD,100,30.0,4,1.0,70.6,3,3,21.9,1.0,516,149.8,1.3,4.7,True
AUD_USD,100,30.0,6,1.0,29.4,3,3,19.4,1.0,302,149.8,1.3,4.7,True
AUD_USD,100,30.0,8,1.0,23.5,3,3,18.8,1.0,234,149.8,1.3,4.7,True
AUD_USD,100,30.0,10,1.0,30.7,3,3,19.6,1.0,205,149.8,1.3,4.7,True
AUD_USD,100,50.0,4,1.0,44.2,3,3,15.8,1.0,295,149.8,1.3,4.7,True
AUD_USD,100,50.0,6,1.0,27.1,3,3,15.4,1.0,196,149.8,1.3,4.7,True
AUD_USD,100,50.0,8,1.0,23.8,3,3,14.0,1.0,172,149.8,1.3,4.7,True
AUD_USD,100,50.0,10,1.0,18.4,3,3,15.4,1.0,170,149.8,1.3,4.7,True
AUD_USD,100,70.0,4,1.0,27.1,2,3,,,255,149.8,1.3,4.7,False
AUD_USD,100,70.0,6,1.0,82.6,2,3,,,228,149.8,1.3,4.7,False
AUD_USD,100,70.0,8,1.0,66.4,3,3,14.5,1.0,126,149.8,1.3,4.7,True
AUD_USD,100,70.0,10,1.0,20.3,3,3,13.6,1.0,122,149.8,1.3,4.7,True
NZD_USD,20,6.0,4,1.0,-1.3516534963869806e+17,1,2,,,1395,149.8,1.5,4.5,False
NZD_USD,20,10.0,4,1.0,1.316437555118057e+18,3,3,1.9810983766509978e+17,1.0,1157,149.8,1.5,4.5,True
NZD_USD,20,10.0,6,1.0,4.776189695348448e+17,3,3,1.8962670338349622e+17,1.0,761,149.8,1.5,4.5,True
NZD_USD,20,10.0,8,1.0,6.814189779654332e+17,3,3,1.3539686448246184e+17,1.0,631,149.8,1.5,4.5,True
NZD_USD,20,14.0,4,1.0,-3.475286945200822e+17,2,2,,,903,149.8,1.5,4.5,False
NZD_USD,20,14.0,6,1.0,-8.64916690469401e+17,3,1,,,648,149.8,1.5,4.5,False
NZD_USD,20,14.0,8,1.0,-3.025094306613956e+17,2,2,,,510,149.8,1.5,4.5,False
NZD_USD,20,14.0,10,1.0,-1.5223391546580947e+17,2,2,,,407,149.8,1.5,4.5,False
NZD_USD,30,9.0,4,1.0,-8.809750185367226e+16,0,2,,,905,149.8,1.5,4.5,False
NZD_USD,30,9.0,6,1.0,-7.963812935876529e+17,3,0,,,651,149.8,1.5,4.5,False
NZD_USD,30,9.0,8,1.0,-5.7151446625494374e+17,2,1,,,462,149.8,1.5,4.5,False
NZD_USD,30,15.0,4,1.0,4.840575497756441e+16,2,3,,,715,149.8,1.5,4.5,False
NZD_USD,30,15.0,6,1.0,-1.7213242919775465e+18,3,3,-5.330404300653305e+18,0.376,532,149.8,1.5,4.5,False
NZD_USD,30,15.0,8,1.0,-7.01503777781201e+17,2,2,,,367,149.8,1.5,4.5,False
NZD_USD,30,15.0,10,1.0,4.544940249797765e+17,3,3,8.521160200834613e+16,1.0,352,149.8,1.5,4.5,True
NZD_USD,30,21.0,4,1.0,2016.5,2,3,,,599,149.8,1.5,4.5,False
NZD_USD,30,21.0,6,1.0,576.0,3,3,152.9,1.0,509,149.8,1.5,4.5,True
NZD_USD,30,21.0,8,1.0,722.5,3,2,,,352,149.8,1.5,4.5,False
NZD_USD,30,21.0,10,1.0,2043.0,2,3,,,290,149.8,1.5,4.5,False
NZD_USD,40,12.0,4,1.0,-3.508059540197452e+18,2,0,,,685,149.8,1.5,4.5,False
NZD_USD,40,12.0,6,1.0,-7.473478831340494e+17,2,2,,,534,149.8,1.5,4.5,False
NZD_USD,40,12.0,8,1.0,-6.504713689416815e+17,3,3,-2.650966659461914e+18,0.372,401,149.8,1.5,4.5,False
NZD_USD,40,12.0,10,1.0,-8.172528550102916e+17,2,3,,,290,149.8,1.5,4.5,False
NZD_USD,40,20.0,4,1.0,1247588697.4,3,3,82.5,1.0,622,149.8,1.5,4.5,True
NZD_USD,40,20.0,6,1.0,12541300329.4,3,3,47.4,1.0,372,149.8,1.5,4.5,True
NZD_USD,40,20.0,8,1.0,14011438993.1,3,3,304.1,1.0,322,149.8,1.5,4.5,True
NZD_USD,40,20.0,10,1.0,1228230586.5,3,3,127.3,1.0,274,149.8,1.5,4.5,True
NZD_USD,40,28.0,4,1.0,179.6,3,3,75.5,1.0,494,149.8,1.5,4.5,True
NZD_USD,40,28.0,6,1.0,360.5,3,3,43.4,1.0,332,149.8,1.5,4.5,True
NZD_USD,40,28.0,8,1.0,93.2,3,3,46.9,1.0,274,149.8,1.5,4.5,True
NZD_USD,40,28.0,10,1.0,118.5,3,3,55.1,1.0,232,149.8,1.5,4.5,True
NZD_USD,50,15.0,4,1.0,-6.680932043630075e+16,3,2,,,545,149.8,1.5,4.5,False
NZD_USD,50,15.0,6,1.0,1.170557431072146e+18,3,3,3.002768749790001e+16,1.0,348,149.8,1.5,4.5,True
NZD_USD,50,15.0,8,1.0,3.183177781634352e+17,3,3,6.427777679922103e+16,1.0,310,149.8,1.5,4.5,True
NZD_USD,50,15.0,10,1.0,1.163850824114918e+18,3,3,1.0717946746149107e+17,1.0,244,149.8,1.5,4.5,True
NZD_USD,50,25.0,4,1.0,20.9,3,2,,,562,149.8,1.5,4.5,False
NZD_USD,50,25.0,6,1.0,291.4,3,3,39.2,1.0,315,149.8,1.5,4.5,True
NZD_USD,50,25.0,8,1.0,285.8,3,3,35.8,1.0,243,149.8,1.5,4.5,True
NZD_USD,50,25.0,10,1.0,74.9,3,3,41.5,1.0,233,149.8,1.5,4.5,True
NZD_USD,50,35.0,4,1.0,84.4,3,3,34.6,1.0,445,149.8,1.5,4.5,True
NZD_USD,50,35.0,6,1.0,47.3,3,3,29.1,1.0,288,149.8,1.5,4.5,True
NZD_USD,50,35.0,8,1.0,91.3,3,3,35.2,1.0,227,149.8,1.5,4.5,True
NZD_USD,50,35.0,10,1.0,52.1,3,3,33.3,1.0,183,149.8,1.5,4.5,True
NZD_USD,60,18.0,4,1.0,2.408649924764967e+16,3,3,7484445544440128.0,1.0,548,149.8,1.5,4.5,True
NZD_USD,60,18.0,6,1.0,-3.4111417426508477e+18,3,2,,,362,149.8,1.5,4.5,False
NZD_USD,60,18.0,8,1.0,-3.2367880715988813e+18,3,2,,,258,149.8,1.5,4.5,False
NZD_USD,60,18.0,10,1.0,-4.681805629520836e+18,3,2,,,228,149.8,1.5,4.5,False
NZD_USD,60,30.0,4,1.0,55.6,3,3,30.6,1.0,435,149.8,1.5,4.5,True
NZD_USD,60,30.0,6,1.0,76.2,3,3,29.6,1.0,305,149.8,1.5,4.5,True
NZD_USD,60,30.0,8,1.0,85.7,3,3,32.5,1.0,223,149.8,1.5,4.5,True
NZD_USD,60,30.0,10,1.0,57.9,3,3,28.2,1.0,199,149.8,1.5,4.5,True
NZD_USD,60,42.0,4,1.0,51.9,3,3,26.0,1.0,317,149.8,1.5,4.5,True
NZD_USD,60,42.0,6,1.0,46.3,3,3,23.9,1.0,233,149.8,1.5,4.5,True
NZD_USD,60,42.0,8,1.0,64.2,3,3,29.3,1.0,167,149.8,1.5,4.5,True
NZD_USD,60,42.0,10,1.0,65.9,3,3,34.2,1.0,131,149.8,1.5,4.5,True
NZD_USD,80,24.0,4,1.0,104.1,3,3,27.5,1.0,371,149.8,1.5,4.5,True
NZD_USD,80,24.0,6,1.0,68.6,3,3,27.4,1.0,233,149.8,1.5,4.5,True
NZD_USD,80,24.0,8,1.0,57.0,3,3,18.0,1.0,213,149.8,1.5,4.5,True
NZD_USD,80,24.0,10,1.0,56.8,3,3,17.6,1.0,141,149.8,1.5,4.5,True
NZD_USD,80,40.0,4,1.0,18.2,3,3,11.1,1.0,369,149.8,1.5,4.5,True
NZD_USD,80,40.0,6,1.0,20.1,3,3,15.3,1.0,346,149.8,1.5,4.5,True
NZD_USD,80,40.0,8,1.0,23.9,3,3,14.8,1.0,125,149.8,1.5,4.5,True
NZD_USD,80,40.0,10,1.0,33.7,3,3,13.0,1.0,163,149.8,1.5,4.5,True
NZD_USD,80,56.0,4,1.0,54.4,3,3,18.4,1.0,315,149.8,1.5,4.5,True
NZD_USD,80,56.0,6,1.0,53.8,3,3,14.5,1.0,173,149.8,1.5,4.5,True
NZD_USD,80,56.0,8,1.0,173.8,3,3,12.8,1.0,139,149.8,1.5,4.5,True
NZD_USD,80,56.0,10,1.0,24.3,3,3,11.9,1.0,131,149.8,1.5,4.5,True
NZD_USD,100,30.0,4,1.0,34.4,3,3,12.9,1.0,341,149.8,1.5,4.5,True
NZD_USD,100,30.0,6,1.0,22.1,3,3,11.1,1.0,248,149.8,1.5,4.5,True
NZD_USD,100,30.0,8,1.0,25.0,3,3,13.1,1.0,189,149.8,1.5,4.5,True
NZD_USD,100,30.0,10,1.0,31.0,3,3,11.6,1.0,139,149.8,1.5,4.5,True
NZD_USD,100,50.0,4,1.0,149.9,3,3,10.4,1.0,365,149.8,1.5,4.5,True
NZD_USD,100,50.0,6,1.0,14.6,3,3,10.5,1.0,223,149.8,1.5,4.5,True
NZD_USD,100,50.0,8,1.0,21.6,3,3,10.6,1.0,177,149.8,1.5,4.5,True
NZD_USD,100,50.0,10,1.0,155.8,3,3,9.2,1.0,125,149.8,1.5,4.5,True
NZD_USD,100,70.0,4,1.0,70.1,3,3,10.6,1.0,357,149.8,1.5,4.5,True
NZD_USD,100,70.0,6,1.0,29.1,3,3,11.1,1.0,241,149.8,1.5,4.5,True
NZD_USD,100,70.0,8,1.0,53.8,3,3,10.0,1.0,153,149.8,1.5,4.5,True
NZD_USD,100,70.0,10,1.0,78.4,3,3,7.4,1.0,99,149.8,1.5,4.5,True
