pair,ta,td,zw,tgt,sp_med,gate,ppd,cday,ppc,is_wf,oos_wf,boot_p5,prob_pos
AUD_USD,3,1,30.0,15.0,1.3,1.5,-159.6,10.1,-15.75,3,2,,
AUD_USD,4,1,30.0,15.0,1.3,1.5,169.2,7.1,23.91,3,3,72.3,1.0
AUD_USD,4,2,30.0,15.0,1.3,1.5,156.2,7.4,20.97,3,3,59.9,1.0
AUD_USD,5,1,30.0,15.0,1.3,1.5,153.9,6.5,23.78,3,3,61.1,1.0
AUD_USD,5,2,30.0,15.0,1.3,1.5,149.6,6.6,22.82,3,3,57.1,1.0
AUD_USD,5,3,30.0,15.0,1.3,1.5,132.0,6.8,19.43,3,3,47.6,1.0
AUD_USD,6,1,30.0,15.0,1.3,1.5,172.7,5.4,32.02,3,3,60.4,1.0
AUD_USD,6,2,30.0,15.0,1.3,1.5,173.0,5.1,33.93,2,3,,
AUD_USD,6,3,30.0,15.0,1.3,1.5,160.0,5.8,27.75,2,3,,
AUD_USD,7,1,30.0,15.0,1.3,1.5,90.4,4.8,18.65,2,3,,
AUD_USD,7,2,30.0,15.0,1.3,1.5,83.3,4.8,17.43,2,3,,
AUD_USD,7,3,30.0,15.0,1.3,1.5,-153.8,4.5,-34.19,3,2,,
AUD_USD,7,5,30.0,15.0,1.3,1.5,80.7,4.5,18.04,3,3,54.3,1.0
AUD_USD,8,1,30.0,15.0,1.3,1.5,142.4,4.1,34.99,2,3,,
AUD_USD,8,2,30.0,15.0,1.3,1.5,138.6,4.1,34.15,2,3,,
AUD_USD,8,3,30.0,15.0,1.3,1.5,131.6,4.0,32.63,2,3,,
AUD_USD,8,5,30.0,15.0,1.3,1.5,104.8,3.8,27.27,3,2,,
AUD_USD,10,1,30.0,15.0,1.3,1.5,-3.4,3.4,-1.01,3,2,,
AUD_USD,10,2,30.0,15.0,1.3,1.5,-4.2,3.4,-1.25,3,2,,
AUD_USD,10,3,30.0,15.0,1.3,1.5,55.5,3.4,16.25,3,3,42.8,1.0
AUD_USD,10,5,30.0,15.0,1.3,1.5,194.3,3.6,53.7,3,2,,
AUD_USD,10,7,30.0,15.0,1.3,1.5,-14.2,3.4,-4.23,2,2,,
AUD_USD,14,1,30.0,15.0,1.3,1.5,53.8,2.5,21.11,2,3,,
AUD_USD,14,2,30.0,15.0,1.3,1.5,47.5,2.7,17.78,3,3,28.3,1.0
AUD_USD,14,3,30.0,15.0,1.3,1.5,37.3,2.5,14.78,3,3,22.6,1.0
AUD_USD,14,5,30.0,15.0,1.3,1.5,49.1,2.5,19.46,3,3,28.4,1.0
AUD_USD,14,7,30.0,15.0,1.3,1.5,29.2,2.4,12.03,2,2,,
AUD_USD,20,1,30.0,15.0,1.3,1.5,28.6,2.4,12.13,2,2,,
AUD_USD,20,2,30.0,15.0,1.3,1.5,28.4,2.4,12.05,2,2,,
AUD_USD,20,3,30.0,15.0,1.3,1.5,28.2,2.4,11.96,2,2,,
AUD_USD,20,5,30.0,15.0,1.3,1.5,27.8,2.4,11.8,2,2,,
AUD_USD,20,7,30.0,15.0,1.3,1.5,27.4,2.4,11.64,2,2,,
AUD_USD,30,1,30.0,15.0,1.3,1.5,57.1,2.3,24.65,2,3,,
AUD_USD,30,2,30.0,15.0,1.3,1.5,57.0,2.3,24.63,2,3,,
AUD_USD,30,3,30.0,15.0,1.3,1.5,57.0,2.3,24.62,2,3,,
AUD_USD,30,5,30.0,15.0,1.3,1.5,56.9,2.3,24.59,2,3,,
AUD_USD,30,7,30.0,15.0,1.3,1.5,56.9,2.3,24.56,2,3,,
NZD_USD,3,1,25.0,12.5,1.5,1.7,-172.9,7.5,-22.9,2,2,,
NZD_USD,4,1,25.0,12.5,1.5,1.7,2.7,5.9,0.46,3,2,,
NZD_USD,4,2,25.0,12.5,1.5,1.7,-147.7,5.7,-25.81,3,2,,
NZD_USD,5,1,25.0,12.5,1.5,1.7,46.6,4.9,9.42,3,3,-62.6,0.766
NZD_USD,5,2,25.0,12.5,1.5,1.7,25.1,5.3,4.77,3,2,,
NZD_USD,5,3,25.0,12.5,1.5,1.7,-150.7,4.7,-32.2,2,1,,
NZD_USD,6,1,25.0,12.5,1.5,1.7,45.2,4.1,11.05,2,3,,
NZD_USD,6,2,25.0,12.5,1.5,1.7,-3.5,4.1,-0.84,2,2,,
NZD_USD,6,3,25.0,12.5,1.5,1.7,22.2,3.8,5.85,3,2,,
NZD_USD,7,1,25.0,12.5,1.5,1.7,-128.6,3.5,-36.62,3,2,,
NZD_USD,7,2,25.0,12.5,1.5,1.7,-173.1,3.6,-48.55,3,2,,
NZD_USD,7,3,25.0,12.5,1.5,1.7,-158.2,3.3,-48.36,3,2,,
NZD_USD,7,5,25.0,12.5,1.5,1.7,-94.1,3.3,-28.76,2,1,,
NZD_USD,8,1,25.0,12.5,1.5,1.7,-164.1,3.3,-50.28,3,2,,
NZD_USD,8,2,25.0,12.5,1.5,1.7,36.8,3.4,10.74,3,2,,
NZD_USD,8,3,25.0,12.5,1.5,1.7,38.9,3.3,11.96,3,2,,
NZD_USD,8,5,25.0,12.5,1.5,1.7,-59.3,3.1,-19.37,3,2,,
NZD_USD,10,1,25.0,12.5,1.5,1.7,145.5,2.8,52.16,3,2,,
NZD_USD,10,2,25.0,12.5,1.5,1.7,121.1,2.6,46.74,3,2,,
NZD_USD,10,3,25.0,12.5,1.5,1.7,-67.1,2.3,-28.64,3,3,-365.5,0.386
NZD_USD,10,5,25.0,12.5,1.5,1.7,72.0,2.5,28.47,2,3,,
NZD_USD,10,7,25.0,12.5,1.5,1.7,124.2,2.7,46.65,2,3,,
NZD_USD,14,1,25.0,12.5,1.5,1.7,-70.2,2.1,-33.38,3,2,,
NZD_USD,14,2,25.0,12.5,1.5,1.7,-70.6,2.1,-33.59,3,2,,
NZD_USD,14,3,25.0,12.5,1.5,1.7,-71.1,2.1,-33.8,3,2,,
NZD_USD,14,5,25.0,12.5,1.5,1.7,91.4,2.2,42.13,3,3,49.8,1.0
NZD_USD,14,7,25.0,12.5,1.5,1.7,-1719.3,2.2,-773.47,3,2,,
NZD_USD,20,1,25.0,12.5,1.5,1.7,-1704.6,2.0,-834.52,3,2,,
NZD_USD,20,2,25.0,12.5,1.5,1.7,-1704.7,2.0,-834.56,3,2,,
NZD_USD,20,3,25.0,12.5,1.5,1.7,-1704.7,2.0,-834.59,3,2,,
NZD_USD,20,5,25.0,12.5,1.5,1.7,-1704.9,2.0,-834.66,3,2,,
NZD_USD,20,7,25.0,12.5,1.5,1.7,-1705.0,2.0,-834.74,3,2,,
NZD_USD,30,1,25.0,12.5,1.5,1.7,102.6,2.1,49.91,3,3,59.4,1.0
NZD_USD,30,2,25.0,12.5,1.5,1.7,102.6,2.1,49.9,3,3,59.3,1.0
NZD_USD,30,3,25.0,12.5,1.5,1.7,102.6,2.1,49.88,3,3,58.9,1.0
NZD_USD,30,5,25.0,12.5,1.5,1.7,102.5,2.1,49.85,3,3,59.3,1.0
NZD_USD,30,7,25.0,12.5,1.5,1.7,102.4,2.1,49.82,3,3,60.1,1.0
EUR_GBP,3,1,40.0,20.0,1.4,1.6,16.7,2.9,5.76,3,3,9.1,1.0
EUR_GBP,4,1,40.0,20.0,1.4,1.6,-37.4,1.8,-21.0,2,2,,
EUR_GBP,4,2,40.0,20.0,1.4,1.6,-355.8,1.8,-195.29,3,1,,
EUR_GBP,5,1,40.0,20.0,1.4,1.6,-743.6,1.6,-462.3,2,1,,
EUR_GBP,5,2,40.0,20.0,1.4,1.6,-623.7,1.7,-363.62,2,2,,
EUR_GBP,5,3,40.0,20.0,1.4,1.6,-366.5,1.1,-345.4,2,1,,
EUR_GBP,6,1,40.0,20.0,1.4,1.6,-287.8,1.1,-267.79,1,1,,
EUR_GBP,6,2,40.0,20.0,1.4,1.6,-312.9,1.1,-277.4,1,1,,
EUR_GBP,6,3,40.0,20.0,1.4,1.6,54.2,1.5,35.48,1,0,,
EUR_GBP,7,1,40.0,20.0,1.4,1.6,-908.3,1.2,-786.6,1,2,,
EUR_GBP,7,2,40.0,20.0,1.4,1.6,-912.1,1.1,-848.76,2,2,,
EUR_GBP,7,3,40.0,20.0,1.4,1.6,-599.8,0.8,-795.3,1,1,,
EUR_GBP,7,5,40.0,20.0,1.4,1.6,21.9,1.0,22.82,2,2,,
EUR_GBP,8,1,40.0,20.0,1.4,1.6,31.1,1.1,28.93,1,2,,
EUR_GBP,8,2,40.0,20.0,1.4,1.6,-652.3,1.1,-618.52,1,0,,
EUR_GBP,8,3,40.0,20.0,1.4,1.6,-630.2,1.0,-642.36,1,0,,
EUR_GBP,8,5,40.0,20.0,1.4,1.6,21.7,0.8,26.65,2,3,,
EUR_GBP,10,1,40.0,20.0,1.4,1.6,-648.8,0.8,-845.27,2,1,,
EUR_GBP,10,2,40.0,20.0,1.4,1.6,-908.0,0.9,-1000.27,2,1,,
EUR_GBP,10,3,40.0,20.0,1.4,1.6,-301.5,0.9,-339.69,2,1,,
EUR_GBP,10,5,40.0,20.0,1.4,1.6,-246.0,0.8,-302.09,2,2,,
EUR_GBP,10,7,40.0,20.0,1.4,1.6,-207.3,0.7,-304.45,2,1,,
EUR_GBP,14,1,40.0,20.0,1.4,1.6,-1096.2,0.5,-2249.76,1,2,,
EUR_GBP,14,2,40.0,20.0,1.4,1.6,-1508.5,0.4,-3830.66,1,2,,
EUR_GBP,14,3,40.0,20.0,1.4,1.6,-1070.7,0.5,-2197.42,1,2,,
EUR_GBP,14,5,40.0,20.0,1.4,1.6,-0.7,0.5,-1.36,2,3,,
EUR_GBP,14,7,40.0,20.0,1.4,1.6,19.4,0.6,33.85,2,2,,
EUR_GBP,20,1,40.0,20.0,1.4,1.6,-983.4,0.3,-3069.71,3,2,,
EUR_GBP,20,2,40.0,20.0,1.4,1.6,-983.1,0.3,-2832.62,2,2,,
EUR_GBP,20,3,40.0,20.0,1.4,1.6,-18.8,0.4,-48.51,2,2,,
EUR_GBP,20,5,40.0,20.0,1.4,1.6,1.4,0.4,3.99,1,2,,
EUR_GBP,20,7,40.0,20.0,1.4,1.6,1.3,0.4,3.72,2,2,,
EUR_GBP,30,1,40.0,20.0,1.4,1.6,-42.3,0.3,-132.1,2,2,,
EUR_GBP,30,2,40.0,20.0,1.4,1.6,-42.3,0.3,-132.14,2,2,,
EUR_GBP,30,3,40.0,20.0,1.4,1.6,-42.3,0.3,-132.18,2,2,,
EUR_GBP,30,5,40.0,20.0,1.4,1.6,-42.4,0.3,-132.26,2,2,,
EUR_GBP,30,7,40.0,20.0,1.4,1.6,-42.4,0.3,-132.35,2,2,,
EUR_USD,3,1,30.0,15.0,1.6,1.7,-36.2,11.7,-3.1,2,2,,
EUR_USD,4,1,30.0,15.0,1.6,1.7,-225.8,8.7,-25.89,3,2,,
EUR_USD,4,2,30.0,15.0,1.6,1.7,-227.3,8.5,-26.59,3,2,,
EUR_USD,5,1,30.0,15.0,1.6,1.7,-156.1,6.9,-22.51,2,2,,
EUR_USD,5,2,30.0,15.0,1.6,1.7,-285.0,7.0,-40.56,2,1,,
EUR_USD,5,3,30.0,15.0,1.6,1.7,252.1,6.3,40.06,3,2,,
EUR_USD,6,1,30.0,15.0,1.6,1.7,-437.2,6.2,-70.0,3,2,,
EUR_USD,6,2,30.0,15.0,1.6,1.7,516.2,6.4,80.58,3,2,,
EUR_USD,6,3,30.0,15.0,1.6,1.7,-435.9,6.0,-72.42,2,2,,
EUR_USD,7,1,30.0,15.0,1.6,1.7,-774.0,5.3,-146.26,3,1,,
EUR_USD,7,2,30.0,15.0,1.6,1.7,-779.3,5.3,-145.79,3,1,,
EUR_USD,7,3,30.0,15.0,1.6,1.7,-173.4,5.0,-34.43,3,1,,
EUR_USD,7,5,30.0,15.0,1.6,1.7,-23.8,5.1,-4.66,3,2,,
EUR_USD,8,1,30.0,15.0,1.6,1.7,-168.0,4.7,-36.11,2,1,,
EUR_USD,8,2,30.0,15.0,1.6,1.7,-172.6,4.7,-36.47,2,1,,
EUR_USD,8,3,30.0,15.0,1.6,1.7,-263.1,4.7,-55.76,2,1,,
EUR_USD,8,5,30.0,15.0,1.6,1.7,-518.6,4.5,-114.13,2,1,,
EUR_USD,10,1,30.0,15.0,1.6,1.7,-47.1,4.2,-11.34,2,2,,
EUR_USD,10,2,30.0,15.0,1.6,1.7,-333.3,4.2,-79.02,2,1,,
EUR_USD,10,3,30.0,15.0,1.6,1.7,-50.3,4.2,-12.05,2,2,,
EUR_USD,10,5,30.0,15.0,1.6,1.7,-309.0,3.7,-84.2,2,1,,
EUR_USD,10,7,30.0,15.0,1.6,1.7,-187.6,3.7,-50.39,2,2,,
EUR_USD,14,1,30.0,15.0,1.6,1.7,-14.2,3.0,-4.67,2,2,,
EUR_USD,14,2,30.0,15.0,1.6,1.7,-16.1,3.0,-5.32,3,2,,
EUR_USD,14,3,30.0,15.0,1.6,1.7,54.4,3.1,17.54,3,3,37.4,1.0
EUR_USD,14,5,30.0,15.0,1.6,1.7,39.7,2.9,13.63,3,3,2.6,0.96
EUR_USD,14,7,30.0,15.0,1.6,1.7,115.1,2.8,41.75,2,3,,
EUR_USD,20,1,30.0,15.0,1.6,1.7,150.1,2.6,57.52,3,3,43.2,1.0
EUR_USD,20,2,30.0,15.0,1.6,1.7,149.9,2.6,57.44,3,3,44.4,1.0
EUR_USD,20,3,30.0,15.0,1.6,1.7,149.5,2.6,57.31,3,3,39.5,1.0
EUR_USD,20,5,30.0,15.0,1.6,1.7,149.1,2.6,57.15,3,3,41.4,1.0
EUR_USD,20,7,30.0,15.0,1.6,1.7,148.7,2.6,57.0,3,3,41.0,0.999
EUR_USD,30,1,30.0,15.0,1.6,1.7,121.2,2.6,45.77,3,3,33.3,0.997
EUR_USD,30,2,30.0,15.0,1.6,1.7,121.2,2.6,45.76,3,3,30.5,0.999
EUR_USD,30,3,30.0,15.0,1.6,1.7,121.1,2.6,45.71,3,3,31.9,0.998
EUR_USD,30,5,30.0,15.0,1.6,1.7,121.0,2.6,45.69,3,3,31.5,0.998
EUR_USD,30,7,30.0,15.0,1.6,1.7,121.0,2.6,45.68,3,3,31.0,0.999
USD_JPY,4,1,40.0,20.0,1.7,2.1,167.7,16.8,9.98,2,3,,
USD_JPY,5,1,40.0,20.0,1.7,2.1,185.8,14.3,12.96,2,3,,
USD_JPY,5,2,40.0,20.0,1.7,2.1,172.9,14.3,12.07,2,3,,
USD_JPY,6,1,40.0,20.0,1.7,2.1,206.4,12.3,16.83,2,3,,
USD_JPY,6,2,40.0,20.0,1.7,2.1,171.2,12.3,13.96,2,3,,
USD_JPY,6,3,40.0,20.0,1.7,2.1,184.5,12.3,15.03,2,3,,
USD_JPY,7,1,40.0,20.0,1.7,2.1,134.8,10.3,13.09,2,2,,
USD_JPY,7,2,40.0,20.0,1.7,2.1,102.6,10.3,9.96,2,2,,
USD_JPY,7,3,40.0,20.0,1.7,2.1,118.4,10.3,11.47,2,2,,
USD_JPY,8,1,40.0,20.0,1.7,2.1,190.3,9.4,20.21,2,3,,
USD_JPY,8,2,40.0,20.0,1.7,2.1,182.4,9.4,19.37,2,3,,
USD_JPY,8,3,40.0,20.0,1.7,2.1,171.7,9.6,17.8,2,3,,
USD_JPY,8,5,40.0,20.0,1.7,2.1,241.6,9.1,26.53,2,3,,
USD_JPY,10,1,40.0,20.0,1.7,2.1,172.2,7.5,22.84,2,3,,
USD_JPY,10,2,40.0,20.0,1.7,2.1,166.4,7.7,21.7,2,3,,
USD_JPY,10,3,40.0,20.0,1.7,2.1,192.9,7.6,25.37,2,3,,
USD_JPY,10,5,40.0,20.0,1.7,2.1,203.4,7.5,27.12,2,3,,
USD_JPY,10,7,40.0,20.0,1.7,2.1,170.6,7.6,22.48,1,3,,
USD_JPY,14,1,40.0,20.0,1.7,2.1,137.8,5.1,26.84,1,2,,
USD_JPY,14,2,40.0,20.0,1.7,2.1,134.2,5.1,26.14,1,2,,
USD_JPY,14,3,40.0,20.0,1.7,2.1,130.6,5.1,25.45,1,2,,
USD_JPY,14,5,40.0,20.0,1.7,2.1,94.0,5.7,16.36,2,2,,
USD_JPY,14,7,40.0,20.0,1.7,2.1,89.8,5.3,17.1,2,2,,
USD_JPY,20,1,40.0,20.0,1.7,2.1,134.4,4.2,32.0,1,3,,
USD_JPY,20,2,40.0,20.0,1.7,2.1,131.6,4.2,31.34,1,3,,
USD_JPY,20,3,40.0,20.0,1.7,2.1,127.5,4.2,30.37,1,3,,
USD_JPY,20,5,40.0,20.0,1.7,2.1,155.7,4.2,36.97,1,3,,
USD_JPY,20,7,40.0,20.0,1.7,2.1,135.2,4.2,32.21,1,3,,
USD_JPY,30,1,40.0,20.0,1.7,2.1,219.7,4.1,53.35,1,3,,
USD_JPY,30,2,40.0,20.0,1.7,2.1,219.5,4.1,53.31,1,3,,
USD_JPY,30,3,40.0,20.0,1.7,2.1,218.1,4.1,52.96,1,3,,
USD_JPY,30,5,40.0,20.0,1.7,2.1,217.8,4.1,52.89,1,3,,
USD_JPY,30,7,40.0,20.0,1.7,2.1,217.5,4.1,52.82,1,3,,
GBP_USD,4,1,30.0,15.0,1.9,2.2,54.3,14.1,3.85,3,2,,
GBP_USD,5,1,30.0,15.0,1.9,2.2,319.5,12.0,26.68,2,3,,
GBP_USD,5,2,30.0,15.0,1.9,2.2,313.0,12.0,26.08,2,3,,
GBP_USD,6,1,30.0,15.0,1.9,2.2,128.2,11.0,11.65,2,2,,
GBP_USD,6,2,30.0,15.0,1.9,2.2,138.2,11.0,12.55,2,2,,
GBP_USD,6,3,30.0,15.0,1.9,2.2,129.4,11.0,11.74,2,2,,
GBP_USD,7,1,30.0,15.0,1.9,2.2,124.1,9.3,13.38,1,2,,
GBP_USD,7,2,30.0,15.0,1.9,2.2,115.1,9.2,12.48,1,2,,
GBP_USD,7,3,30.0,15.0,1.9,2.2,80.8,9.2,8.81,1,2,,
GBP_USD,8,1,30.0,15.0,1.9,2.2,294.0,8.2,35.92,2,3,,
GBP_USD,8,2,30.0,15.0,1.9,2.2,287.5,8.2,35.13,2,3,,
GBP_USD,8,3,30.0,15.0,1.9,2.2,269.2,8.1,33.12,2,3,,
GBP_USD,8,5,30.0,15.0,1.9,2.2,31.4,7.8,4.05,2,2,,
GBP_USD,10,1,30.0,15.0,1.9,2.2,281.8,6.6,42.6,2,3,,
GBP_USD,10,2,30.0,15.0,1.9,2.2,277.7,6.6,41.9,2,3,,
GBP_USD,10,3,30.0,15.0,1.9,2.2,327.2,6.5,50.38,2,3,,
GBP_USD,10,5,30.0,15.0,1.9,2.2,124.8,6.7,18.5,3,3,44.4,0.997
GBP_USD,10,7,30.0,15.0,1.9,2.2,147.5,6.8,21.64,0,3,,
GBP_USD,14,1,30.0,15.0,1.9,2.2,-72.2,4.9,-14.68,2,2,,
GBP_USD,14,2,30.0,15.0,1.9,2.2,-76.1,4.9,-15.56,2,2,,
GBP_USD,14,3,30.0,15.0,1.9,2.2,-87.2,4.9,-17.67,2,2,,
GBP_USD,14,5,30.0,15.0,1.9,2.2,-1120.7,4.8,-232.86,2,1,,
GBP_USD,14,7,30.0,15.0,1.9,2.2,-1073.5,5.0,-215.88,2,1,,
GBP_USD,20,1,30.0,15.0,1.9,2.2,-75.0,4.8,-15.55,2,1,,
GBP_USD,20,2,30.0,15.0,1.9,2.2,-75.6,4.8,-15.67,2,1,,
GBP_USD,20,3,30.0,15.0,1.9,2.2,-76.2,4.8,-15.78,2,1,,
GBP_USD,20,5,30.0,15.0,1.9,2.2,-77.3,4.8,-16.02,2,1,,
GBP_USD,20,7,30.0,15.0,1.9,2.2,-78.3,4.8,-16.23,2,1,,
GBP_USD,30,1,30.0,15.0,1.9,2.2,15.4,4.9,3.17,2,2,,
GBP_USD,30,2,30.0,15.0,1.9,2.2,15.3,4.9,3.16,2,2,,
GBP_USD,30,3,30.0,15.0,1.9,2.2,15.3,4.9,3.15,2,2,,
GBP_USD,30,5,30.0,15.0,1.9,2.2,15.2,4.9,3.13,2,2,,
GBP_USD,30,7,30.0,15.0,1.9,2.2,15.1,4.9,3.11,2,2,,
AUD_JPY,4,1,50.0,25.0,2.1,2.6,-4199.4,9.4,-448.77,2,2,,
AUD_JPY,5,1,50.0,25.0,2.1,2.6,0.7,8.1,0.08,2,2,,
AUD_JPY,5,2,50.0,25.0,2.1,2.6,-6.5,8.1,-0.8,2,2,,
AUD_JPY,6,1,50.0,25.0,2.1,2.6,122.2,6.8,17.95,2,3,,
AUD_JPY,6,2,50.0,25.0,2.1,2.6,116.2,6.8,17.07,2,3,,
AUD_JPY,6,3,50.0,25.0,2.1,2.6,110.4,6.7,16.53,2,3,,
AUD_JPY,7,1,50.0,25.0,2.1,2.6,109.6,5.6,19.41,2,3,,
AUD_JPY,7,2,50.0,25.0,2.1,2.6,109.1,5.7,19.24,2,3,,
AUD_JPY,7,3,50.0,25.0,2.1,2.6,102.8,5.7,18.17,2,3,,
AUD_JPY,8,1,50.0,25.0,2.1,2.6,-11.4,5.8,-1.97,2,2,,
AUD_JPY,8,2,50.0,25.0,2.1,2.6,-16.4,5.8,-2.82,2,2,,
AUD_JPY,8,3,50.0,25.0,2.1,2.6,-18.1,5.8,-3.12,2,2,,
AUD_JPY,8,5,50.0,25.0,2.1,2.6,-57.5,5.9,-9.69,2,2,,
AUD_JPY,10,1,50.0,25.0,2.1,2.6,14.0,4.9,2.84,2,2,,
AUD_JPY,10,2,50.0,25.0,2.1,2.6,9.9,4.9,2.01,2,2,,
AUD_JPY,10,3,50.0,25.0,2.1,2.6,1.4,4.9,0.29,2,2,,
AUD_JPY,10,5,50.0,25.0,2.1,2.6,-17.6,4.7,-3.72,3,2,,
AUD_JPY,10,7,50.0,25.0,2.1,2.6,76.9,4.5,17.19,2,3,,
AUD_JPY,14,1,50.0,25.0,2.1,2.6,134.5,3.4,39.82,2,3,,
AUD_JPY,14,2,50.0,25.0,2.1,2.6,132.0,3.4,39.07,2,3,,
AUD_JPY,14,3,50.0,25.0,2.1,2.6,130.2,3.4,38.86,2,3,,
AUD_JPY,14,5,50.0,25.0,2.1,2.6,119.3,3.4,35.33,2,3,,
AUD_JPY,14,7,50.0,25.0,2.1,2.6,105.6,3.5,30.38,1,3,,
AUD_JPY,20,1,50.0,25.0,2.1,2.6,167.8,2.6,64.31,2,3,,
AUD_JPY,20,2,50.0,25.0,2.1,2.6,166.1,2.6,63.66,2,3,,
AUD_JPY,20,3,50.0,25.0,2.1,2.6,164.1,2.6,62.57,2,3,,
AUD_JPY,20,5,50.0,25.0,2.1,2.6,106.1,2.6,41.29,3,3,77.2,1.0
AUD_JPY,20,7,50.0,25.0,2.1,2.6,95.9,2.6,36.94,2,3,,
AUD_JPY,30,1,50.0,25.0,2.1,2.6,135.7,2.0,67.08,2,3,,
AUD_JPY,30,2,50.0,25.0,2.1,2.6,135.4,2.0,66.93,2,3,,
AUD_JPY,30,3,50.0,25.0,2.1,2.6,134.4,2.0,66.48,2,3,,
AUD_JPY,30,5,50.0,25.0,2.1,2.6,133.9,2.0,66.2,2,3,,
AUD_JPY,30,7,50.0,25.0,2.1,2.6,133.3,2.0,65.92,2,3,,
CAD_JPY,5,1,50.0,12.5,2.4,3.2,63.9,8.0,7.96,2,3,,
CAD_JPY,6,1,50.0,12.5,2.4,3.2,69.6,6.6,10.6,2,3,,
CAD_JPY,6,2,50.0,12.5,2.4,3.2,63.4,6.5,9.81,2,3,,
CAD_JPY,7,1,50.0,12.5,2.4,3.2,123.5,5.7,21.84,3,3,44.8,1.0
CAD_JPY,7,2,50.0,12.5,2.4,3.2,58.6,5.6,10.44,3,3,29.0,1.0
CAD_JPY,7,3,50.0,12.5,2.4,3.2,10.8,5.3,2.03,3,2,,
CAD_JPY,8,1,50.0,12.5,2.4,3.2,26.1,5.1,5.09,1,2,,
CAD_JPY,8,2,50.0,12.5,2.4,3.2,19.1,5.1,3.76,1,2,,
CAD_JPY,8,3,50.0,12.5,2.4,3.2,9.6,5.4,1.76,1,2,,
CAD_JPY,10,1,50.0,12.5,2.4,3.2,-79.9,4.5,-17.89,2,2,,
CAD_JPY,10,2,50.0,12.5,2.4,3.2,-90.2,4.5,-20.19,2,2,,
CAD_JPY,10,3,50.0,12.5,2.4,3.2,-97.8,4.6,-21.45,2,2,,
CAD_JPY,10,5,50.0,12.5,2.4,3.2,20.1,4.4,4.59,2,2,,
CAD_JPY,14,1,50.0,12.5,2.4,3.2,46.4,3.2,14.72,2,3,,
CAD_JPY,14,2,50.0,12.5,2.4,3.2,45.2,3.2,14.34,2,3,,
CAD_JPY,14,3,50.0,12.5,2.4,3.2,45.3,3.1,14.49,2,3,,
CAD_JPY,14,5,50.0,12.5,2.4,3.2,114.3,3.0,38.56,2,3,,
CAD_JPY,14,7,50.0,12.5,2.4,3.2,103.1,3.0,34.78,2,3,,
CAD_JPY,20,1,50.0,12.5,2.4,3.2,-251.4,3.1,-80.12,2,2,,
CAD_JPY,20,2,50.0,12.5,2.4,3.2,-251.6,3.1,-80.18,2,2,,
CAD_JPY,20,3,50.0,12.5,2.4,3.2,-251.7,3.1,-80.24,2,2,,
CAD_JPY,20,5,50.0,12.5,2.4,3.2,-252.1,3.1,-80.36,2,2,,
CAD_JPY,20,7,50.0,12.5,2.4,3.2,-252.5,3.1,-80.48,2,2,,
CAD_JPY,30,1,50.0,12.5,2.4,3.2,-213.0,3.3,-64.34,3,2,,
CAD_JPY,30,2,50.0,12.5,2.4,3.2,-213.1,3.3,-64.35,3,2,,
CAD_JPY,30,3,50.0,12.5,2.4,3.2,-213.1,3.3,-64.36,3,2,,
CAD_JPY,30,5,50.0,12.5,2.4,3.2,-213.2,3.3,-64.39,3,2,,
CAD_JPY,30,7,50.0,12.5,2.4,3.2,-213.3,3.3,-64.41,3,2,,
NZD_JPY,5,1,40.0,20.0,2.8,3.6,-347.6,7.1,-49.02,1,0,,
NZD_JPY,6,1,40.0,20.0,2.8,3.6,-1595.5,6.4,-250.01,3,2,,
NZD_JPY,6,2,40.0,20.0,2.8,3.6,-1601.4,6.4,-250.93,3,2,,
NZD_JPY,7,1,40.0,20.0,2.8,3.6,-217.7,5.3,-40.98,1,1,,
NZD_JPY,7,2,40.0,20.0,2.8,3.6,-220.3,5.3,-41.57,1,1,,
NZD_JPY,7,3,40.0,20.0,2.8,3.6,-226.1,5.5,-41.42,2,1,,
NZD_JPY,8,1,40.0,20.0,2.8,3.6,123.1,4.8,25.7,3,3,50.1,0.999
NZD_JPY,8,2,40.0,20.0,2.8,3.6,119.0,4.8,24.9,3,3,43.8,0.998
NZD_JPY,8,3,40.0,20.0,2.8,3.6,-9.4,5.2,-1.82,3,2,,
NZD_JPY,10,1,40.0,20.0,2.8,3.6,101.3,3.6,28.32,2,3,,
NZD_JPY,10,2,40.0,20.0,2.8,3.6,98.5,3.6,27.55,2,3,,
NZD_JPY,10,3,40.0,20.0,2.8,3.6,-24.7,3.6,-6.9,2,2,,
NZD_JPY,10,5,40.0,20.0,2.8,3.6,-49.5,3.6,-13.91,1,2,,
NZD_JPY,14,1,40.0,20.0,2.8,3.6,63.6,2.9,21.88,1,3,,
NZD_JPY,14,2,40.0,20.0,2.8,3.6,61.5,2.9,21.16,1,3,,
NZD_JPY,14,3,40.0,20.0,2.8,3.6,24.3,2.9,8.28,1,2,,
NZD_JPY,14,5,40.0,20.0,2.8,3.6,59.1,2.9,20.07,1,1,,
NZD_JPY,14,7,40.0,20.0,2.8,3.6,7.5,2.8,2.66,2,1,,
NZD_JPY,20,1,40.0,20.0,2.8,3.6,59.6,2.1,28.49,1,2,,
NZD_JPY,20,2,40.0,20.0,2.8,3.6,58.2,2.1,27.81,2,2,,
NZD_JPY,20,3,40.0,20.0,2.8,3.6,119.0,2.1,56.53,2,2,,
NZD_JPY,20,5,40.0,20.0,2.8,3.6,94.7,2.1,44.99,3,2,,
NZD_JPY,20,7,40.0,20.0,2.8,3.6,116.8,2.0,58.87,3,2,,
NZD_JPY,30,1,40.0,20.0,2.8,3.6,190.2,2.0,93.95,3,3,46.4,0.992
NZD_JPY,30,2,40.0,20.0,2.8,3.6,189.7,2.0,93.71,3,3,44.6,0.991
NZD_JPY,30,3,40.0,20.0,2.8,3.6,189.7,2.0,93.7,3,3,43.0,0.989
NZD_JPY,30,5,40.0,20.0,2.8,3.6,189.5,2.0,93.58,3,3,46.5,0.992
NZD_JPY,30,7,40.0,20.0,2.8,3.6,189.4,2.0,93.55,3,3,45.2,0.99
EUR_JPY,5,1,50.0,25.0,2.3,3.1,590.5,11.3,52.25,3,3,121.0,1.0
EUR_JPY,6,1,50.0,25.0,2.3,3.1,195.7,9.7,20.15,3,3,103.5,1.0
EUR_JPY,6,2,50.0,25.0,2.3,3.1,186.8,9.7,19.21,3,3,95.5,1.0
EUR_JPY,7,1,50.0,25.0,2.3,3.1,140.1,8.2,17.19,2,3,,
EUR_JPY,7,2,50.0,25.0,2.3,3.1,132.5,8.2,16.26,2,3,,
EUR_JPY,7,3,50.0,25.0,2.3,3.1,130.2,8.2,15.98,2,3,,
EUR_JPY,8,1,50.0,25.0,2.3,3.1,126.4,7.5,16.92,2,3,,
EUR_JPY,8,2,50.0,25.0,2.3,3.1,119.8,7.5,16.04,2,3,,
EUR_JPY,8,3,50.0,25.0,2.3,3.1,113.5,7.5,15.12,2,3,,
EUR_JPY,10,1,50.0,25.0,2.3,3.1,-35.4,5.4,-6.57,1,2,,
EUR_JPY,10,2,50.0,25.0,2.3,3.1,-39.9,5.4,-7.4,1,2,,
EUR_JPY,10,3,50.0,25.0,2.3,3.1,-44.0,5.5,-8.07,1,2,,
EUR_JPY,10,5,50.0,25.0,2.3,3.1,-61.3,5.6,-11.01,0,2,,
EUR_JPY,14,1,50.0,25.0,2.3,3.1,107.4,4.2,25.65,3,2,,
EUR_JPY,14,2,50.0,25.0,2.3,3.1,104.2,4.2,24.9,3,2,,
EUR_JPY,14,3,50.0,25.0,2.3,3.1,96.7,4.1,23.33,3,2,,
EUR_JPY,14,5,50.0,25.0,2.3,3.1,54.7,4.1,13.32,3,2,,
EUR_JPY,14,7,50.0,25.0,2.3,3.1,-324.6,4.0,-81.73,2,2,,
EUR_JPY,20,1,50.0,25.0,2.3,3.1,174.6,2.7,64.27,3,3,116.6,1.0
EUR_JPY,20,2,50.0,25.0,2.3,3.1,172.4,2.7,63.45,3,3,110.6,1.0
EUR_JPY,20,3,50.0,25.0,2.3,3.1,170.4,2.7,63.02,3,3,111.0,1.0
EUR_JPY,20,5,50.0,25.0,2.3,3.1,118.1,2.8,42.24,3,3,31.0,0.99
EUR_JPY,20,7,50.0,25.0,2.3,3.1,91.5,3.0,30.82,3,3,19.8,0.98
EUR_JPY,30,1,50.0,25.0,2.3,3.1,-153.7,2.6,-60.13,1,2,,
EUR_JPY,30,2,50.0,25.0,2.3,3.1,-154.2,2.6,-60.33,1,2,,
EUR_JPY,30,3,50.0,25.0,2.3,3.1,-154.6,2.6,-60.47,1,2,,
EUR_JPY,30,5,50.0,25.0,2.3,3.1,-155.3,2.6,-60.76,1,2,,
EUR_JPY,30,7,50.0,25.0,2.3,3.1,-156.1,2.6,-61.05,1,2,,
CHF_JPY,7,1,40.0,20.0,3.5,5.3,-8675.0,11.9,-728.48,0,0,,
CHF_JPY,8,1,40.0,20.0,3.5,5.3,-6926.7,11.5,-602.02,0,0,,
CHF_JPY,8,2,40.0,20.0,3.5,5.3,-6936.4,11.5,-602.86,0,0,,
CHF_JPY,10,1,40.0,20.0,3.5,5.3,-1204.7,8.9,-134.92,1,0,,
CHF_JPY,10,2,40.0,20.0,3.5,5.3,-1211.6,8.9,-135.68,1,0,,
CHF_JPY,10,3,40.0,20.0,3.5,5.3,-1336.9,8.9,-150.28,1,0,,
CHF_JPY,14,1,40.0,20.0,3.5,5.3,-858.1,7.0,-122.63,0,0,,
CHF_JPY,14,2,40.0,20.0,3.5,5.3,-863.1,7.0,-123.34,0,0,,
CHF_JPY,14,3,40.0,20.0,3.5,5.3,-1834.6,6.9,-265.23,0,0,,
CHF_JPY,14,5,40.0,20.0,3.5,5.3,-5576.1,7.3,-763.22,0,0,,
CHF_JPY,14,7,40.0,20.0,3.5,5.3,-9102.7,6.6,-1374.67,0,0,,
CHF_JPY,20,1,40.0,20.0,3.5,5.3,-2638.4,5.0,-526.47,0,0,,
CHF_JPY,20,2,40.0,20.0,3.5,5.3,-2641.4,5.0,-527.05,0,0,,
CHF_JPY,20,3,40.0,20.0,3.5,5.3,-2644.3,5.0,-527.63,0,0,,
CHF_JPY,20,5,40.0,20.0,3.5,5.3,-2720.8,4.9,-556.3,0,0,,
CHF_JPY,20,7,40.0,20.0,3.5,5.3,-2518.4,4.9,-517.76,0,0,,
CHF_JPY,30,1,40.0,20.0,3.5,5.3,-1556.9,4.7,-332.0,0,0,,
CHF_JPY,30,2,40.0,20.0,3.5,5.3,-1557.2,4.7,-332.05,0,0,,
CHF_JPY,30,3,40.0,20.0,3.5,5.3,-1557.4,4.7,-332.1,0,0,,
CHF_JPY,30,5,40.0,20.0,3.5,5.3,-1557.8,4.7,-332.19,0,0,,
CHF_JPY,30,7,40.0,20.0,3.5,5.3,-1558.3,4.7,-332.29,0,0,,
