pair,box_pips,reversal,direction,is_ppd,oos_ppd,wf,n_cycles,vs_random,random_base_ppd
CHF_JPY,5,1.0,alt,190.4,-18284.7,2,6402,-18642.2,357.5
CHF_JPY,5,1.0,col,286.3,343.0,3,6352,-14.5,357.5
CHF_JPY,5,1.5,alt,276.5,-17917.5,3,5954,-18275.0,357.5
CHF_JPY,5,1.5,col,201.8,648.5,3,5872,291.0,357.5
CHF_JPY,5,2.0,alt,103.6,436.6,3,5418,79.1,357.5
CHF_JPY,5,2.0,col,249.0,652.2,3,5319,294.7,357.5
CHF_JPY,5,2.5,alt,131.3,279.0,3,5009,-78.5,357.5
CHF_JPY,5,2.5,col,142.4,212.3,3,4980,-145.2,357.5
CHF_JPY,5,3.0,alt,225.1,308.7,3,4489,-48.8,357.5
CHF_JPY,5,3.0,col,228.4,679.9,3,4300,322.4,357.5
CHF_JPY,10,1.0,alt,64.9,-18258.6,3,5031,-18616.1,357.5
CHF_JPY,10,1.0,col,141.5,349.1,3,4940,-8.4,357.5
CHF_JPY,10,1.5,alt,149.9,141.3,2,3973,-216.2,357.5
CHF_JPY,10,1.5,col,212.6,506.3,2,3918,148.8,357.5
CHF_JPY,10,2.0,alt,90.7,49.1,2,3119,-308.4,357.5
CHF_JPY,10,2.0,col,92.9,-8.0,2,2990,-365.5,357.5
CHF_JPY,10,2.5,alt,83.0,206.0,3,2429,-151.5,357.5
CHF_JPY,10,2.5,col,63.4,136.2,3,2343,-221.3,357.5
CHF_JPY,10,3.0,alt,78.0,1113.4,3,1934,755.9,357.5
CHF_JPY,10,3.0,col,51.1,44.3,3,1863,-313.2,357.5
CHF_JPY,15,1.0,alt,192.8,245.7,2,3606,-111.8,357.5
CHF_JPY,15,1.0,col,236.7,171.5,3,3491,-186.0,357.5
CHF_JPY,15,1.5,alt,102.6,1163.3,3,2477,805.8,357.5
CHF_JPY,15,1.5,col,70.4,66.8,2,2345,-290.7,357.5
CHF_JPY,15,2.0,alt,77.8,60.1,3,1830,-297.4,357.5
CHF_JPY,15,2.0,col,43.3,40.4,3,1749,-317.1,357.5
CHF_JPY,15,2.5,alt,13.5,85.2,2,1328,-272.3,357.5
CHF_JPY,15,2.5,col,-18.3,337.5,1,1263,-20.0,357.5
CHF_JPY,15,3.0,alt,-12.0,343.2,3,1009,-14.3,357.5
CHF_JPY,15,3.0,col,54.2,359.7,3,942,2.2,357.5
USD_JPY,5,1.0,alt,-24.8,292.5,2,3881,-3.6,296.1
USD_JPY,5,1.0,col,-11.1,54.3,3,3822,-241.8,296.1
USD_JPY,5,1.5,alt,63.0,39.3,2,3663,-256.8,296.1
USD_JPY,5,1.5,col,38.0,37.0,1,3617,-259.1,296.1
USD_JPY,5,2.0,alt,109.8,1335.3,3,3391,1039.2,296.1
USD_JPY,5,2.0,col,60.2,1305.1,2,3359,1009.0,296.1
USD_JPY,5,2.5,alt,121.2,-1641.6,2,3261,-1937.7,296.1
USD_JPY,5,2.5,col,64.7,-1636.3,2,3171,-1932.4,296.1
USD_JPY,5,3.0,alt,1.1,367.2,2,2983,71.1,296.1
USD_JPY,5,3.0,col,-30.7,360.2,2,2941,64.1,296.1
USD_JPY,10,1.0,alt,442.2,1532.7,2,3285,1236.6,296.1
USD_JPY,10,1.0,col,11.8,1451.7,2,3233,1155.6,296.1
USD_JPY,10,1.5,alt,18.5,102.7,3,2817,-193.4,296.1
USD_JPY,10,1.5,col,-14.1,74.4,3,2735,-221.7,296.1
USD_JPY,10,2.0,alt,125.0,-1798.4,3,2353,-2094.5,296.1
USD_JPY,10,2.0,col,106.0,-1697.0,3,2227,-1993.1,296.1
USD_JPY,10,2.5,alt,51.4,144.4,3,1949,-151.7,296.1
USD_JPY,10,2.5,col,56.8,169.4,3,1883,-126.7,296.1
USD_JPY,10,3.0,alt,54.2,142.9,2,1621,-153.2,296.1
USD_JPY,10,3.0,col,-1.6,157.5,3,1587,-138.6,296.1
USD_JPY,15,1.0,alt,11.0,147.9,3,2539,-148.2,296.1
USD_JPY,15,1.0,col,55.5,138.2,3,2492,-157.9,296.1
USD_JPY,15,1.5,alt,25.9,57.2,3,1918,-238.9,296.1
USD_JPY,15,1.5,col,7.2,53.2,3,1871,-242.9,296.1
USD_JPY,15,2.0,alt,28.5,75.0,2,1536,-221.1,296.1
USD_JPY,15,2.0,col,23.6,129.8,2,1402,-166.3,296.1
USD_JPY,15,2.5,alt,28.1,122.7,3,1194,-173.4,296.1
USD_JPY,15,2.5,col,-0.3,87.3,2,1106,-208.8,296.1
USD_JPY,15,3.0,alt,10.2,30.8,3,924,-265.3,296.1
USD_JPY,15,3.0,col,6.7,25.9,2,873,-270.2,296.1
GBP_USD,5,1.0,alt,408.2,110.4,2,2435,-129.7,240.1
GBP_USD,5,1.0,col,184.2,105.2,2,2412,-134.9,240.1
GBP_USD,5,1.5,alt,193.5,-16895.1,3,2305,-17135.2,240.1
GBP_USD,5,1.5,col,208.7,-16903.8,3,2244,-17143.9,240.1
GBP_USD,5,2.0,alt,-453.4,72.9,3,2099,-167.2,240.1
GBP_USD,5,2.0,col,-587.8,264.2,3,2105,24.1,240.1
GBP_USD,5,2.5,alt,379.3,81.8,3,2022,-158.3,240.1
GBP_USD,5,2.5,col,-609.2,77.0,1,1979,-163.1,240.1
GBP_USD,5,3.0,alt,256.0,77.3,3,1805,-162.8,240.1
GBP_USD,5,3.0,col,-236.4,82.1,2,1754,-158.0,240.1
GBP_USD,10,1.0,alt,102.3,91.6,3,2043,-148.5,240.1
GBP_USD,10,1.0,col,-391.7,81.5,2,2030,-158.6,240.1
GBP_USD,10,1.5,alt,389.7,61.7,3,1651,-178.4,240.1
GBP_USD,10,1.5,col,-96.7,58.3,3,1602,-181.8,240.1
GBP_USD,10,2.0,alt,187.9,81.2,3,1383,-158.9,240.1
GBP_USD,10,2.0,col,178.1,51.0,3,1341,-189.1,240.1
GBP_USD,10,2.5,alt,33.8,130.7,3,1094,-109.4,240.1
GBP_USD,10,2.5,col,24.0,26.2,3,1079,-213.9,240.1
GBP_USD,10,3.0,alt,129.3,131.3,2,958,-108.8,240.1
GBP_USD,10,3.0,col,70.4,218.9,3,920,-21.2,240.1
GBP_USD,15,1.0,alt,447.8,75.9,3,1490,-164.2,240.1
GBP_USD,15,1.0,col,55.6,41.6,3,1490,-198.5,240.1
GBP_USD,15,1.5,alt,176.8,52.2,3,1112,-187.9,240.1
GBP_USD,15,1.5,col,90.1,35.2,3,1076,-204.9,240.1
GBP_USD,15,2.0,alt,45.1,0.5,2,858,-239.6,240.1
GBP_USD,15,2.0,col,52.7,14.9,3,818,-225.2,240.1
GBP_USD,15,2.5,alt,35.6,-26.8,1,648,-266.9,240.1
GBP_USD,15,2.5,col,42.4,16.5,3,624,-223.6,240.1
GBP_USD,15,3.0,alt,22.0,6.6,2,519,-233.5,240.1
GBP_USD,15,3.0,col,26.6,13.3,3,488,-226.8,240.1
EUR_JPY,5,1.0,alt,289.0,146.0,3,5642,-72.4,218.4
EUR_JPY,5,1.0,col,320.9,148.5,3,5507,-69.9,218.4
EUR_JPY,5,1.5,alt,-575.0,557.2,3,5232,338.8,218.4
EUR_JPY,5,1.5,col,279.8,553.0,3,5161,334.6,218.4
EUR_JPY,5,2.0,alt,939.2,258.4,2,4720,40.0,218.4
EUR_JPY,5,2.0,col,940.7,161.6,3,4650,-56.8,218.4
EUR_JPY,5,2.5,alt,736.7,279.5,3,4210,61.1,218.4
EUR_JPY,5,2.5,col,739.8,179.7,3,4173,-38.7,218.4
EUR_JPY,5,3.0,alt,41.4,138.4,3,3909,-80.0,218.4
EUR_JPY,5,3.0,col,137.9,202.0,3,3905,-16.4,218.4
EUR_JPY,10,1.0,alt,721.0,238.9,3,4426,20.5,218.4
EUR_JPY,10,1.0,col,745.2,251.0,3,4234,32.6,218.4
EUR_JPY,10,1.5,alt,20.1,243.6,3,3645,25.2,218.4
EUR_JPY,10,1.5,col,102.4,245.5,3,3623,27.1,218.4
EUR_JPY,10,2.0,alt,-196.8,143.7,2,2803,-74.7,218.4
EUR_JPY,10,2.0,col,-172.0,156.9,2,2673,-61.5,218.4
EUR_JPY,10,2.5,alt,53.6,69.1,2,2269,-149.3,218.4
EUR_JPY,10,2.5,col,-188.2,60.3,2,2175,-158.1,218.4
EUR_JPY,10,3.0,alt,-170.4,42.5,3,1908,-175.9,218.4
EUR_JPY,10,3.0,col,-180.8,44.8,1,1831,-173.6,218.4
EUR_JPY,15,1.0,alt,8.1,155.4,3,3324,-63.0,218.4
EUR_JPY,15,1.0,col,98.4,138.2,3,3187,-80.2,218.4
EUR_JPY,15,1.5,alt,73.6,83.1,2,2229,-135.3,218.4
EUR_JPY,15,1.5,col,-162.9,72.1,2,2209,-146.3,218.4
EUR_JPY,15,2.0,alt,-169.2,18.1,3,1743,-200.3,218.4
EUR_JPY,15,2.0,col,-177.5,41.1,2,1682,-177.3,218.4
EUR_JPY,15,2.5,alt,208.2,28.9,3,1314,-189.5,218.4
EUR_JPY,15,2.5,col,135.8,37.8,3,1280,-180.6,218.4
EUR_JPY,15,3.0,alt,15.1,40.9,2,1021,-177.5,218.4
EUR_JPY,15,3.0,col,25.5,135.0,3,979,-83.4,218.4
NZD_JPY,5,1.0,alt,212.7,110.0,2,3099,-26.6,136.6
NZD_JPY,5,1.0,col,283.0,83.0,3,3004,-53.6,136.6
NZD_JPY,5,1.5,alt,174.5,161.7,3,2849,25.1,136.6
NZD_JPY,5,1.5,col,110.0,171.8,3,2771,35.2,136.6
NZD_JPY,5,2.0,alt,200.0,131.5,3,2609,-5.1,136.6
NZD_JPY,5,2.0,col,217.6,75.3,3,2533,-61.3,136.6
NZD_JPY,5,2.5,alt,152.2,91.3,2,2205,-45.3,136.6
NZD_JPY,5,2.5,col,51.0,74.1,3,2235,-62.5,136.6
NZD_JPY,5,3.0,alt,46.0,217.2,3,1865,80.6,136.6
NZD_JPY,5,3.0,col,67.7,162.3,3,1875,25.7,136.6
NZD_JPY,10,1.0,alt,67.1,159.2,3,2225,22.6,136.6
NZD_JPY,10,1.0,col,55.8,177.5,3,2215,40.9,136.6
NZD_JPY,10,1.5,alt,25.9,154.6,2,1661,18.0,136.6
NZD_JPY,10,1.5,col,14.8,79.5,2,1662,-57.1,136.6
NZD_JPY,10,2.0,alt,36.2,47.1,3,1375,-89.5,136.6
NZD_JPY,10,2.0,col,22.7,54.1,3,1285,-82.5,136.6
NZD_JPY,10,2.5,alt,-8241.5,11.4,3,1103,-125.2,136.6
NZD_JPY,10,2.5,col,-8264.6,121.5,3,1061,-15.1,136.6
NZD_JPY,10,3.0,alt,20.3,1119.5,3,875,982.9,136.6
NZD_JPY,10,3.0,col,16.3,1107.5,3,848,970.9,136.6
NZD_JPY,15,1.0,alt,104.3,130.9,2,1519,-5.7,136.6
NZD_JPY,15,1.0,col,63.3,62.1,3,1441,-74.5,136.6
NZD_JPY,15,1.5,alt,29.8,26.5,3,1098,-110.1,136.6
NZD_JPY,15,1.5,col,29.8,20.3,3,1067,-116.3,136.6
NZD_JPY,15,2.0,alt,-81.9,129.5,3,821,-7.1,136.6
NZD_JPY,15,2.0,col,23.8,20.8,3,779,-115.8,136.6
NZD_JPY,15,2.5,alt,8.6,1087.2,3,614,950.6,136.6
NZD_JPY,15,2.5,col,11.8,1096.9,2,577,960.3,136.6
NZD_JPY,15,3.0,alt,4.3,7.5,3,484,-129.1,136.6
NZD_JPY,15,3.0,col,14.3,8.7,3,449,-127.9,136.6
AUD_JPY,5,1.0,alt,96.4,97.8,3,3267,46.9,50.9
AUD_JPY,5,1.0,col,97.8,93.2,3,3417,42.3,50.9
AUD_JPY,5,1.5,alt,714.1,481.0,3,3127,430.1,50.9
AUD_JPY,5,1.5,col,132.4,470.9,3,3180,420.0,50.9
AUD_JPY,5,2.0,alt,71.9,494.9,3,2970,444.0,50.9
AUD_JPY,5,2.0,col,74.0,490.8,3,2939,439.9,50.9
AUD_JPY,5,2.5,alt,74.6,112.5,3,2774,61.6,50.9
AUD_JPY,5,2.5,col,86.3,481.7,3,2793,430.8,50.9
AUD_JPY,5,3.0,alt,67.7,426.2,3,2464,375.3,50.9
AUD_JPY,5,3.0,col,69.1,447.5,3,2496,396.6,50.9
AUD_JPY,10,1.0,alt,89.7,454.5,3,2744,403.6,50.9
AUD_JPY,10,1.0,col,83.3,473.9,3,2709,423.0,50.9
AUD_JPY,10,1.5,alt,48.4,443.4,3,2296,392.5,50.9
AUD_JPY,10,1.5,col,44.2,443.8,3,2245,392.9,50.9
AUD_JPY,10,2.0,alt,34.9,52.6,3,1776,1.7,50.9
AUD_JPY,10,2.0,col,35.1,53.0,3,1710,2.1,50.9
AUD_JPY,10,2.5,alt,41.3,44.1,3,1388,-6.8,50.9
AUD_JPY,10,2.5,col,36.6,49.2,3,1332,-1.7,50.9
AUD_JPY,10,3.0,alt,25.7,37.0,3,1139,-13.9,50.9
AUD_JPY,10,3.0,col,70.0,1466.5,3,1126,1415.6,50.9
AUD_JPY,15,1.0,alt,48.9,60.2,3,1964,9.3,50.9
AUD_JPY,15,1.0,col,47.5,57.8,3,1960,6.9,50.9
AUD_JPY,15,1.5,alt,35.4,63.9,3,1444,13.0,50.9
AUD_JPY,15,1.5,col,78.2,53.9,3,1396,3.0,50.9
AUD_JPY,15,2.0,alt,24.2,54.3,3,1024,3.4,50.9
AUD_JPY,15,2.0,col,65.0,1469.7,3,1010,1418.8,50.9
AUD_JPY,15,2.5,alt,16.2,46.4,3,787,-4.5,50.9
AUD_JPY,15,2.5,col,14.2,30.1,3,753,-20.8,50.9
AUD_JPY,15,3.0,alt,23.4,16.4,3,610,-34.5,50.9
AUD_JPY,15,3.0,col,9.1,18.9,3,605,-32.0,50.9
NZD_USD,5,1.0,alt,147.3,32.1,3,1843,-5.2,37.3
NZD_USD,5,1.0,col,147.9,32.1,3,1875,-5.2,37.3
NZD_USD,5,1.5,alt,-3856.2,6.6,2,1598,-30.7,37.3
NZD_USD,5,1.5,col,-3794.9,25.1,2,1598,-12.2,37.3
NZD_USD,5,2.0,alt,61.3,55.8,2,1345,18.5,37.3
NZD_USD,5,2.0,col,66.6,30.6,2,1352,-6.7,37.3
NZD_USD,5,2.5,alt,56.8,23.6,3,1195,-13.7,37.3
NZD_USD,5,2.5,col,95.9,14.0,3,1211,-23.3,37.3
NZD_USD,5,3.0,alt,19.9,581.8,2,1002,544.5,37.3
NZD_USD,5,3.0,col,13.8,565.1,2,981,527.8,37.3
NZD_USD,10,1.0,alt,-3647.8,579.7,3,1219,542.4,37.3
NZD_USD,10,1.0,col,-3653.2,580.4,3,1182,543.1,37.3
NZD_USD,10,1.5,alt,24.1,-12172.1,1,871,-12209.4,37.3
NZD_USD,10,1.5,col,61.2,48.8,2,841,11.5,37.3
NZD_USD,10,2.0,alt,-8.8,17.3,2,652,-20.0,37.3
NZD_USD,10,2.0,col,-2.5,47.1,2,615,9.8,37.3
NZD_USD,10,2.5,alt,12.0,7.1,3,524,-30.2,37.3
NZD_USD,10,2.5,col,-9.9,9.0,3,485,-28.3,37.3
NZD_USD,10,3.0,alt,7.8,138.4,3,405,101.1,37.3
NZD_USD,10,3.0,col,13.3,139.5,2,375,102.2,37.3
NZD_USD,15,1.0,alt,20.9,-12200.7,2,788,-12238.0,37.3
NZD_USD,15,1.0,col,27.7,44.1,3,751,6.8,37.3
NZD_USD,15,1.5,alt,13.3,5.3,3,520,-32.0,37.3
NZD_USD,15,1.5,col,14.2,4.1,2,493,-33.2,37.3
NZD_USD,15,2.0,alt,3.8,137.8,3,365,100.5,37.3
NZD_USD,15,2.0,col,5.0,139.8,3,343,102.5,37.3
NZD_USD,15,2.5,alt,11.8,6.1,3,261,-31.2,37.3
NZD_USD,15,2.5,col,6.5,5.2,3,260,-32.1,37.3
NZD_USD,15,3.0,alt,4.6,2.0,3,172,-35.3,37.3
NZD_USD,15,3.0,col,-1.5,2.7,2,173,-34.6,37.3
AUD_USD,5,1.0,alt,75.2,34.9,2,2012,4.6,30.3
AUD_USD,5,1.0,col,128.3,34.4,3,2073,4.1,30.3
AUD_USD,5,1.5,alt,-524.8,25.7,2,1885,-4.6,30.3
AUD_USD,5,1.5,col,-496.1,32.2,3,1861,1.9,30.3
AUD_USD,5,2.0,alt,-148.4,40.0,2,1662,9.7,30.3
AUD_USD,5,2.0,col,-181.6,23.9,2,1664,-6.4,30.3
AUD_USD,5,2.5,alt,75.6,24.5,3,1384,-5.8,30.3
AUD_USD,5,2.5,col,54.8,19.8,3,1339,-10.5,30.3
AUD_USD,5,3.0,alt,43.8,22.5,3,1202,-7.8,30.3
AUD_USD,5,3.0,col,82.7,20.6,3,1142,-9.7,30.3
AUD_USD,10,1.0,alt,8.2,19.2,1,1414,-11.1,30.3
AUD_USD,10,1.0,col,59.6,20.7,2,1315,-9.6,30.3
AUD_USD,10,1.5,alt,23.8,14.6,3,1052,-15.7,30.3
AUD_USD,10,1.5,col,30.1,20.4,3,1002,-9.9,30.3
AUD_USD,10,2.0,alt,98.2,18.9,3,781,-11.4,30.3
AUD_USD,10,2.0,col,34.6,16.4,3,750,-13.9,30.3
AUD_USD,10,2.5,alt,17.0,21.8,2,623,-8.5,30.3
AUD_USD,10,2.5,col,7.0,9.0,2,594,-21.3,30.3
AUD_USD,10,3.0,alt,8.3,20.4,3,489,-9.9,30.3
AUD_USD,10,3.0,col,6.5,7.4,2,469,-22.9,30.3
AUD_USD,15,1.0,alt,36.5,16.6,3,944,-13.7,30.3
AUD_USD,15,1.0,col,53.4,11.5,3,881,-18.8,30.3
AUD_USD,15,1.5,alt,9.4,9.7,2,597,-20.6,30.3
AUD_USD,15,1.5,col,14.5,2.7,2,604,-27.6,30.3
AUD_USD,15,2.0,alt,-2.6,6.5,3,427,-23.8,30.3
AUD_USD,15,2.0,col,5.0,7.5,2,411,-22.8,30.3
AUD_USD,15,2.5,alt,9.4,7.2,3,305,-23.1,30.3
AUD_USD,15,2.5,col,6.0,55.0,3,305,24.7,30.3
AUD_USD,15,3.0,alt,4.1,3.9,3,243,-26.4,30.3
AUD_USD,15,3.0,col,4.2,2.2,3,236,-28.1,30.3
EUR_GBP,5,1.0,alt,33.6,12.8,3,669,-14.8,27.6
EUR_GBP,5,1.0,col,19.1,13.9,3,649,-13.7,27.6
EUR_GBP,5,1.5,alt,21.6,10.1,3,656,-17.5,27.6
EUR_GBP,5,1.5,col,19.7,10.5,3,653,-17.1,27.6
EUR_GBP,5,2.0,alt,17.9,9.1,3,592,-18.5,27.6
EUR_GBP,5,2.0,col,14.1,14.7,3,596,-12.9,27.6
EUR_GBP,5,2.5,alt,11.6,16.3,3,495,-11.3,27.6
EUR_GBP,5,2.5,col,11.4,15.6,3,462,-12.0,27.6
EUR_GBP,5,3.0,alt,23.6,0.7,3,437,-26.9,27.6
EUR_GBP,5,3.0,col,25.8,1.2,3,420,-26.4,27.6
EUR_GBP,10,1.0,alt,21.0,82.1,3,500,54.5,27.6
EUR_GBP,10,1.0,col,20.9,9.7,3,497,-17.9,27.6
EUR_GBP,10,1.5,alt,13.2,-2.6,3,395,-30.2,27.6
EUR_GBP,10,1.5,col,15.4,72.1,3,357,44.5,27.6
EUR_GBP,10,2.0,alt,10.4,79.1,3,293,51.5,27.6
EUR_GBP,10,2.0,col,11.7,78.4,3,303,50.8,27.6
EUR_GBP,10,2.5,alt,8.2,4.3,3,220,-23.3,27.6
EUR_GBP,10,2.5,col,8.3,3.2,3,227,-24.4,27.6
EUR_GBP,10,3.0,alt,8.3,28.6,3,166,1.0,27.6
EUR_GBP,10,3.0,col,8.8,2.4,3,177,-25.2,27.6
EUR_GBP,15,1.0,alt,15.0,5.5,3,349,-22.1,27.6
EUR_GBP,15,1.0,col,13.8,10.1,3,329,-17.5,27.6
EUR_GBP,15,1.5,alt,10.2,3.4,3,228,-24.2,27.6
EUR_GBP,15,1.5,col,10.5,2.9,3,227,-24.7,27.6
EUR_GBP,15,2.0,alt,-8.9,23.3,3,172,-4.3,27.6
EUR_GBP,15,2.0,col,25.1,2.5,3,161,-25.1,27.6
EUR_GBP,15,2.5,alt,3.8,1.2,3,119,-26.4,27.6
EUR_GBP,15,2.5,col,3.5,2.9,3,108,-24.7,27.6
EUR_GBP,15,3.0,alt,2.9,1.1,3,90,-26.5,27.6
EUR_GBP,15,3.0,col,3.6,1.7,3,76,-25.9,27.6
CAD_JPY,5,1.0,alt,66.0,205.8,3,3755,181.7,24.1
CAD_JPY,5,1.0,col,-50.5,11.0,2,3884,-13.1,24.1
CAD_JPY,5,1.5,alt,68.9,-39.4,3,3515,-63.5,24.1
CAD_JPY,5,1.5,col,69.6,-34.7,3,3414,-58.8,24.1
CAD_JPY,5,2.0,alt,51.5,39.5,3,3209,15.4,24.1
CAD_JPY,5,2.0,col,60.4,44.8,3,3113,20.7,24.1
CAD_JPY,5,2.5,alt,62.2,42.6,3,2756,18.5,24.1
CAD_JPY,5,2.5,col,50.6,39.6,3,2801,15.5,24.1
CAD_JPY,5,3.0,alt,42.0,45.2,3,2467,21.1,24.1
CAD_JPY,5,3.0,col,42.6,-245.1,3,2440,-269.2,24.1
CAD_JPY,10,1.0,alt,45.4,51.8,3,2739,27.7,24.1
CAD_JPY,10,1.0,col,46.2,49.4,3,2806,25.3,24.1
CAD_JPY,10,1.5,alt,37.2,35.8,3,2253,11.7,24.1
CAD_JPY,10,1.5,col,24.1,-242.3,3,2227,-266.4,24.1
CAD_JPY,10,2.0,alt,20.6,22.2,3,1693,-1.9,24.1
CAD_JPY,10,2.0,col,14.0,22.9,3,1619,-1.2,24.1
CAD_JPY,10,2.5,alt,30.5,23.9,2,1335,-0.2,24.1
CAD_JPY,10,2.5,col,14.8,19.1,2,1342,-5.0,24.1
CAD_JPY,10,3.0,alt,10.7,-12.9,3,1114,-37.0,24.1
CAD_JPY,10,3.0,col,12.3,-26.7,3,1076,-50.8,24.1
CAD_JPY,15,1.0,alt,26.4,-245.1,3,1979,-269.2,24.1
CAD_JPY,15,1.0,col,27.1,-247.3,3,1937,-271.4,24.1
CAD_JPY,15,1.5,alt,-1.8,26.0,3,1404,1.9,24.1
CAD_JPY,15,1.5,col,-4.0,25.8,2,1367,1.7,24.1
CAD_JPY,15,2.0,alt,11.8,19.9,3,1020,-4.2,24.1
CAD_JPY,15,2.0,col,12.9,12.2,3,984,-11.9,24.1
CAD_JPY,15,2.5,alt,6.5,-27.1,3,750,-51.2,24.1
CAD_JPY,15,2.5,col,12.1,8.2,3,714,-15.9,24.1
CAD_JPY,15,3.0,alt,5.3,7.8,3,604,-16.3,24.1
CAD_JPY,15,3.0,col,11.4,37.0,3,563,12.9,24.1
