pair,ta,td,ppd,cday,ppc,trail_pct,wf,boot_p5,prob_pos
NZD_JPY,2,1,752.4,19.4,38.8,94.7,3,170.3,1.0
NZD_JPY,3,1,347.2,15.0,23.08,93.2,3,164.2,1.0
NZD_JPY,3,2,288.1,15.1,19.08,93.3,3,126.7,1.0
NZD_JPY,4,1,122.2,10.9,11.18,90.7,3,76.0,1.0
NZD_JPY,4,2,113.6,11.0,10.31,90.7,3,68.7,1.0
NZD_JPY,4,3,113.2,11.0,10.26,90.7,2,,
NZD_JPY,5,1,84.8,9.8,8.64,89.9,3,15.2,0.976
NZD_JPY,5,2,76.5,9.9,7.71,90.0,3,9.3,0.966
NZD_JPY,5,3,72.0,9.9,7.25,89.7,3,0.7,0.953
NZD_JPY,6,1,382.0,7.8,48.81,87.1,3,50.0,0.992
NZD_JPY,6,2,405.8,7.7,52.51,86.8,3,94.9,1.0
NZD_JPY,6,3,411.1,7.9,51.85,87.2,2,,
NZD_JPY,6,5,577.5,7.7,74.95,86.6,2,,
NZD_JPY,7,1,185.5,7.0,26.49,85.5,3,86.2,1.0
NZD_JPY,7,2,180.9,7.1,25.45,85.7,3,79.4,1.0
NZD_JPY,7,3,163.5,7.1,23.04,85.7,3,73.0,1.0
NZD_JPY,7,5,196.9,7.2,27.53,86.0,3,85.3,1.0
NZD_JPY,8,1,221.6,6.2,35.66,84.6,3,61.1,0.997
NZD_JPY,8,2,241.1,6.2,38.74,84.6,3,86.8,1.0
NZD_JPY,8,3,241.6,6.2,38.74,84.3,3,86.2,1.0
NZD_JPY,8,5,261.3,6.4,41.04,84.3,3,101.9,1.0
NZD_JPY,8,7,274.6,6.1,45.1,82.0,3,109.6,1.0
NZD_JPY,10,1,188.4,5.1,36.66,81.0,2,,
NZD_JPY,10,2,184.8,5.2,35.82,81.0,2,,
NZD_JPY,10,3,203.2,5.1,39.61,80.9,2,,
NZD_JPY,10,5,248.8,5.0,49.69,80.2,3,85.4,1.0
NZD_JPY,10,7,505.0,4.8,104.61,76.9,2,,
NZD_JPY,14,1,279.8,3.6,77.25,73.6,2,,
NZD_JPY,14,2,277.3,3.6,76.26,73.8,2,,
NZD_JPY,14,3,275.1,3.6,76.28,73.4,3,111.9,1.0
NZD_JPY,14,5,217.2,3.6,59.57,73.0,2,,
NZD_JPY,14,7,522.5,3.6,145.06,67.5,2,,
NZD_JPY,20,1,194.1,2.7,72.6,64.1,3,86.2,1.0
NZD_JPY,20,2,192.9,2.7,71.89,64.1,3,86.7,1.0
NZD_JPY,20,3,191.4,2.6,73.17,61.9,3,83.9,1.0
NZD_JPY,20,5,151.6,2.6,57.23,54.5,3,67.3,1.0
NZD_JPY,20,7,148.7,2.7,55.73,40.3,3,64.1,1.0
NZD_JPY,30,1,191.5,2.7,70.19,4.1,3,75.1,1.0
NZD_JPY,30,2,191.3,2.7,70.15,4.1,3,79.4,1.0
NZD_JPY,30,3,191.2,2.7,70.11,4.1,3,76.6,1.0
NZD_JPY,30,5,190.9,2.7,70.0,3.9,3,77.0,1.0
NZD_JPY,30,7,190.7,2.7,69.92,3.9,3,76.6,1.0
AUD_JPY,2,1,262.6,22.1,11.88,95.7,3,130.0,1.0
AUD_JPY,3,1,227.7,15.7,14.51,94.1,3,105.0,1.0
AUD_JPY,3,2,211.6,15.9,13.27,94.2,3,89.3,1.0
AUD_JPY,4,1,1599.0,12.0,133.3,91.9,3,122.7,1.0
AUD_JPY,4,2,1588.2,12.1,131.44,91.9,3,109.1,1.0
AUD_JPY,4,3,239.8,12.0,19.92,91.9,3,105.2,1.0
AUD_JPY,5,1,498.3,10.3,48.57,90.2,3,81.2,1.0
AUD_JPY,5,2,489.1,10.3,47.57,90.2,3,69.6,1.0
AUD_JPY,5,3,486.1,10.4,46.56,90.3,3,66.3,1.0
AUD_JPY,6,1,241.3,9.2,26.15,89.5,3,109.7,1.0
AUD_JPY,6,2,232.9,9.1,25.5,89.4,3,99.0,1.0
AUD_JPY,6,3,225.3,9.2,24.38,89.4,3,93.6,1.0
AUD_JPY,6,5,219.9,8.8,25.06,88.9,3,89.2,1.0
AUD_JPY,7,1,218.0,7.5,29.1,86.7,3,94.0,1.0
AUD_JPY,7,2,210.8,7.5,27.93,86.7,3,85.2,1.0
AUD_JPY,7,3,209.4,7.5,28.04,86.6,3,88.5,1.0
AUD_JPY,7,5,195.9,7.6,25.85,86.9,3,74.5,1.0
AUD_JPY,8,1,1568.5,7.0,225.54,86.2,3,99.1,1.0
AUD_JPY,8,2,1562.5,7.0,224.68,86.2,3,96.9,1.0
AUD_JPY,8,3,128.3,7.1,18.07,86.2,3,94.8,1.0
AUD_JPY,8,5,514.6,6.6,77.42,85.5,3,94.7,1.0
AUD_JPY,8,7,480.8,6.6,72.55,85.2,3,79.2,1.0
AUD_JPY,10,1,133.5,5.5,24.27,81.9,3,110.3,1.0
AUD_JPY,10,2,129.0,5.5,23.46,81.9,3,105.0,1.0
AUD_JPY,10,3,253.4,5.5,46.44,81.6,3,121.4,1.0
AUD_JPY,10,5,520.7,5.6,93.26,82.3,3,105.2,1.0
AUD_JPY,10,7,504.8,5.4,93.79,82.2,3,86.8,1.0
AUD_JPY,14,1,1558.9,4.1,380.27,77.6,3,102.7,1.0
AUD_JPY,14,2,1555.5,4.1,381.27,77.5,3,100.4,1.0
AUD_JPY,14,3,1551.4,4.0,383.93,77.2,3,94.8,1.0
AUD_JPY,14,5,1545.8,4.3,358.73,79.2,3,90.9,1.0
AUD_JPY,14,7,92.6,4.2,22.29,76.4,3,75.6,1.0
AUD_JPY,20,1,471.6,3.0,154.87,70.6,3,67.5,1.0
AUD_JPY,20,2,469.5,3.0,154.17,70.6,3,65.5,1.0
AUD_JPY,20,3,467.9,3.1,152.93,70.7,3,63.2,1.0
AUD_JPY,20,5,96.0,3.0,32.21,69.0,3,64.6,1.0
AUD_JPY,20,7,494.8,2.8,174.65,63.6,3,89.7,1.0
AUD_JPY,30,1,443.4,2.5,177.96,19.0,3,1.0,0.952
AUD_JPY,30,2,442.9,2.5,177.77,19.0,3,3.1,0.952
AUD_JPY,30,3,442.1,2.5,177.47,18.7,3,1.5,0.952
AUD_JPY,30,5,441.2,2.5,177.09,18.7,3,5.5,0.956
AUD_JPY,30,7,440.3,2.5,176.72,18.7,3,5.6,0.956
EUR_JPY,2,1,666.0,35.5,18.75,96.3,2,,
EUR_JPY,3,1,767.3,26.8,28.61,94.9,3,273.4,1.0
EUR_JPY,3,2,741.7,26.8,27.66,94.9,3,242.6,1.0
EUR_JPY,4,1,236.1,20.0,11.78,92.9,2,,
EUR_JPY,4,2,217.2,20.0,10.84,92.9,2,,
EUR_JPY,4,3,218.3,20.0,10.91,92.9,2,,
EUR_JPY,5,1,275.2,17.2,15.96,91.8,3,195.8,1.0
EUR_JPY,5,2,258.9,17.3,14.97,91.8,3,178.4,1.0
EUR_JPY,5,3,252.6,17.3,14.59,91.8,3,175.0,1.0
EUR_JPY,6,1,431.2,14.1,30.67,89.9,3,265.6,1.0
EUR_JPY,6,2,416.2,14.0,29.67,89.9,3,247.7,1.0
EUR_JPY,6,3,400.7,13.9,28.82,89.7,3,235.3,1.0
EUR_JPY,6,5,208.6,14.1,14.76,89.8,3,144.0,1.0
EUR_JPY,7,1,532.9,11.8,45.03,88.1,3,300.6,1.0
EUR_JPY,7,2,522.5,11.8,44.15,88.1,3,292.1,1.0
EUR_JPY,7,3,412.9,11.9,34.74,88.2,3,245.3,1.0
EUR_JPY,7,5,312.5,12.1,25.79,88.4,3,164.4,1.0
EUR_JPY,8,1,382.5,10.6,36.04,86.4,2,,
EUR_JPY,8,2,371.6,10.7,34.82,86.4,2,,
EUR_JPY,8,3,362.2,10.7,33.98,86.3,2,,
EUR_JPY,8,5,468.4,10.5,44.47,86.2,3,245.6,1.0
EUR_JPY,8,7,647.5,10.3,62.82,86.0,3,145.7,0.998
EUR_JPY,10,1,-205.0,8.9,-22.92,84.4,3,-1330.6,0.395
EUR_JPY,10,2,-214.0,8.9,-23.97,84.4,3,-1288.9,0.402
EUR_JPY,10,3,-220.6,8.9,-24.69,84.4,3,-1358.7,0.39
EUR_JPY,10,5,-260.0,8.9,-29.28,84.0,3,-1395.3,0.404
EUR_JPY,10,7,-272.8,8.9,-30.8,84.0,3,-1402.9,0.388
EUR_JPY,14,1,264.0,6.6,40.06,79.0,3,131.1,1.0
EUR_JPY,14,2,258.8,6.6,39.27,79.0,3,121.2,1.0
EUR_JPY,14,3,255.2,6.6,38.54,79.3,3,117.7,1.0
EUR_JPY,14,5,147.3,6.5,22.62,78.8,3,92.3,1.0
EUR_JPY,14,7,243.2,6.7,36.33,78.9,3,104.5,1.0
EUR_JPY,20,1,185.4,4.6,39.96,71.8,3,126.5,1.0
EUR_JPY,20,2,181.9,4.6,39.22,71.7,3,122.1,1.0
EUR_JPY,20,3,174.1,4.7,37.41,71.5,3,117.9,1.0
EUR_JPY,20,5,171.1,4.6,37.1,70.6,3,115.8,1.0
EUR_JPY,20,7,144.9,4.6,31.29,68.9,3,89.4,1.0
EUR_JPY,30,1,2366.2,3.8,623.15,22.1,3,217.7,1.0
EUR_JPY,30,2,2364.9,3.8,622.0,22.0,3,242.2,1.0
EUR_JPY,30,3,2363.9,3.8,622.54,22.1,3,407.5,1.0
EUR_JPY,30,5,2362.2,3.8,622.09,22.1,3,212.4,1.0
EUR_JPY,30,7,917.7,3.8,241.36,22.0,3,146.8,0.999
GBP_USD,2,1,162.8,28.4,5.74,93.6,3,123.5,1.0
GBP_USD,3,1,229.9,20.8,11.06,91.0,2,,
GBP_USD,3,2,210.4,20.6,10.2,90.9,2,,
GBP_USD,4,1,274.0,15.9,17.25,88.2,2,,
GBP_USD,4,2,260.4,15.7,16.56,88.1,2,,
GBP_USD,4,3,252.5,15.6,16.15,88.0,2,,
GBP_USD,5,1,239.5,13.0,18.48,85.7,3,129.6,1.0
GBP_USD,5,2,229.1,13.1,17.49,85.9,3,122.5,1.0
GBP_USD,5,3,207.4,13.0,15.9,85.8,3,98.6,1.0
GBP_USD,6,1,85.4,11.4,7.52,83.4,3,-103.9,0.806
GBP_USD,6,2,171.7,11.4,15.04,83.5,3,103.8,1.0
GBP_USD,6,3,184.4,11.3,16.27,83.5,3,110.8,1.0
GBP_USD,6,5,119.1,11.1,10.74,82.9,3,49.8,1.0
GBP_USD,7,1,108.4,10.2,10.6,82.2,2,,
GBP_USD,7,2,100.0,10.2,9.81,82.1,2,,
GBP_USD,7,3,96.6,10.1,9.59,81.8,2,,
GBP_USD,7,5,78.2,10.1,7.72,81.4,2,,
GBP_USD,8,1,425.8,9.0,47.25,79.9,2,,
GBP_USD,8,2,418.6,9.0,46.47,79.8,2,,
GBP_USD,8,3,392.7,9.0,43.46,79.9,2,,
GBP_USD,8,5,192.9,8.7,22.06,78.3,1,,
GBP_USD,8,7,149.7,8.7,17.21,74.6,2,,
GBP_USD,10,1,112.9,7.4,15.31,75.8,1,,
GBP_USD,10,2,107.7,7.3,14.66,75.7,1,,
GBP_USD,10,3,90.6,7.4,12.31,75.4,1,,
GBP_USD,10,5,106.9,7.3,14.63,74.3,1,,
GBP_USD,10,7,847.0,7.2,117.31,68.0,1,,
GBP_USD,14,1,-16003.6,5.3,-3034.01,68.5,1,,
GBP_USD,14,2,-16009.2,5.3,-3040.69,68.1,1,,
GBP_USD,14,3,-16006.8,5.3,-3048.73,67.4,1,,
GBP_USD,14,5,-16504.1,5.2,-3170.01,59.9,2,,
GBP_USD,14,7,-15132.1,5.3,-2854.24,49.7,2,,
GBP_USD,20,1,110.6,5.0,21.94,12.9,2,,
GBP_USD,20,2,109.9,5.0,21.81,12.9,2,,
GBP_USD,20,3,109.3,5.0,21.68,12.9,2,,
GBP_USD,20,5,107.8,5.0,21.38,12.8,2,,
GBP_USD,20,7,106.5,5.0,21.13,12.7,2,,
GBP_USD,30,1,80.0,5.1,15.67,1.8,2,,
GBP_USD,30,2,79.9,5.1,15.65,1.8,2,,
GBP_USD,30,3,79.8,5.1,15.63,1.8,2,,
GBP_USD,30,5,79.4,5.1,15.56,1.7,2,,
GBP_USD,30,7,79.3,5.1,15.53,1.7,2,,
USD_JPY,2,1,-24908.3,40.4,-616.18,95.1,1,,
USD_JPY,3,1,-1636.0,29.8,-54.85,93.0,1,,
USD_JPY,3,2,-1664.0,29.8,-55.75,92.9,1,,
USD_JPY,4,1,718.4,23.0,31.23,90.6,2,,
USD_JPY,4,2,702.3,22.9,30.66,90.5,2,,
USD_JPY,4,3,678.1,22.9,29.63,90.4,2,,
USD_JPY,5,1,307.2,19.9,15.44,88.9,2,,
USD_JPY,5,2,574.7,19.9,28.83,88.9,2,,
USD_JPY,5,3,552.8,20.1,27.48,89.0,2,,
USD_JPY,6,1,577.7,17.3,33.42,87.5,1,,
USD_JPY,6,2,562.4,17.3,32.6,87.4,1,,
USD_JPY,6,3,545.7,17.3,31.61,87.3,1,,
USD_JPY,6,5,594.3,17.1,34.71,87.0,2,,
USD_JPY,7,1,372.6,15.0,24.91,85.3,3,197.6,1.0
USD_JPY,7,2,360.1,14.9,24.14,85.2,2,,
USD_JPY,7,3,347.8,15.0,23.2,85.3,2,,
USD_JPY,7,5,396.3,14.9,26.68,85.1,1,,
USD_JPY,8,1,493.6,13.6,36.32,83.7,1,,
USD_JPY,8,2,482.2,13.6,35.48,83.7,1,,
USD_JPY,8,3,472.9,13.7,34.49,84.0,1,,
USD_JPY,8,5,503.0,13.5,37.35,83.5,2,,
USD_JPY,8,7,-13180.4,13.1,-1008.26,82.6,2,,
USD_JPY,10,1,551.4,11.0,50.08,80.2,2,,
USD_JPY,10,2,542.1,11.0,49.1,80.2,2,,
USD_JPY,10,3,528.8,11.1,47.79,80.3,2,,
USD_JPY,10,5,590.8,10.9,54.04,79.9,1,,
USD_JPY,10,7,-24677.3,10.9,-2262.65,79.3,1,,
USD_JPY,14,1,35.8,7.9,4.52,73.3,1,,
USD_JPY,14,2,30.3,7.9,3.82,73.2,1,,
USD_JPY,14,3,23.4,8.0,2.94,73.3,1,,
USD_JPY,14,5,167.0,8.1,20.68,73.5,1,,
USD_JPY,14,7,511.6,8.0,63.85,71.9,1,,
USD_JPY,20,1,-38832.3,6.0,-6458.68,65.2,2,,
USD_JPY,20,2,-38836.2,6.0,-6459.33,65.2,2,,
USD_JPY,20,3,-38841.0,6.0,-6428.81,64.9,2,,
USD_JPY,20,5,-38849.8,6.0,-6435.45,61.5,2,,
USD_JPY,20,7,-13672.0,6.1,-2234.93,55.5,2,,
USD_JPY,30,1,125.9,6.0,21.09,7.7,2,,
USD_JPY,30,2,125.4,6.0,21.01,7.7,2,,
USD_JPY,30,3,124.6,6.0,20.77,7.7,2,,
USD_JPY,30,5,123.7,6.0,20.61,7.7,2,,
USD_JPY,30,7,122.8,6.0,20.46,7.7,2,,
NZD_USD,2,1,38.0,12.7,2.98,92.2,3,30.3,1.0
NZD_USD,3,1,42.7,8.9,4.78,88.8,3,29.0,1.0
NZD_USD,3,2,38.3,8.9,4.31,88.7,3,23.8,1.0
NZD_USD,4,1,54.0,6.9,7.78,85.8,3,33.9,1.0
NZD_USD,4,2,41.8,6.7,6.27,85.1,3,26.2,1.0
NZD_USD,4,3,43.6,7.0,6.26,85.7,2,,
NZD_USD,5,1,67.2,5.5,12.2,82.4,3,45.9,1.0
NZD_USD,5,2,-12145.1,5.5,-2203.19,82.4,3,-36578.7,0.373
NZD_USD,5,3,-12162.2,5.4,-2260.42,81.6,3,-36601.0,0.368
NZD_USD,6,1,-12161.8,4.7,-2581.73,79.9,3,-36600.2,0.382
NZD_USD,6,2,-12164.3,4.8,-2550.51,79.6,3,-36597.4,0.38
NZD_USD,6,3,60.3,4.7,12.86,78.9,3,39.3,1.0
NZD_USD,6,5,98.4,4.7,21.15,72.7,3,46.0,1.0
NZD_USD,7,1,49.3,4.1,11.95,76.4,2,,
NZD_USD,7,2,54.2,4.2,12.97,76.7,2,,
NZD_USD,7,3,56.6,4.2,13.36,76.9,1,,
NZD_USD,7,5,84.0,4.1,20.69,68.8,3,34.8,1.0
NZD_USD,8,1,50.5,3.8,13.4,75.4,3,35.4,1.0
NZD_USD,8,2,36.8,3.8,9.7,75.1,2,,
NZD_USD,8,3,53.3,3.7,14.27,73.4,2,,
NZD_USD,8,5,44.8,3.6,12.45,64.4,2,,
NZD_USD,8,7,38.0,3.6,10.43,52.6,2,,
NZD_USD,10,1,41.1,3.1,13.33,70.2,2,,
NZD_USD,10,2,45.6,3.1,14.69,70.6,2,,
NZD_USD,10,3,49.0,3.0,16.53,66.3,2,,
NZD_USD,10,5,44.7,3.1,14.55,53.1,3,29.3,1.0
NZD_USD,10,7,202.0,3.0,67.5,42.2,2,,
NZD_USD,14,1,87.0,2.5,34.53,25.3,2,,
NZD_USD,14,2,86.4,2.5,34.23,25.1,2,,
NZD_USD,14,3,85.4,2.5,33.82,25.0,2,,
NZD_USD,14,5,50.1,2.5,20.01,19.6,2,,
NZD_USD,14,7,58.4,2.6,22.73,14.5,2,,
NZD_USD,20,1,93.3,2.6,36.46,3.3,2,,
NZD_USD,20,2,93.2,2.6,36.42,3.3,2,,
NZD_USD,20,3,93.1,2.6,36.39,3.3,2,,
NZD_USD,20,5,93.0,2.6,36.32,3.3,2,,
NZD_USD,20,7,92.8,2.6,36.26,3.3,2,,
NZD_USD,30,1,72.7,2.5,28.68,1.1,2,,
NZD_USD,30,2,72.7,2.5,28.67,1.1,2,,
NZD_USD,30,3,72.7,2.5,28.66,1.1,2,,
NZD_USD,30,5,72.6,2.5,28.64,1.1,2,,
NZD_USD,30,7,72.6,2.5,28.62,1.1,2,,
AUD_USD,2,1,108.2,13.0,8.3,93.1,3,43.7,1.0
AUD_USD,3,1,72.7,9.8,7.41,91.2,3,51.7,1.0
AUD_USD,3,2,48.1,10.0,4.83,91.2,3,37.9,1.0
AUD_USD,4,1,109.3,7.5,14.62,88.6,1,,
AUD_USD,4,2,152.1,7.5,20.19,88.7,1,,
AUD_USD,4,3,159.7,7.3,21.86,88.5,2,,
AUD_USD,5,1,64.1,6.4,10.05,86.2,3,46.5,1.0
AUD_USD,5,2,58.8,6.4,9.16,86.5,3,40.5,1.0
AUD_USD,5,3,152.3,6.4,23.81,86.7,3,51.7,1.0
AUD_USD,6,1,70.8,5.3,13.43,83.4,3,50.9,1.0
AUD_USD,6,2,79.9,5.1,15.78,82.6,3,51.2,1.0
AUD_USD,6,3,78.2,5.3,14.86,83.3,3,49.9,1.0
AUD_USD,6,5,119.1,5.0,23.73,80.8,3,48.2,1.0
AUD_USD,7,1,81.2,4.6,17.77,81.2,2,,
AUD_USD,7,2,63.6,4.6,13.96,81.3,2,,
AUD_USD,7,3,60.7,4.6,13.26,81.1,3,41.9,1.0
AUD_USD,7,5,54.6,4.6,11.99,79.4,2,,
AUD_USD,8,1,49.0,4.0,12.13,78.9,2,,
AUD_USD,8,2,46.2,4.1,11.32,79.3,2,,
AUD_USD,8,3,55.4,3.9,14.15,78.0,2,,
AUD_USD,8,5,106.1,3.9,27.31,75.3,3,40.8,1.0
AUD_USD,8,7,39.6,3.8,10.55,65.5,3,23.5,1.0
AUD_USD,10,1,98.5,3.2,30.67,73.3,2,,
AUD_USD,10,2,94.5,3.2,29.24,73.2,2,,
AUD_USD,10,3,86.8,3.3,25.97,74.5,2,,
AUD_USD,10,5,167.9,3.4,49.08,70.4,3,58.5,1.0
AUD_USD,10,7,93.0,3.4,27.56,58.5,3,29.0,1.0
AUD_USD,14,1,96.1,2.5,39.16,66.7,2,,
AUD_USD,14,2,93.9,2.5,37.44,66.9,2,,
AUD_USD,14,3,91.6,2.4,38.41,62.4,2,,
AUD_USD,14,5,300.8,2.5,120.18,49.0,2,,
AUD_USD,14,7,114.9,2.5,46.63,35.6,3,46.0,1.0
AUD_USD,20,1,92.9,2.2,42.51,8.7,3,38.5,1.0
AUD_USD,20,2,92.7,2.2,42.42,8.7,3,37.7,1.0
AUD_USD,20,3,92.5,2.2,42.33,8.7,3,37.5,1.0
AUD_USD,20,5,92.1,2.2,42.16,8.7,3,37.7,1.0
AUD_USD,20,7,91.7,2.2,41.99,8.6,3,36.4,1.0
AUD_USD,30,1,51.0,2.2,23.35,1.8,3,33.2,1.0
AUD_USD,30,2,51.0,2.2,23.33,1.8,3,33.3,1.0
AUD_USD,30,3,50.9,2.2,23.31,1.8,3,33.3,1.0
AUD_USD,30,5,50.9,2.2,23.27,1.8,3,33.7,1.0
AUD_USD,30,7,50.8,2.2,23.24,1.8,3,33.7,1.0
EUR_GBP,2,1,40.3,4.9,8.3,95.9,3,14.3,1.0
EUR_GBP,3,1,20.9,3.0,6.96,93.5,3,13.1,1.0
EUR_GBP,3,2,94.7,2.9,32.17,93.4,3,13.5,1.0
EUR_GBP,4,1,18.5,2.2,8.27,90.8,3,14.7,1.0
EUR_GBP,4,2,16.9,2.3,7.25,91.4,3,12.6,1.0
EUR_GBP,4,3,15.1,2.3,6.66,91.3,3,11.4,1.0
EUR_GBP,5,1,15.3,2.2,6.86,91.7,3,12.5,1.0
EUR_GBP,5,2,13.6,2.0,6.69,90.5,3,10.6,1.0
EUR_GBP,5,3,89.7,1.8,50.73,88.8,3,11.8,1.0
EUR_GBP,6,1,23.5,1.7,14.2,89.1,3,15.6,1.0
EUR_GBP,6,2,19.8,1.7,11.97,89.2,3,12.4,1.0
EUR_GBP,6,3,59.5,1.5,38.7,87.5,2,,
EUR_GBP,6,5,38.9,1.6,24.78,86.4,2,,
EUR_GBP,7,1,41.8,1.5,27.87,87.8,3,16.0,1.0
EUR_GBP,7,2,61.9,1.3,48.61,86.2,2,,
EUR_GBP,7,3,112.3,1.3,85.03,86.1,2,,
EUR_GBP,7,5,21.0,1.4,14.58,86.4,3,12.9,1.0
EUR_GBP,8,1,35.9,1.3,27.12,86.5,2,,
EUR_GBP,8,2,34.2,1.3,26.35,86.5,3,12.5,1.0
EUR_GBP,8,3,20.5,1.3,15.25,87.3,3,13.0,1.0
EUR_GBP,8,5,91.8,1.1,81.04,83.6,3,13.9,1.0
EUR_GBP,8,7,34.9,1.1,31.8,76.4,3,11.9,1.0
EUR_GBP,10,1,39.6,1.0,39.9,82.3,3,13.8,1.0
EUR_GBP,10,2,19.0,1.0,19.4,81.8,3,12.0,1.0
EUR_GBP,10,3,90.5,0.8,111.98,77.6,3,12.6,1.0
EUR_GBP,10,5,23.3,0.9,24.81,78.9,3,11.7,1.0
EUR_GBP,10,7,54.7,1.0,56.56,71.0,3,14.4,1.0
EUR_GBP,14,1,26.9,0.7,36.37,75.6,2,,
EUR_GBP,14,2,26.1,0.7,36.47,74.7,2,,
EUR_GBP,14,3,24.8,0.7,34.26,75.8,2,,
EUR_GBP,14,5,56.6,0.6,88.77,64.0,2,,
EUR_GBP,14,7,36.8,0.7,53.13,56.3,2,,
EUR_GBP,20,1,89.4,0.5,170.19,67.9,2,,
EUR_GBP,20,2,90.1,0.5,173.29,63.8,2,,
EUR_GBP,20,3,19.6,0.5,38.38,51.7,2,,
EUR_GBP,20,5,18.3,0.5,37.21,30.3,3,10.8,1.0
EUR_GBP,20,7,16.7,0.5,35.07,20.5,2,,
EUR_GBP,30,1,15.7,0.5,32.0,1.0,3,7.5,1.0
EUR_GBP,30,2,15.7,0.5,31.99,1.0,3,7.5,1.0
EUR_GBP,30,3,15.7,0.5,31.98,1.0,3,7.2,1.0
EUR_GBP,30,5,15.6,0.5,31.85,0.5,3,7.3,1.0
EUR_GBP,30,7,15.6,0.5,31.84,0.5,3,7.1,0.999
CAD_JPY,2,1,295.3,25.6,11.55,95.9,3,88.7,1.0
CAD_JPY,3,1,38.7,19.1,2.03,94.5,3,-48.0,0.796
CAD_JPY,3,2,20.9,19.0,1.1,94.4,3,-67.0,0.72
CAD_JPY,4,1,26.9,14.2,1.9,92.4,3,-58.9,0.75
CAD_JPY,4,2,14.1,14.2,0.99,92.4,3,-74.5,0.678
CAD_JPY,4,3,-35.6,14.5,-2.46,92.6,3,-147.1,0.358
CAD_JPY,5,1,68.2,11.7,5.81,90.9,3,35.2,1.0
CAD_JPY,5,2,55.8,11.6,4.81,90.7,3,23.7,0.997
CAD_JPY,5,3,46.9,11.5,4.08,90.8,3,15.5,0.99
CAD_JPY,6,1,80.6,9.8,8.2,89.4,3,63.4,1.0
CAD_JPY,6,2,72.8,9.9,7.31,89.4,2,,
CAD_JPY,6,3,78.2,9.7,8.07,89.0,2,,
CAD_JPY,6,5,8.6,9.9,0.87,88.1,3,-77.1,0.662
CAD_JPY,7,1,92.5,8.6,10.74,88.0,3,81.8,1.0
CAD_JPY,7,2,84.4,8.6,9.82,87.8,3,73.2,1.0
CAD_JPY,7,3,76.5,8.4,9.08,87.7,3,65.3,1.0
CAD_JPY,7,5,69.3,8.5,8.18,85.9,3,49.0,1.0
CAD_JPY,8,1,84.4,7.5,11.28,86.4,3,65.3,1.0
CAD_JPY,8,2,76.9,7.4,10.34,86.1,3,58.2,1.0
CAD_JPY,8,3,67.7,7.4,9.12,86.2,2,,
CAD_JPY,8,5,49.3,7.2,6.88,83.7,3,27.0,0.998
CAD_JPY,8,7,52.3,7.4,7.08,76.3,3,33.0,1.0
CAD_JPY,10,1,42.5,6.3,6.74,83.5,2,,
CAD_JPY,10,2,38.1,6.3,6.04,83.3,2,,
CAD_JPY,10,3,29.8,6.3,4.72,83.3,2,,
CAD_JPY,10,5,9.2,6.0,1.52,78.0,2,,
CAD_JPY,10,7,8.6,6.3,1.36,70.0,3,-77.1,0.654
CAD_JPY,14,1,38.9,5.1,7.64,48.5,2,,
CAD_JPY,14,2,36.5,5.1,7.16,48.5,2,,
CAD_JPY,14,3,33.8,5.1,6.65,48.5,2,,
CAD_JPY,14,5,27.3,5.0,5.49,45.7,2,,
CAD_JPY,14,7,16.8,4.8,3.53,38.7,3,-71.1,0.712
CAD_JPY,20,1,93.4,4.9,19.25,10.7,3,-10.7,0.934
CAD_JPY,20,2,92.8,4.8,19.14,10.6,3,-19.3,0.926
CAD_JPY,20,3,92.3,4.8,19.03,10.6,3,-10.9,0.932
CAD_JPY,20,5,91.3,4.8,18.82,10.6,3,-15.9,0.927
CAD_JPY,20,7,90.2,4.8,18.61,10.6,3,-18.0,0.922
CAD_JPY,30,1,-205.1,4.9,-42.18,2.5,3,-762.3,0.379
CAD_JPY,30,2,-205.3,4.9,-42.2,2.5,3,-763.1,0.356
CAD_JPY,30,3,-205.4,4.9,-42.23,2.5,3,-761.2,0.372
CAD_JPY,30,5,-205.6,4.9,-42.28,2.5,3,-759.8,0.372
CAD_JPY,30,7,-205.9,4.9,-42.32,2.5,3,-761.0,0.366
