pair,type,param,with_TP,trades,is_n,oos_n,is_net,oos_net,is_pd,oos_pd,oos_dd,oos_wr,wf_ok
USD_JPY,HMA,8.0,True,8805,5795,3010,-7171.6,-3822.2,-59.76,-63.7,-3845.6,40.3,False
USD_JPY,HMA,8.0,False,8527,5627,2900,-6629.6,-3345.3,-55.25,-55.76,-3371.1,39.2,False
USD_JPY,HMA,16.0,True,8795,5861,2934,-6986.5,-3700.2,-58.22,-61.67,-3710.0,40.7,False
USD_JPY,HMA,16.0,False,8534,5698,2836,-6748.9,-3231.9,-56.24,-53.86,-3242.4,39.7,False
USD_JPY,HMA,32.0,True,6284,4119,2165,-4819.9,-2653.9,-40.17,-44.23,-2710.3,42.5,False
USD_JPY,HMA,32.0,False,5963,3921,2042,-4500.7,-2191.6,-37.51,-36.53,-2315.1,40.5,False
USD_JPY,HMA,64.0,True,3179,2049,1130,-2327.5,-1421.2,-19.4,-23.69,-1660.0,44.2,False
USD_JPY,HMA,64.0,False,2824,1827,997,-1865.8,-889.4,-15.55,-14.82,-1271.3,38.9,False
USD_JPY,KAL,0.001,True,1227,809,418,-1055.2,-111.2,-8.79,-1.85,-679.3,56.0,False
USD_JPY,KAL,0.001,False,829,571,258,-519.1,286.8,-4.33,4.78,-420.0,35.7,False
USD_JPY,KAL,0.01,True,1410,860,550,-717.8,-516.8,-5.98,-8.61,-705.9,51.8,False
USD_JPY,KAL,0.01,False,1017,615,402,-357.4,-65.9,-2.98,-1.1,-407.7,39.1,False
USD_JPY,KAL,0.1,True,4545,2843,1702,-3249.5,-2101.4,-27.08,-35.02,-2174.9,43.1,False
USD_JPY,KAL,0.1,False,4167,2605,1562,-2896.3,-1623.0,-24.14,-27.05,-1781.5,40.1,False
USD_JPY,KAL,1.0,True,6881,4520,2361,-5473.7,-2988.4,-45.61,-49.81,-3057.9,41.0,False
USD_JPY,KAL,1.0,False,6525,4300,2225,-5161.8,-2501.2,-43.01,-41.69,-2578.0,39.4,False
EUR_JPY,HMA,8.0,True,8442,5465,2977,-8598.0,-4522.0,-71.65,-75.37,-4593.5,38.1,False
EUR_JPY,HMA,8.0,False,8210,5332,2878,-8163.6,-4122.6,-68.03,-68.71,-4194.7,37.0,False
EUR_JPY,HMA,16.0,True,8657,5752,2905,-9166.9,-4220.0,-76.39,-70.33,-4289.4,38.4,False
EUR_JPY,HMA,16.0,False,8418,5618,2800,-8670.2,-3922.2,-72.25,-65.37,-3985.1,36.9,False
EUR_JPY,HMA,32.0,True,6277,4183,2094,-6776.9,-3068.0,-56.47,-51.13,-3137.4,39.3,False
EUR_JPY,HMA,32.0,False,6005,4030,1975,-6270.4,-2787.4,-52.25,-46.46,-2942.4,36.9,False
EUR_JPY,HMA,64.0,True,3357,2183,1174,-3838.7,-1550.8,-31.99,-25.85,-1778.1,41.7,False
EUR_JPY,HMA,64.0,False,3040,2002,1038,-3296.3,-1344.6,-27.47,-22.41,-1651.4,35.9,False
EUR_JPY,KAL,0.001,True,1320,815,505,-1465.0,-394.7,-12.21,-6.58,-905.2,52.5,False
EUR_JPY,KAL,0.001,False,991,618,373,-880.1,-126.9,-7.33,-2.11,-663.7,38.9,False
EUR_JPY,KAL,0.01,True,1697,971,726,-1753.6,-906.6,-14.61,-15.11,-1248.5,47.1,False
EUR_JPY,KAL,0.01,False,1345,764,581,-1172.3,-667.4,-9.77,-11.12,-1027.7,36.8,False
EUR_JPY,KAL,0.1,True,4582,2931,1651,-4881.5,-2375.8,-40.68,-39.6,-2592.9,40.2,False
EUR_JPY,KAL,0.1,False,4261,2749,1512,-4410.3,-2007.0,-36.75,-33.45,-2285.9,36.8,False
EUR_JPY,KAL,1.0,True,6622,4297,2325,-6856.7,-3398.1,-57.14,-56.64,-3467.5,39.0,False
EUR_JPY,KAL,1.0,False,6316,4126,2190,-6319.2,-3072.7,-52.66,-51.21,-3138.4,37.1,False
GBP_JPY,HMA,8.0,True,8668,5679,2989,-14114.5,-7639.9,-117.62,-127.33,-7660.7,36.1,False
GBP_JPY,HMA,8.0,False,8334,5494,2840,-13175.6,-6994.7,-109.8,-116.58,-7014.7,34.0,False
GBP_JPY,HMA,16.0,True,8896,5855,3041,-14561.9,-7718.3,-121.35,-128.64,-7739.1,36.8,False
GBP_JPY,HMA,16.0,False,8581,5670,2911,-13685.1,-7182.7,-114.04,-119.71,-7198.1,35.1,False
GBP_JPY,HMA,32.0,True,6386,4216,2170,-10406.1,-5447.0,-86.72,-90.78,-5467.8,37.5,False
GBP_JPY,HMA,32.0,False,6004,3992,2012,-9512.7,-5039.6,-79.27,-83.99,-5052.2,33.7,False
GBP_JPY,HMA,64.0,True,2990,1878,1112,-4589.8,-3060.5,-38.25,-51.01,-3094.0,43.1,False
GBP_JPY,HMA,64.0,False,2553,1623,930,-3550.8,-2515.5,-29.59,-41.93,-2562.1,34.5,False
GBP_JPY,KAL,0.001,True,1427,1020,407,-3095.9,-787.2,-25.8,-13.12,-1018.9,62.7,False
GBP_JPY,KAL,0.001,False,981,763,218,-1986.3,-334.7,-16.55,-5.58,-672.9,39.4,False
GBP_JPY,KAL,0.01,True,2047,1337,710,-3627.1,-1907.3,-30.23,-31.79,-2092.9,51.1,False
GBP_JPY,KAL,0.01,False,1600,1076,524,-2623.8,-1299.8,-21.86,-21.66,-1532.6,37.8,False
GBP_JPY,KAL,0.1,True,4892,3220,1672,-8073.2,-4281.2,-67.28,-71.35,-4308.9,38.8,False
GBP_JPY,KAL,0.1,False,4455,2963,1492,-7046.6,-3773.1,-58.72,-62.89,-3818.4,33.6,False
GBP_JPY,KAL,1.0,True,6997,4583,2414,-11476.8,-6209.9,-95.64,-103.5,-6230.7,36.8,False
GBP_JPY,KAL,1.0,False,6572,4336,2236,-10392.7,-5606.5,-86.61,-93.44,-5621.9,34.0,False
AUD_JPY,HMA,8.0,True,8721,5711,3010,-7962.5,-3968.9,-66.35,-66.15,-3978.4,39.8,False
AUD_JPY,HMA,8.0,False,8527,5617,2910,-7663.7,-3864.3,-63.86,-64.41,-3873.8,39.0,False
AUD_JPY,HMA,16.0,True,8644,5651,2993,-7916.5,-4004.2,-65.97,-66.74,-4005.3,39.0,False
AUD_JPY,HMA,16.0,False,8436,5545,2891,-7500.1,-3924.2,-62.5,-65.4,-3925.2,38.0,False
AUD_JPY,HMA,32.0,True,6284,4034,2250,-5722.0,-3080.1,-47.68,-51.33,-3083.8,40.2,False
AUD_JPY,HMA,32.0,False,6055,3915,2140,-5342.0,-2862.1,-44.52,-47.7,-2883.2,38.4,False
AUD_JPY,HMA,64.0,True,3111,2107,1004,-2846.5,-1175.2,-23.72,-19.59,-1372.8,44.9,False
AUD_JPY,HMA,64.0,False,2835,1961,874,-2384.6,-1082.7,-19.87,-18.05,-1255.2,39.6,False
AUD_JPY,KAL,0.001,True,1066,624,442,-552.5,-475.7,-4.6,-7.93,-855.6,53.6,False
AUD_JPY,KAL,0.001,False,770,461,309,-25.6,-309.2,-0.21,-5.15,-736.3,38.8,False
AUD_JPY,KAL,0.01,True,1602,985,617,-1386.8,-848.9,-11.56,-14.15,-1321.0,50.7,False
AUD_JPY,KAL,0.01,False,1291,817,474,-907.2,-601.9,-7.56,-10.03,-1149.9,40.1,False
AUD_JPY,KAL,0.1,True,4550,2972,1578,-4351.6,-2075.1,-36.26,-34.59,-2158.2,42.0,False
AUD_JPY,KAL,0.1,False,4261,2825,1436,-3833.9,-1894.5,-31.95,-31.57,-2002.3,38.7,False
AUD_JPY,KAL,1.0,True,6783,4407,2376,-6226.8,-3198.8,-51.89,-53.31,-3208.3,40.2,False
AUD_JPY,KAL,1.0,False,6516,4266,2250,-5708.4,-3017.0,-47.57,-50.28,-3026.5,38.8,False
EUR_USD,HMA,8.0,True,8669,5644,3025,-6235.6,-2918.9,-51.96,-48.65,-2962.5,34.9,False
EUR_USD,HMA,8.0,False,8551,5579,2972,-6139.3,-2814.6,-51.16,-46.91,-2862.0,34.4,False
EUR_USD,HMA,16.0,True,8371,5496,2875,-6067.9,-2842.9,-50.57,-47.38,-2887.6,34.4,False
EUR_USD,HMA,16.0,False,8246,5429,2817,-5957.2,-2702.0,-49.64,-45.03,-2744.0,33.8,False
EUR_USD,HMA,32.0,True,5877,3918,1959,-4398.6,-1909.0,-36.65,-31.82,-1987.2,35.7,False
EUR_USD,HMA,32.0,False,5730,3844,1886,-4280.7,-1737.4,-35.67,-28.96,-1817.7,34.4,False
EUR_USD,HMA,64.0,True,2601,1710,891,-1950.5,-769.0,-16.25,-12.82,-965.9,39.1,False
EUR_USD,HMA,64.0,False,2415,1611,804,-1798.0,-572.5,-14.98,-9.54,-795.8,35.7,False
EUR_USD,KAL,0.001,True,1120,747,373,-935.6,-322.8,-7.8,-5.38,-655.0,45.0,False
EUR_USD,KAL,0.001,False,863,581,282,-666.9,-173.0,-5.56,-2.88,-476.1,31.6,False
EUR_USD,KAL,0.01,True,1483,995,488,-1305.7,-428.3,-10.88,-7.14,-634.7,43.6,False
EUR_USD,KAL,0.01,False,1286,889,397,-1177.9,-242.7,-9.82,-4.05,-468.1,36.5,False
EUR_USD,KAL,0.1,True,4300,2802,1498,-3265.5,-1380.2,-27.21,-23.0,-1486.2,36.6,False
EUR_USD,KAL,0.1,False,4117,2704,1413,-3140.1,-1210.1,-26.17,-20.17,-1327.9,34.8,False
EUR_USD,KAL,1.0,True,6546,4307,2239,-4740.8,-2139.8,-39.51,-35.66,-2213.6,35.4,False
EUR_USD,KAL,1.0,False,6378,4216,2162,-4648.2,-1979.7,-38.74,-33.0,-2056.4,34.5,False
GBP_USD,HMA,8.0,True,8935,5804,3131,-8689.8,-4376.3,-72.41,-72.94,-4422.2,34.6,False
GBP_USD,HMA,8.0,False,8761,5714,3047,-8573.1,-4213.9,-71.44,-70.23,-4220.4,33.9,False
GBP_USD,HMA,16.0,True,8828,5701,3127,-8590.3,-4297.3,-71.59,-71.62,-4335.0,34.5,False
GBP_USD,HMA,16.0,False,8653,5602,3051,-8549.3,-4148.0,-71.24,-69.13,-4171.6,33.8,False
GBP_USD,HMA,32.0,True,6411,4192,2219,-6505.3,-2937.3,-54.21,-48.95,-2984.1,36.0,False
GBP_USD,HMA,32.0,False,6196,4073,2123,-6365.6,-2790.3,-53.05,-46.51,-2841.0,34.5,False
GBP_USD,HMA,64.0,True,3067,2078,989,-3181.5,-1156.9,-26.51,-19.28,-1346.1,39.5,False
GBP_USD,HMA,64.0,False,2807,1936,871,-3102.9,-895.0,-25.86,-14.92,-1103.4,34.8,False
GBP_USD,KAL,0.001,True,1513,929,584,-1594.2,-627.6,-13.28,-10.46,-1109.2,45.2,False
GBP_USD,KAL,0.001,False,1238,769,469,-1293.6,-372.3,-10.78,-6.2,-840.1,34.5,False
GBP_USD,KAL,0.01,True,1647,1083,564,-1719.3,-786.3,-14.33,-13.1,-1154.3,46.5,False
GBP_USD,KAL,0.01,False,1366,924,442,-1503.9,-530.0,-12.53,-8.83,-911.8,36.7,False
GBP_USD,KAL,0.1,True,4611,3027,1584,-4771.1,-2038.5,-39.76,-33.97,-2135.7,37.1,False
GBP_USD,KAL,0.1,False,4353,2887,1466,-4633.9,-1857.3,-38.62,-30.96,-1960.9,34.7,False
GBP_USD,KAL,1.0,True,6974,4592,2382,-6943.5,-3153.2,-57.86,-52.55,-3252.1,34.7,False
GBP_USD,KAL,1.0,False,6748,4475,2273,-6775.4,-2969.7,-56.46,-49.5,-3023.6,33.5,False
CAD_JPY,HMA,8.0,True,8475,5564,2911,-8510.9,-4398.2,-70.92,-73.3,-4404.2,32.7,False
CAD_JPY,HMA,8.0,False,8328,5477,2851,-8316.4,-4222.7,-69.3,-70.38,-4228.7,32.1,False
CAD_JPY,HMA,16.0,True,8585,5620,2965,-8523.9,-4577.5,-71.03,-76.29,-4588.0,32.7,False
CAD_JPY,HMA,16.0,False,8420,5518,2902,-8180.1,-4401.0,-68.17,-73.35,-4411.5,32.0,False
CAD_JPY,HMA,32.0,True,6266,4149,2117,-6226.0,-3267.3,-51.88,-54.46,-3279.2,34.9,False
CAD_JPY,HMA,32.0,False,6068,4025,2043,-5806.6,-3075.4,-48.39,-51.26,-3087.2,33.8,False
CAD_JPY,HMA,64.0,True,3153,2033,1120,-2984.4,-1710.1,-24.87,-28.5,-1730.8,35.4,False
CAD_JPY,HMA,64.0,False,2922,1889,1033,-2590.4,-1500.1,-21.59,-25.0,-1522.4,31.9,False
CAD_JPY,KAL,0.001,True,1123,663,460,-724.9,-528.0,-6.04,-8.8,-671.8,43.7,False
CAD_JPY,KAL,0.001,False,852,501,351,-201.8,-323.8,-1.68,-5.4,-485.2,32.2,False
CAD_JPY,KAL,0.01,True,1425,883,542,-932.1,-667.3,-7.77,-11.12,-707.2,41.9,False
CAD_JPY,KAL,0.01,False,1163,717,446,-513.2,-447.9,-4.28,-7.46,-538.4,34.8,False
CAD_JPY,KAL,0.1,True,4447,2875,1572,-4177.9,-2376.2,-34.82,-39.6,-2396.9,34.4,False
CAD_JPY,KAL,0.1,False,4212,2732,1480,-3793.9,-2159.4,-31.62,-35.99,-2181.7,32.4,False
CAD_JPY,KAL,1.0,True,6675,4342,2333,-6502.3,-3563.5,-54.19,-59.39,-3574.8,33.3,False
CAD_JPY,KAL,1.0,False,6465,4212,2253,-6128.8,-3330.1,-51.07,-55.5,-3341.4,32.4,False
AUD_USD,HMA,8.0,True,8984,5902,3082,-6014.7,-2816.1,-50.12,-46.94,-2869.5,37.9,False
AUD_USD,HMA,8.0,False,8900,5876,3024,-5992.5,-2657.7,-49.94,-44.3,-2730.3,37.4,False
AUD_USD,HMA,16.0,True,8758,5790,2968,-5897.8,-2828.2,-49.15,-47.14,-2856.7,38.5,False
AUD_USD,HMA,16.0,False,8680,5761,2919,-5842.3,-2679.0,-48.69,-44.65,-2726.8,38.1,False
AUD_USD,HMA,32.0,True,6634,4277,2357,-4421.2,-2223.3,-36.84,-37.06,-2278.9,38.8,False
AUD_USD,HMA,32.0,False,6531,4234,2297,-4348.9,-2069.6,-36.24,-34.49,-2150.6,38.3,False
AUD_USD,HMA,64.0,True,3192,2043,1149,-2274.3,-1146.8,-18.95,-19.11,-1250.4,40.9,False
AUD_USD,HMA,64.0,False,3054,1981,1073,-2208.0,-971.4,-18.4,-16.19,-1102.1,39.0,False
AUD_USD,KAL,0.001,True,1116,725,391,-880.8,-290.1,-7.34,-4.83,-667.7,50.1,False
AUD_USD,KAL,0.001,False,890,648,242,-811.2,-109.6,-6.76,-1.83,-579.2,38.0,False
AUD_USD,KAL,0.01,True,1436,936,500,-1193.8,-333.7,-9.95,-5.56,-707.1,45.6,False
AUD_USD,KAL,0.01,False,1279,861,418,-1085.6,-228.6,-9.05,-3.81,-669.0,40.0,False
AUD_USD,KAL,0.1,True,4627,3031,1596,-3194.9,-1515.3,-26.62,-25.25,-1597.3,39.4,False
AUD_USD,KAL,0.1,False,4498,2976,1522,-3137.2,-1311.7,-26.14,-21.86,-1419.2,38.5,False
AUD_USD,KAL,1.0,True,7024,4570,2454,-4718.8,-2265.9,-39.32,-37.77,-2332.1,38.6,False
AUD_USD,KAL,1.0,False,6921,4533,2388,-4675.2,-2117.8,-38.96,-35.3,-2201.7,38.2,False
EUR_GBP,HMA,8.0,True,8007,5535,2472,-6971.8,-3067.6,-58.1,-51.13,-3065.9,20.9,False
EUR_GBP,HMA,8.0,False,7984,5522,2462,-6966.6,-3046.3,-58.05,-50.77,-3044.6,20.8,False
EUR_GBP,HMA,16.0,True,8368,5628,2740,-7105.4,-3352.4,-59.21,-55.87,-3350.7,20.0,False
EUR_GBP,HMA,16.0,False,8342,5614,2728,-7102.6,-3339.6,-59.19,-55.66,-3337.9,20.0,False
EUR_GBP,HMA,32.0,True,5941,3995,1946,-5149.6,-2411.6,-42.91,-40.19,-2410.4,19.4,False
EUR_GBP,HMA,32.0,False,5907,3974,1933,-5143.4,-2403.5,-42.86,-40.06,-2402.3,19.2,False
EUR_GBP,HMA,64.0,True,2645,1865,780,-2582.0,-1039.5,-21.52,-17.33,-1041.7,21.4,False
EUR_GBP,HMA,64.0,False,2593,1831,762,-2555.2,-1022.1,-21.29,-17.04,-1024.1,20.7,False
EUR_GBP,KAL,0.001,True,1128,743,385,-1227.3,-466.2,-10.23,-7.77,-465.0,21.8,False
EUR_GBP,KAL,0.001,False,1061,699,362,-1183.2,-409.9,-9.86,-6.83,-408.7,19.3,False
EUR_GBP,KAL,0.01,True,1550,1025,525,-1611.3,-716.4,-13.43,-11.94,-719.1,24.2,False
EUR_GBP,KAL,0.01,False,1492,985,507,-1582.1,-697.4,-13.18,-11.62,-699.9,23.5,False
EUR_GBP,KAL,0.1,True,4414,2956,1458,-3896.7,-1830.4,-32.47,-30.51,-1829.2,21.1,False
EUR_GBP,KAL,0.1,False,4375,2930,1445,-3887.6,-1812.4,-32.4,-30.21,-1811.2,20.8,False
EUR_GBP,KAL,1.0,True,6515,4438,2077,-5667.1,-2574.3,-47.23,-42.91,-2572.6,20.8,False
EUR_GBP,KAL,1.0,False,6482,4417,2065,-5660.3,-2548.4,-47.17,-42.47,-2546.7,20.9,False
NZD_USD,HMA,8.0,True,8727,5735,2992,-7211.1,-3474.3,-60.09,-57.9,-3484.6,32.9,False
NZD_USD,HMA,8.0,False,8674,5713,2961,-7121.8,-3443.4,-59.35,-57.39,-3453.7,32.7,False
NZD_USD,HMA,16.0,True,8332,5491,2841,-6890.1,-3445.5,-57.42,-57.42,-3444.8,32.8,False
NZD_USD,HMA,16.0,False,8271,5465,2806,-6795.3,-3370.0,-56.63,-56.17,-3369.3,32.8,False
NZD_USD,HMA,32.0,True,5878,3824,2054,-4884.9,-2508.6,-40.71,-41.81,-2514.0,32.5,False
NZD_USD,HMA,32.0,False,5798,3790,2008,-4776.3,-2404.6,-39.8,-40.08,-2404.6,32.5,False
NZD_USD,HMA,64.0,True,2929,1935,994,-2634.4,-1262.9,-21.95,-21.05,-1354.0,33.6,False
NZD_USD,HMA,64.0,False,2826,1885,941,-2513.6,-1151.3,-20.95,-19.19,-1270.1,32.4,False
NZD_USD,KAL,0.001,True,981,707,274,-1085.0,-246.0,-9.04,-4.1,-577.8,41.6,False
NZD_USD,KAL,0.001,False,853,641,212,-865.6,-104.4,-7.21,-1.74,-463.9,29.7,False
NZD_USD,KAL,0.01,True,1441,962,479,-1518.5,-619.6,-12.65,-10.33,-785.8,35.5,False
NZD_USD,KAL,0.01,False,1327,906,421,-1378.4,-506.7,-11.49,-8.44,-691.6,31.8,False
NZD_USD,KAL,0.1,True,4529,2916,1613,-3812.0,-1973.0,-31.77,-32.88,-2020.4,32.8,False
NZD_USD,KAL,0.1,False,4421,2868,1553,-3686.8,-1860.5,-30.72,-31.01,-1922.0,32.5,False
NZD_USD,KAL,1.0,True,6724,4425,2299,-5620.1,-2742.9,-46.83,-45.71,-2758.6,33.1,False
NZD_USD,KAL,1.0,False,6635,4387,2248,-5517.8,-2696.7,-45.98,-44.94,-2712.4,32.9,False
