rep_id,tf_label,pair,sma,tp_pips,sl_mode,sl_param,days,trades,is_n,oos_n,is_net,oos_net,is_pd,oos_pd,oos_dd,oos_wr,r_tp,r_sl,r_sl_frac
30bb3bff76bf,S5/M10/M30,USD_JPY,5/10/22,15.0,none,0.0,294.5,217,140,77,1923.6,1058.0,9.8,10.78,0.0,100.0,217,0,0.0
30bb3bff76bf,S5/M10/M30,USD_JPY,5/10/22,15.0,sl_30p,30.0,294.5,406,272,134,-807.7,-93.8,-4.11,-0.96,-184.1,67.9,262,144,0.3547
30bb3bff76bf,S5/M10/M30,USD_JPY,5/10/22,15.0,sl_50p,50.0,294.5,389,264,125,-532.6,-37.5,-2.71,-0.38,-197.6,78.4,298,91,0.2339
30bb3bff76bf,S5/M10/M30,USD_JPY,5/10/22,15.0,sl_80p,80.0,294.5,367,252,115,-1192.5,155.1,-6.07,1.58,-281.5,87.0,303,64,0.1744
30bb3bff76bf,S5/M10/M30,USD_JPY,5/10/22,15.0,sl_100p,100.0,294.5,347,239,108,-1316.1,333.9,-6.7,3.4,-248.8,90.7,297,50,0.1441
30bb3bff76bf,S5/M10/M30,USD_JPY,5/10/22,15.0,sl_150p,150.0,294.5,309,214,95,-1349.6,645.3,-6.87,6.57,-151.3,95.8,279,30,0.0971
30bb3bff76bf,S5/M10/M30,USD_JPY,5/10/22,15.0,sl_200p,200.0,294.5,280,189,91,16.9,1250.3,0.09,12.74,0.0,100.0,268,12,0.0429
30bb3bff76bf,S5/M10/M30,USD_JPY,5/10/22,15.0,sl_1.0xATR,1.0,294.5,481,317,164,-512.3,91.4,-2.61,0.93,-108.2,43.9,194,287,0.5967
30bb3bff76bf,S5/M10/M30,USD_JPY,5/10/22,15.0,sl_1.5xATR,1.5,294.5,440,286,154,-396.5,88.9,-2.02,0.91,-112.2,51.9,222,218,0.4955
30bb3bff76bf,S5/M10/M30,USD_JPY,5/10/22,15.0,sl_2.0xATR,2.0,294.5,425,276,149,-694.0,-104.4,-3.54,-1.06,-171.3,54.4,230,195,0.4588
30bb3bff76bf,S5/M10/M30,USD_JPY,5/10/22,15.0,sl_3.0xATR,3.0,294.5,411,271,140,-773.5,-95.8,-3.94,-0.98,-200.9,64.3,261,150,0.365
a237cb171d85,S5/S30/M5,USD_JPY,7/22/50,20.0,none,0.0,294.5,127,57,70,1068.2,1186.2,5.44,12.08,-106.9,98.6,126,0,0.0
a237cb171d85,S5/S30/M5,USD_JPY,7/22/50,20.0,sl_30p,30.0,294.5,1460,1052,408,14.5,-510.0,0.07,-5.2,-510.3,60.0,902,557,0.3815
a237cb171d85,S5/S30/M5,USD_JPY,7/22/50,20.0,sl_50p,50.0,294.5,1174,869,305,-24.9,103.4,-0.13,1.05,-655.4,73.8,860,313,0.2666
a237cb171d85,S5/S30/M5,USD_JPY,7/22/50,20.0,sl_80p,80.0,294.5,914,682,232,980.7,541.8,5.0,5.52,-400.5,83.6,757,156,0.1707
a237cb171d85,S5/S30/M5,USD_JPY,7/22/50,20.0,sl_100p,100.0,294.5,807,594,213,691.6,145.7,3.52,1.48,-631.2,85.0,687,119,0.1475
a237cb171d85,S5/S30/M5,USD_JPY,7/22/50,20.0,sl_150p,150.0,294.5,616,453,163,-10.8,-351.3,-0.05,-3.58,-748.3,87.7,545,70,0.1136
a237cb171d85,S5/S30/M5,USD_JPY,7/22/50,20.0,sl_200p,200.0,294.5,491,363,128,-457.4,632.8,-2.33,6.45,-402.5,93.8,449,41,0.0835
a237cb171d85,S5/S30/M5,USD_JPY,7/22/50,20.0,sl_1.0xATR,1.0,294.5,3204,2205,999,-2862.6,-1436.4,-14.58,-14.63,-1453.7,7.3,286,2918,0.9107
a237cb171d85,S5/S30/M5,USD_JPY,7/22/50,20.0,sl_1.5xATR,1.5,294.5,2733,1874,859,-2444.0,-1225.3,-12.45,-12.48,-1240.0,10.8,354,2379,0.8705
a237cb171d85,S5/S30/M5,USD_JPY,7/22/50,20.0,sl_2.0xATR,2.0,294.5,2509,1729,780,-1974.7,-1105.1,-10.06,-11.26,-1118.8,14.1,427,2082,0.8298
a237cb171d85,S5/S30/M5,USD_JPY,7/22/50,20.0,sl_3.0xATR,3.0,294.5,2285,1582,703,-1832.1,-1210.6,-9.33,-12.33,-1222.6,19.1,528,1756,0.7685
ba2988590380,S5/M1/M15,EUR_USD,7/15/35,20.0,none,0.0,478.2,157,77,80,1461.5,1440.3,4.58,9.04,-59.2,98.8,156,0,0.0
ba2988590380,S5/M1/M15,EUR_USD,7/15/35,20.0,sl_30p,30.0,478.2,948,645,303,-2057.9,-469.4,-6.46,-2.95,-629.5,58.7,537,410,0.4325
ba2988590380,S5/M1/M15,EUR_USD,7/15/35,20.0,sl_50p,50.0,478.2,718,495,223,-1244.9,-407.8,-3.91,-2.56,-593.6,70.0,499,218,0.3036
ba2988590380,S5/M1/M15,EUR_USD,7/15/35,20.0,sl_80p,80.0,478.2,534,373,161,-620.5,-22.4,-1.95,-0.14,-476.5,80.7,426,107,0.2004
ba2988590380,S5/M1/M15,EUR_USD,7/15/35,20.0,sl_100p,100.0,478.2,442,307,135,-1133.1,-275.8,-3.55,-1.73,-591.4,82.2,360,81,0.1833
ba2988590380,S5/M1/M15,EUR_USD,7/15/35,20.0,sl_150p,150.0,478.2,318,214,104,-1548.3,365.8,-4.86,2.29,-678.4,90.4,275,42,0.1321
ba2988590380,S5/M1/M15,EUR_USD,7/15/35,20.0,sl_200p,200.0,478.2,252,166,86,-809.3,1114.1,-2.54,6.99,-307.1,96.5,231,20,0.0794
ba2988590380,S5/M1/M15,EUR_USD,7/15/35,20.0,sl_1.0xATR,1.0,478.2,2186,1469,717,-1704.1,-1017.7,-5.35,-6.39,-1036.8,6.4,165,2021,0.9245
ba2988590380,S5/M1/M15,EUR_USD,7/15/35,20.0,sl_1.5xATR,1.5,478.2,1844,1233,611,-1568.7,-1001.5,-4.92,-6.28,-1079.9,9.2,197,1647,0.8932
ba2988590380,S5/M1/M15,EUR_USD,7/15/35,20.0,sl_2.0xATR,2.0,478.2,1709,1151,558,-1774.0,-1044.4,-5.56,-6.55,-1116.9,11.6,223,1486,0.8695
ba2988590380,S5/M1/M15,EUR_USD,7/15/35,20.0,sl_3.0xATR,3.0,478.2,1559,1047,512,-1922.3,-1095.6,-6.03,-6.87,-1210.2,16.8,285,1274,0.8172
f5ea18b318f2,S5/S30/M5,GBP_USD,5/15/35,15.0,none,0.0,286.5,123,70,53,949.2,633.7,4.97,6.64,-71.4,98.1,122,0,0.0
f5ea18b318f2,S5/S30/M5,GBP_USD,5/15/35,15.0,sl_30p,30.0,286.5,1305,844,461,-1830.4,-1353.8,-9.58,-14.18,-1413.6,63.3,841,464,0.3556
f5ea18b318f2,S5/S30/M5,GBP_USD,5/15/35,15.0,sl_50p,50.0,286.5,946,622,324,-1640.7,-950.6,-8.59,-9.95,-1087.0,74.4,708,237,0.2505
f5ea18b318f2,S5/S30/M5,GBP_USD,5/15/35,15.0,sl_80p,80.0,286.5,648,424,224,-615.6,-667.6,-3.22,-6.99,-1087.5,82.6,542,106,0.1636
f5ea18b318f2,S5/S30/M5,GBP_USD,5/15/35,15.0,sl_100p,100.0,286.5,552,358,194,-1010.5,-444.4,-5.29,-4.65,-719.5,86.1,474,77,0.1395
f5ea18b318f2,S5/S30/M5,GBP_USD,5/15/35,15.0,sl_150p,150.0,286.5,390,258,132,363.5,-770.1,1.9,-8.06,-942.7,87.9,355,34,0.0872
f5ea18b318f2,S5/S30/M5,GBP_USD,5/15/35,15.0,sl_200p,200.0,286.5,318,217,101,-67.5,-650.4,-0.35,-6.81,-945.1,90.1,294,23,0.0723
f5ea18b318f2,S5/S30/M5,GBP_USD,5/15/35,15.0,sl_1.0xATR,1.0,286.5,3318,2162,1156,-3315.7,-1492.0,-17.36,-15.62,-1490.3,10.3,307,3011,0.9075
f5ea18b318f2,S5/S30/M5,GBP_USD,5/15/35,15.0,sl_1.5xATR,1.5,286.5,2886,1884,1002,-3181.3,-1303.4,-16.66,-13.65,-1316.1,14.2,365,2521,0.8735
f5ea18b318f2,S5/S30/M5,GBP_USD,5/15/35,15.0,sl_2.0xATR,2.0,286.5,2671,1744,927,-3221.9,-1424.7,-16.87,-14.92,-1435.8,16.5,410,2261,0.8465
f5ea18b318f2,S5/S30/M5,GBP_USD,5/15/35,15.0,sl_3.0xATR,3.0,286.5,2454,1610,844,-3147.2,-1342.1,-16.48,-14.05,-1383.0,23.0,526,1928,0.7857
268d48dadd94,S5/S30/M5/H1,EUR_JPY,7/10/50,15.0,none,0.0,298.9,111,58,53,783.0,715.5,3.93,7.18,0.0,100.0,111,0,0.0
268d48dadd94,S5/S30/M5/H1,EUR_JPY,7/10/50,15.0,sl_30p,30.0,298.9,178,116,62,-369.0,252.0,-1.85,2.53,-126.0,79.0,122,56,0.3146
268d48dadd94,S5/S30/M5/H1,EUR_JPY,7/10/50,15.0,sl_50p,50.0,298.9,177,115,62,-722.5,382.0,-3.63,3.83,-103.0,88.7,135,42,0.2373
268d48dadd94,S5/S30/M5/H1,EUR_JPY,7/10/50,15.0,sl_80p,80.0,298.9,172,112,60,-673.0,430.0,-3.38,4.32,-163.0,93.3,145,27,0.157
268d48dadd94,S5/S30/M5/H1,EUR_JPY,7/10/50,15.0,sl_100p,100.0,298.9,170,110,60,-930.0,350.0,-4.67,3.51,-203.0,93.3,145,25,0.1471
268d48dadd94,S5/S30/M5/H1,EUR_JPY,7/10/50,15.0,sl_150p,150.0,298.9,158,102,56,-603.0,426.0,-3.03,4.28,-222.0,96.4,144,14,0.0886
268d48dadd94,S5/S30/M5/H1,EUR_JPY,7/10/50,15.0,sl_200p,200.0,298.9,152,97,55,-410.5,312.5,-2.06,3.14,-335.5,96.4,142,10,0.0658
268d48dadd94,S5/S30/M5/H1,EUR_JPY,7/10/50,15.0,sl_1.0xATR,1.0,298.9,245,145,100,-351.0,-149.7,-1.76,-1.5,-148.8,11.0,21,224,0.9143
268d48dadd94,S5/S30/M5/H1,EUR_JPY,7/10/50,15.0,sl_1.5xATR,1.5,298.9,212,129,83,-315.0,-130.0,-1.58,-1.3,-136.8,15.7,29,183,0.8632
268d48dadd94,S5/S30/M5/H1,EUR_JPY,7/10/50,15.0,sl_2.0xATR,2.0,298.9,198,125,73,-253.1,-7.3,-1.27,-0.07,-110.0,27.4,44,154,0.7778
268d48dadd94,S5/S30/M5/H1,EUR_JPY,7/10/50,15.0,sl_3.0xATR,3.0,298.9,192,122,70,-281.5,-11.5,-1.41,-0.12,-108.1,32.9,54,138,0.7188
9eda87cef382,S5/M1/M5/H1,EUR_JPY,7/10/35,15.0,none,0.0,298.9,120,68,52,918.0,702.0,4.61,7.05,0.0,100.0,120,0,0.0
9eda87cef382,S5/M1/M5/H1,EUR_JPY,7/10/35,15.0,sl_30p,30.0,298.9,192,127,65,-220.5,157.5,-1.11,1.58,-171.0,75.4,133,59,0.3073
9eda87cef382,S5/M1/M5/H1,EUR_JPY,7/10/35,15.0,sl_50p,50.0,298.9,190,125,65,-327.5,-32.5,-1.64,-0.33,-266.0,78.5,145,45,0.2368
9eda87cef382,S5/M1/M5/H1,EUR_JPY,7/10/35,15.0,sl_80p,80.0,298.9,187,123,64,-334.5,-86.0,-1.68,-0.86,-299.5,84.4,156,31,0.1658
9eda87cef382,S5/M1/M5/H1,EUR_JPY,7/10/35,15.0,sl_100p,100.0,298.9,179,120,59,-220.0,-123.5,-1.1,-1.24,-237.0,86.4,155,24,0.1341
9eda87cef382,S5/M1/M5/H1,EUR_JPY,7/10/35,15.0,sl_150p,150.0,298.9,165,112,53,-633.0,385.5,-3.18,3.87,-151.5,96.2,150,15,0.0909
9eda87cef382,S5/M1/M5/H1,EUR_JPY,7/10/35,15.0,sl_200p,200.0,298.9,157,105,52,-517.5,487.0,-2.6,4.89,-201.5,98.1,147,10,0.0637
9eda87cef382,S5/M1/M5/H1,EUR_JPY,7/10/35,15.0,sl_1.0xATR,1.0,298.9,261,173,88,-366.9,-117.4,-1.84,-1.18,-130.9,17.0,39,222,0.8506
9eda87cef382,S5/M1/M5/H1,EUR_JPY,7/10/35,15.0,sl_1.5xATR,1.5,298.9,229,154,75,-372.9,-16.5,-1.87,-0.17,-80.6,29.3,51,178,0.7773
9eda87cef382,S5/M1/M5/H1,EUR_JPY,7/10/35,15.0,sl_2.0xATR,2.0,298.9,221,150,71,-344.5,-10.6,-1.73,-0.11,-58.0,33.8,61,160,0.724
9eda87cef382,S5/M1/M5/H1,EUR_JPY,7/10/35,15.0,sl_3.0xATR,3.0,298.9,207,139,68,-382.2,112.3,-1.92,1.13,-53.1,48.5,78,129,0.6232
