ci,name,is_pnl,is_ntrd,c0,c1,c2
2580,atr20_m0p5_r3_n3_E1_X3c_1_5,40938.3,20000,14541.4,18182.0,8214.9
2582,atr20_m0p5_r3_n3_E1_X3c_1_3,40933.6,20000,14550.2,18165.9,8217.6
2576,atr20_m0p5_r3_n3_E1_X3b_1,40931.8,20000,14541.4,18175.5,8214.9
1376,atr14_m0p5_r3_n3_E1_X3b_1,39255.0,20000,13667.8,17573.2,8013.9
1382,atr14_m0p5_r3_n3_E1_X3c_1_3,39252.4,20000,13677.9,17570.2,8004.3
1380,atr14_m0p5_r3_n3_E1_X3c_1_5,39248.3,20000,13667.8,17579.9,8000.5
2496,atr20_m0p5_r2_n3_E1_X3b_1,38078.6,20000,13140.5,17577.6,7360.5
2500,atr20_m0p5_r2_n3_E1_X3c_1_5,38009.0,20000,13134.5,17524.9,7349.5
2502,atr20_m0p5_r2_n3_E1_X3c_1_3,37920.1,20000,13129.5,17464.6,7326.1
176,atr7_m0p5_r3_n3_E1_X3b_1,36787.5,19967,12591.4,16346.3,7849.7
180,atr7_m0p5_r3_n3_E1_X3c_1_5,36780.8,19968,12596.1,16340.3,7844.4
182,atr7_m0p5_r3_n3_E1_X3c_1_3,36778.6,19968,12596.0,16340.7,7841.9
1296,atr14_m0p5_r2_n3_E1_X3b_1,35578.3,20000,12307.1,16218.3,7052.9
1300,atr14_m0p5_r2_n3_E1_X3c_1_5,35500.0,20000,12253.4,16203.2,7043.5
1302,atr14_m0p5_r2_n3_E1_X3c_1_3,35461.1,20000,12266.6,16162.7,7031.8
2416,atr20_m0p5_r1_n3_E1_X3b_1,34417.1,20000,14977.3,19000.2,439.6
2420,atr20_m0p5_r1_n3_E1_X3c_1_5,34357.8,20000,14952.7,19004.7,400.5
2422,atr20_m0p5_r1_n3_E1_X3c_1_3,34190.7,20000,14937.5,18885.5,367.7
96,atr7_m0p5_r2_n3_E1_X3b_1,32859.4,20000,11121.4,15270.4,6467.7
100,atr7_m0p5_r2_n3_E1_X3c_1_5,32834.2,20000,11118.8,15272.4,6443.0
102,atr7_m0p5_r2_n3_E1_X3c_1_3,32686.7,20000,11121.6,15161.3,6403.8
1216,atr14_m0p5_r1_n3_E1_X3b_1,32163.4,20000,13934.2,17531.8,697.4
1220,atr14_m0p5_r1_n3_E1_X3c_1_5,32139.1,20000,13958.2,17518.5,662.3
1222,atr14_m0p5_r1_n3_E1_X3c_1_3,31969.1,20000,13964.6,17367.2,637.3
2596,atr20_m0p5_r3_n4_E1_X3c_1_5,29653.1,11585,10336.4,12147.7,7169.0
2592,atr20_m0p5_r3_n4_E1_X3b_1,29646.6,11585,10336.4,12141.2,7169.0
2598,atr20_m0p5_r3_n4_E1_X3c_1_3,29642.8,11585,10345.2,12126.9,7170.7
16,atr7_m0p5_r1_n3_E1_X3b_1,28912.1,20000,11977.4,16321.7,613.1
20,atr7_m0p5_r1_n3_E1_X3c_1_5,28904.9,20000,11972.2,16340.0,592.7
22,atr7_m0p5_r1_n3_E1_X3c_1_3,28714.4,20000,11979.2,16146.0,589.2
2432,atr20_m0p5_r1_n4_E1_X3b_1,28555.3,8732,9779.5,11714.5,7061.3
2436,atr20_m0p5_r1_n4_E1_X3c_1_5,28541.8,8735,9782.7,11705.0,7054.0
2438,atr20_m0p5_r1_n4_E1_X3c_1_3,28486.7,8735,9764.2,11662.6,7060.0
1396,atr14_m0p5_r3_n4_E1_X3c_1_5,28468.2,11523,9832.0,11978.6,6657.7
1392,atr14_m0p5_r3_n4_E1_X3b_1,28460.1,11523,9832.0,11970.4,6657.7
1398,atr14_m0p5_r3_n4_E1_X3c_1_3,28443.3,11523,9835.0,11946.4,6662.0
192,atr7_m0p5_r3_n4_E1_X3b_1,25835.5,11135,8917.0,10621.4,6297.1
198,atr7_m0p5_r3_n4_E1_X3c_1_3,25832.7,11135,8921.6,10614.0,6297.1
196,atr7_m0p5_r3_n4_E1_X3c_1_5,25824.4,11135,8917.0,10610.5,6296.9
1236,atr14_m0p5_r1_n4_E1_X3c_1_5,25655.1,7958,8929.2,10377.4,6348.4
1232,atr14_m0p5_r1_n4_E1_X3b_1,25629.8,7955,8930.3,10331.8,6367.7
1238,atr14_m0p5_r1_n4_E1_X3c_1_3,25614.0,7958,8904.9,10369.3,6339.8
2512,atr20_m0p5_r2_n4_E1_X3b_1,25207.5,7431,8473.2,10433.1,6301.2
2516,atr20_m0p5_r2_n4_E1_X3c_1_5,25148.9,7432,8451.0,10398.0,6299.9
2518,atr20_m0p5_r2_n4_E1_X3c_1_3,25147.6,7433,8465.6,10384.1,6297.9
1312,atr14_m0p5_r2_n4_E1_X3b_1,23559.7,6989,8130.7,9420.3,6008.7
1318,atr14_m0p5_r2_n4_E1_X3c_1_3,23529.0,6991,8113.3,9399.0,6016.7
1316,atr14_m0p5_r2_n4_E1_X3c_1_5,23523.9,6990,8110.3,9409.2,6004.4
36,atr7_m0p5_r1_n4_E1_X3c_1_5,22718.5,7037,7890.6,9274.2,5553.6
32,atr7_m0p5_r1_n4_E1_X3b_1,22705.5,7036,7900.3,9255.7,5549.4
38,atr7_m0p5_r1_n4_E1_X3c_1_3,22665.2,7037,7850.6,9272.6,5541.9
112,atr7_m0p5_r2_n4_E1_X3b_1,20449.2,6260,6950.0,8539.0,4960.1
118,atr7_m0p5_r2_n4_E1_X3c_1_3,20438.1,6262,6934.1,8543.9,4960.1
116,atr7_m0p5_r2_n4_E1_X3c_1_5,20414.3,6261,6939.3,8542.5,4932.4
1412,atr14_m0p5_r3_n5_E1_X3c_1_5,18999.2,6048,6565.4,7478.8,4955.0
1408,atr14_m0p5_r3_n5_E1_X3b_1,18996.8,6048,6565.4,7476.5,4955.0
2614,atr20_m0p5_r3_n5_E1_X3c_1_3,18996.0,5968,6693.1,7293.6,5009.4
1414,atr14_m0p5_r3_n5_E1_X3c_1_3,18990.7,6048,6568.3,7467.4,4955.0
2612,atr20_m0p5_r3_n5_E1_X3c_1_5,18984.8,5968,6681.8,7293.6,5009.4
2608,atr20_m0p5_r3_n5_E1_X3b_1,18984.8,5968,6681.8,7293.6,5009.4
214,atr7_m0p5_r3_n5_E1_X3c_1_3,16884.2,5836,5777.7,6581.7,4524.8
212,atr7_m0p5_r3_n5_E1_X3c_1_5,16879.0,5836,5774.0,6580.2,4524.8
208,atr7_m0p5_r3_n5_E1_X3b_1,16879.0,5836,5774.0,6580.2,4524.8
2448,atr20_m0p5_r1_n5_E1_X3b_1,16367.1,2549,5564.1,6400.9,4402.0
2452,atr20_m0p5_r1_n5_E1_X3c_1_5,16326.4,2549,5569.8,6350.5,4406.1
2454,atr20_m0p5_r1_n5_E1_X3c_1_3,16316.8,2549,5568.9,6336.2,4411.7
1254,atr14_m0p5_r1_n5_E1_X3c_1_3,14645.6,2209,4929.3,5707.5,4008.9
1252,atr14_m0p5_r1_n5_E1_X3c_1_5,14616.8,2209,4913.2,5701.6,4001.9
1248,atr14_m0p5_r1_n5_E1_X3b_1,14612.8,2209,4913.2,5697.6,4001.9
2528,atr20_m0p5_r2_n5_E1_X3b_1,14546.8,2383,5049.4,5544.4,3953.0
2532,atr20_m0p5_r2_n5_E1_X3c_1_5,14510.4,2383,5054.4,5502.2,3953.8
2534,atr20_m0p5_r2_n5_E1_X3c_1_3,14508.8,2383,5070.1,5480.7,3958.0
1334,atr14_m0p5_r2_n5_E1_X3c_1_3,13695.5,2181,4726.2,5072.6,3896.8
1332,atr14_m0p5_r2_n5_E1_X3c_1_5,13682.7,2181,4716.1,5084.0,3882.6
1328,atr14_m0p5_r2_n5_E1_X3b_1,13677.4,2181,4715.0,5081.6,3880.7
54,atr7_m0p5_r1_n5_E1_X3c_1_3,12624.0,1803,4308.5,4918.7,3396.8
52,atr7_m0p5_r1_n5_E1_X3c_1_5,12605.6,1803,4305.8,4909.7,3390.1
48,atr7_m0p5_r1_n5_E1_X3b_1,12594.4,1803,4297.0,4909.7,3387.7
2630,atr20_m0p5_r3_n6_E1_X3c_1_3,11986.2,3105,4247.8,4138.4,3600.0
2628,atr20_m0p5_r3_n6_E1_X3c_1_5,11981.4,3105,4243.0,4138.4,3600.0
2624,atr20_m0p5_r3_n6_E1_X3b_1,11981.4,3105,4243.0,4138.4,3600.0
1428,atr14_m0p5_r3_n6_E1_X3c_1_5,11723.0,3113,3834.3,4315.2,3573.5
1424,atr14_m0p5_r3_n6_E1_X3b_1,11720.6,3113,3834.3,4312.9,3573.5
1430,atr14_m0p5_r3_n6_E1_X3c_1_3,11711.6,3113,3834.3,4303.8,3573.5
134,atr7_m0p5_r2_n5_E1_X3c_1_3,11644.6,1928,4000.5,4436.0,3208.2
128,atr7_m0p5_r2_n5_E1_X3b_1,11639.0,1928,4004.0,4436.0,3199.0
132,atr7_m0p5_r2_n5_E1_X3c_1_5,11636.1,1928,4001.1,4436.0,3199.0
2662,atr20_m1p0_r1_n3_E1_X3c_1_3,10986.9,7011,3537.3,4526.8,2922.8
2660,atr20_m1p0_r1_n3_E1_X3c_1_5,10965.9,6994,3615.7,4389.6,2960.6
2656,atr20_m1p0_r1_n3_E1_X3b_1,10921.2,6976,3604.8,4396.8,2919.6
230,atr7_m0p5_r3_n6_E1_X3c_1_3,10630.1,3116,3552.1,3758.6,3319.4
228,atr7_m0p5_r3_n6_E1_X3c_1_5,10626.5,3116,3548.4,3758.6,3319.4
224,atr7_m0p5_r3_n6_E1_X3b_1,10626.5,3116,3548.4,3758.6,3319.4
2470,atr20_m0p5_r1_n6_E1_X3c_1_3,10004.2,959,3298.2,3658.6,3047.4
2468,atr20_m0p5_r1_n6_E1_X3c_1_5,9996.9,959,3294.7,3658.6,3043.7
2464,atr20_m0p5_r1_n6_E1_X3b_1,9996.9,959,3294.7,3658.6,3043.7
1456,atr14_m1p0_r1_n3_E1_X3b_1,9881.4,6417,3122.2,4249.2,2510.0
1460,atr14_m1p0_r1_n3_E1_X3c_1_5,9824.1,6444,3045.3,4248.6,2530.2
1462,atr14_m1p0_r1_n3_E1_X3c_1_3,9793.3,6459,3070.5,4190.7,2532.1
2453,atr20_m0p5_r1_n5_E1_X3c_2_5,9549.3,2531,3236.4,3611.6,2701.3
2449,atr20_m0p5_r1_n5_E1_X3b_2,9547.7,2527,3208.4,3635.2,2704.2
2455,atr20_m0p5_r1_n5_E1_X3c_2_3,9519.1,2529,3193.0,3609.9,2716.2
2550,atr20_m0p5_r2_n6_E1_X3c_1_3,9133.6,925,3057.7,3267.3,2808.5
2548,atr20_m0p5_r2_n6_E1_X3c_1_5,9124.3,925,3057.7,3261.8,2804.8
2544,atr20_m0p5_r2_n6_E1_X3b_1,9124.3,925,3057.7,3261.8,2804.8
1270,atr14_m0p5_r1_n6_E1_X3c_1_3,8912.0,820,2914.2,3165.1,2832.7
1268,atr14_m0p5_r1_n6_E1_X3c_1_5,8908.2,820,2910.9,3170.4,2826.9
1264,atr14_m0p5_r1_n6_E1_X3b_1,8905.9,820,2910.9,3168.1,2826.9
2437,atr20_m0p5_r1_n4_E1_X3c_2_5,8754.2,8584,2808.5,3734.4,2211.3
2439,atr20_m0p5_r1_n4_E1_X3c_2_3,8665.7,8590,2793.6,3644.8,2227.2
2433,atr20_m0p5_r1_n4_E1_X3b_2,8593.3,8561,2643.8,3616.8,2332.8
2742,atr20_m1p0_r2_n3_E1_X3c_1_3,8510.3,11497,3111.0,3680.1,1719.2
1348,atr14_m0p5_r2_n6_E1_X3c_1_5,8508.0,823,2752.6,2974.9,2780.6
2740,atr20_m1p0_r2_n3_E1_X3c_1_5,8506.9,11494,3062.0,3694.0,1751.0
2736,atr20_m1p0_r2_n3_E1_X3b_1,8506.2,11489,3063.0,3705.2,1737.9
1344,atr14_m0p5_r2_n6_E1_X3b_1,8505.7,823,2752.6,2972.5,2780.6
1350,atr14_m0p5_r2_n6_E1_X3c_1_3,8502.4,823,2752.6,2963.5,2786.3
2519,atr20_m0p5_r2_n4_E1_X3c_2_3,8360.7,7359,2636.3,3759.6,1964.8
2535,atr20_m0p5_r2_n5_E1_X3c_2_3,8336.2,2373,2917.0,3087.3,2331.9
1249,atr14_m0p5_r1_n5_E1_X3b_2,8316.5,2198,2692.4,3184.2,2439.9
2529,atr20_m0p5_r2_n5_E1_X3b_2,8299.0,2373,2947.5,3075.6,2275.9
2533,atr20_m0p5_r2_n5_E1_X3c_2_5,8271.9,2373,2882.2,3087.7,2302.0
1255,atr14_m0p5_r1_n5_E1_X3c_2_3,8253.4,2202,2675.7,3098.5,2479.3
1253,atr14_m0p5_r1_n5_E1_X3c_2_5,8215.8,2202,2672.8,3073.4,2469.6
2517,atr20_m0p5_r2_n4_E1_X3c_2_5,8201.5,7347,2574.0,3720.5,1907.0
2513,atr20_m0p5_r2_n4_E1_X3b_2,8182.1,7339,2628.1,3624.3,1929.6
260,atr7_m1p0_r1_n3_E1_X3c_1_5,8134.7,5767,2853.2,3551.8,1729.7
262,atr7_m1p0_r1_n3_E1_X3c_1_3,8111.7,5780,2879.9,3499.0,1732.8
1329,atr14_m0p5_r2_n5_E1_X3b_2,7879.0,2169,2633.8,2957.6,2287.6
1333,atr14_m0p5_r2_n5_E1_X3c_2_5,7817.6,2172,2602.9,2898.1,2316.6
256,atr7_m1p0_r1_n3_E1_X3b_1,7805.6,5746,2659.5,3415.2,1730.9
1335,atr14_m0p5_r2_n5_E1_X3c_2_3,7795.3,2173,2610.0,2837.0,2348.2
1233,atr14_m0p5_r1_n4_E1_X3b_2,7698.2,7809,2652.6,3013.3,2032.3
1540,atr14_m1p0_r2_n3_E1_X3c_1_5,7636.1,11122,2248.5,3840.5,1547.0
70,atr7_m0p5_r1_n6_E1_X3c_1_3,7627.9,666,2519.4,2704.5,2404.0
68,atr7_m0p5_r1_n6_E1_X3c_1_5,7627.0,666,2518.5,2704.5,2404.0
64,atr7_m0p5_r1_n6_E1_X3b_1,7627.0,666,2518.5,2704.5,2404.0
1536,atr14_m1p0_r2_n3_E1_X3b_1,7615.6,11115,2272.7,3830.9,1512.0
1239,atr14_m0p5_r1_n4_E1_X3c_2_3,7614.8,7842,2801.6,2944.3,1868.9
1237,atr14_m0p5_r1_n4_E1_X3c_2_5,7518.2,7837,2720.0,2891.6,1906.6
1542,atr14_m1p0_r2_n3_E1_X3c_1_3,7508.4,11126,2222.9,3788.4,1497.1
1317,atr14_m0p5_r2_n4_E1_X3c_2_5,7451.8,6921,2515.2,3251.2,1685.4
1313,atr14_m0p5_r2_n4_E1_X3b_2,7432.5,6905,2504.8,3267.6,1660.2
1319,atr14_m0p5_r2_n4_E1_X3c_2_3,7380.5,6933,2431.0,3211.3,1738.2
2471,atr20_m0p5_r1_n6_E1_X3c_2_3,7072.2,958,2301.1,2486.1,2285.0
2469,atr20_m0p5_r1_n6_E1_X3c_2_5,7071.3,958,2298.9,2494.9,2277.6
2465,atr20_m0p5_r1_n6_E1_X3b_2,7062.5,958,2301.5,2488.0,2273.0
148,atr7_m0p5_r2_n6_E1_X3c_1_5,6975.7,691,2256.1,2449.8,2269.8
144,atr7_m0p5_r2_n6_E1_X3b_1,6975.7,691,2256.1,2449.8,2269.8
150,atr7_m0p5_r2_n6_E1_X3c_1_3,6975.7,691,2256.1,2449.8,2269.8
49,atr7_m0p5_r1_n5_E1_X3b_2,6804.4,1797,2212.8,2670.5,1921.1
53,atr7_m0p5_r1_n5_E1_X3c_2_5,6789.0,1797,2280.2,2594.3,1914.5
55,atr7_m0p5_r1_n5_E1_X3c_2_3,6757.7,1798,2292.7,2562.0,1903.0
2678,atr20_m1p0_r1_n4_E1_X3c_1_3,6744.2,992,2159.9,2261.2,2323.0
2676,atr20_m1p0_r1_n4_E1_X3c_1_5,6737.0,992,2175.5,2241.2,2320.2
2672,atr20_m1p0_r1_n4_E1_X3b_1,6686.8,992,2137.7,2229.7,2319.5
2752,atr20_m1p0_r2_n4_E1_X3b_1,6670.0,3978,2231.8,2136.7,2301.4
2756,atr20_m1p0_r2_n4_E1_X3c_1_5,6666.5,3979,2237.4,2137.8,2291.3
2758,atr20_m1p0_r2_n4_E1_X3c_1_3,6659.7,3979,2256.8,2120.2,2282.8
2545,atr20_m0p5_r2_n6_E1_X3b_2,6419.7,924,2125.2,2235.1,2059.4
2551,atr20_m0p5_r2_n6_E1_X3c_2_3,6414.6,924,2109.0,2236.7,2069.0
2549,atr20_m0p5_r2_n6_E1_X3c_2_5,6401.5,924,2106.8,2240.0,2054.7
1556,atr14_m1p0_r2_n4_E1_X3c_1_5,6161.8,3900,1886.1,2366.7,1909.0
129,atr7_m0p5_r2_n5_E1_X3b_2,6160.1,1917,2122.5,2419.3,1618.4
1265,atr14_m0p5_r1_n6_E1_X3b_2,6124.5,819,1970.4,2052.3,2101.8
1552,atr14_m1p0_r2_n4_E1_X3b_1,6121.5,3900,1872.8,2345.7,1903.0
1476,atr14_m1p0_r1_n4_E1_X3c_1_5,6110.3,852,1915.7,2039.1,2155.5
133,atr7_m0p5_r2_n5_E1_X3c_2_5,6098.9,1919,2076.4,2383.1,1639.3
1478,atr14_m1p0_r1_n4_E1_X3c_1_3,6098.5,852,1919.8,1994.5,2184.2
1558,atr14_m1p0_r2_n4_E1_X3c_1_3,6093.7,3901,1877.1,2331.4,1885.1
1271,atr14_m0p5_r1_n6_E1_X3c_2_3,6092.0,819,1977.7,2001.5,2112.8
1269,atr14_m0p5_r1_n6_E1_X3c_2_5,6088.9,819,1981.4,2000.8,2106.8
135,atr7_m0p5_r2_n5_E1_X3c_2_3,6085.1,1920,2077.8,2340.1,1667.2
1472,atr14_m1p0_r1_n4_E1_X3b_1,6057.9,852,1905.1,2001.0,2151.8
1415,atr14_m0p5_r3_n5_E1_X3c_2_3,6055.0,5983,2101.7,2710.9,1242.4
1413,atr14_m0p5_r3_n5_E1_X3c_2_5,6022.5,5982,2067.5,2709.3,1245.8
1409,atr14_m0p5_r3_n5_E1_X3b_2,6010.9,5981,2083.9,2688.0,1239.0
2609,atr20_m0p5_r3_n5_E1_X3b_2,6002.1,5906,2364.7,2546.3,1091.1
2613,atr20_m0p5_r3_n5_E1_X3c_2_5,6001.3,5907,2362.3,2556.1,1082.9
2615,atr20_m0p5_r3_n5_E1_X3c_2_3,5968.4,5908,2351.7,2530.3,1086.4
33,atr7_m0p5_r1_n4_E1_X3b_2,5943.7,6924,2023.6,2481.4,1438.7
1351,atr14_m0p5_r2_n6_E1_X3c_2_3,5854.1,822,1856.1,1964.0,2034.1
1349,atr14_m0p5_r2_n6_E1_X3c_2_5,5848.2,822,1861.3,1969.3,2017.6
1345,atr14_m0p5_r2_n6_E1_X3b_2,5845.0,822,1867.4,1955.8,2021.7
37,atr7_m0p5_r1_n4_E1_X3c_2_5,5842.7,6946,2113.9,2356.0,1372.8
39,atr7_m0p5_r1_n4_E1_X3c_2_3,5744.3,6962,2081.5,2386.1,1276.7
2896,atr20_m1p5_r1_n3_E1_X3b_1,5676.3,2060,1766.9,2061.6,1847.8
336,atr7_m1p0_r2_n3_E1_X3b_1,5579.2,10577,1762.4,2992.4,824.4
2900,atr20_m1p5_r1_n3_E1_X3c_1_5,5568.7,2067,1868.2,1981.1,1719.4
342,atr7_m1p0_r2_n3_E1_X3c_1_3,5545.6,10587,1794.0,2958.8,792.8
119,atr7_m0p5_r2_n4_E1_X3c_2_3,5493.3,6210,1653.0,2841.1,999.2
2902,atr20_m1p5_r1_n3_E1_X3c_1_3,5463.3,2071,1942.0,1888.0,1633.3
340,atr7_m1p0_r2_n3_E1_X3c_1_5,5447.0,10585,1740.3,2950.1,756.6
117,atr7_m0p5_r2_n4_E1_X3c_2_5,5413.9,6194,1692.0,2746.6,975.4
113,atr7_m0p5_r2_n4_E1_X3b_2,5408.3,6184,1751.3,2694.4,962.6
1696,atr14_m1p5_r1_n3_E1_X3b_1,5265.1,1860,1762.5,1610.6,1892.0
898,atr7_m2p0_r3_n3_E1_X3b_3,5242.1,788,2328.9,1088.5,1824.7
2625,atr20_m0p5_r3_n6_E1_X3b_2,5235.2,3086,1907.9,1802.7,1524.6
2629,atr20_m0p5_r3_n6_E1_X3c_2_5,5233.2,3087,1901.2,1807.4,1524.6
2631,atr20_m0p5_r3_n6_E1_X3c_2_3,5225.9,3087,1908.7,1792.6,1524.6
1431,atr14_m0p5_r3_n6_E1_X3c_2_3,5096.5,3094,1534.7,1888.3,1673.6
1425,atr14_m0p5_r3_n6_E1_X3b_2,5085.5,3093,1529.3,1882.6,1673.6
1429,atr14_m0p5_r3_n6_E1_X3c_2_5,5085.3,3094,1523.6,1888.1,1673.6
71,atr7_m0p5_r1_n6_E1_X3c_2_3,5027.1,666,1644.0,1702.3,1680.8
69,atr7_m0p5_r1_n6_E1_X3c_2_5,5011.0,666,1630.3,1683.1,1697.7
65,atr7_m0p5_r1_n6_E1_X3b_2,4959.1,666,1620.9,1663.6,1674.6
2597,atr20_m0p5_r3_n4_E1_X3c_2_5,4880.3,11352,2036.1,2815.2,29.0
1702,atr14_m1p5_r1_n3_E1_X3c_1_3,4867.9,1880,1649.9,1521.0,1697.1
2593,atr20_m0p5_r3_n4_E1_X3b_2,4858.9,11350,2036.5,2784.7,37.8
1700,atr14_m1p5_r1_n3_E1_X3c_1_5,4850.6,1874,1663.6,1458.6,1728.5
2599,atr20_m0p5_r3_n4_E1_X3c_2_3,4831.1,11353,2031.6,2741.5,58.0
276,atr7_m1p0_r1_n4_E1_X3c_1_5,4780.7,729,1538.5,1528.7,1713.5
278,atr7_m1p0_r1_n4_E1_X3c_1_3,4733.3,730,1533.1,1498.2,1702.0
272,atr7_m1p0_r1_n4_E1_X3b_1,4719.3,729,1534.9,1470.8,1713.7
2450,atr20_m0p5_r1_n5_E1_X3b_3,4712.3,2501,1602.5,1756.8,1353.1
358,atr7_m1p0_r2_n4_E1_X3c_1_3,4628.5,3805,1525.0,1722.7,1380.8
352,atr7_m1p0_r2_n4_E1_X3b_1,4600.0,3805,1524.3,1702.7,1373.0
356,atr7_m1p0_r2_n4_E1_X3c_1_5,4588.7,3805,1524.3,1702.7,1361.7
151,atr7_m0p5_r2_n6_E1_X3c_2_3,4507.7,691,1434.1,1541.4,1532.2
149,atr7_m0p5_r2_n6_E1_X3c_2_5,4494.6,691,1429.2,1540.2,1525.3
145,atr7_m0p5_r2_n6_E1_X3b_2,4486.9,690,1433.8,1530.9,1522.2
2466,atr20_m0p5_r1_n6_E1_X3b_3,4436.5,955,1359.3,1412.3,1664.9
2836,atr20_m1p0_r3_n4_E1_X3c_1_5,4366.7,4894,1487.6,1276.8,1602.2
2838,atr20_m1p0_r3_n4_E1_X3c_1_3,4366.7,4894,1487.6,1276.8,1602.2
2832,atr20_m1p0_r3_n4_E1_X3b_1,4366.7,4894,1487.6,1276.8,1602.2
2768,atr20_m1p0_r2_n5_E1_X3b_1,4334.6,1327,1320.2,1237.3,1777.1
2774,atr20_m1p0_r2_n5_E1_X3c_1_3,4317.7,1327,1320.2,1237.3,1760.2
2772,atr20_m1p0_r2_n5_E1_X3c_1_5,4317.7,1327,1320.2,1237.3,1760.2
1399,atr14_m0p5_r3_n4_E1_X3c_2_3,4146.4,11253,1433.7,2559.2,153.5
1574,atr14_m1p0_r2_n5_E1_X3c_1_3,4129.5,1325,1140.6,1399.6,1589.3
1572,atr14_m1p0_r2_n5_E1_X3c_1_5,4121.9,1325,1138.8,1402.9,1580.2
1568,atr14_m1p0_r2_n5_E1_X3b_1,4110.9,1325,1138.8,1391.9,1580.2
1397,atr14_m0p5_r3_n4_E1_X3c_2_5,4102.8,11252,1377.3,2582.7,142.8
213,atr7_m0p5_r3_n5_E1_X3c_2_5,4073.4,5768,1303.2,1944.8,825.5
215,atr7_m0p5_r3_n5_E1_X3c_2_3,4070.6,5768,1310.7,1928.3,831.7
1393,atr14_m0p5_r3_n4_E1_X3b_2,4070.0,11251,1390.2,2544.2,135.6
209,atr7_m0p5_r3_n5_E1_X3b_2,4063.7,5768,1303.2,1935.1,825.5
2688,atr20_m1p0_r1_n5_E1_X3b_1,4003.1,284,1228.1,1105.3,1669.7
2692,atr20_m1p0_r1_n5_E1_X3c_1_5,4003.1,284,1228.1,1105.3,1669.7
2694,atr20_m1p0_r1_n5_E1_X3c_1_3,4003.1,284,1228.1,1105.3,1669.7
2546,atr20_m0p5_r2_n6_E1_X3b_3,3998.2,922,1280.6,1222.4,1495.2
2854,atr20_m1p0_r3_n5_E1_X3c_1_3,3995.3,2931,1269.2,1057.0,1669.1
2852,atr20_m1p0_r3_n5_E1_X3c_1_5,3995.3,2931,1269.2,1057.0,1669.1
2848,atr20_m1p0_r3_n5_E1_X3b_1,3995.3,2931,1269.2,1057.0,1669.1
2530,atr20_m0p5_r2_n5_E1_X3b_3,3860.0,2348,1304.0,1443.6,1112.4
496,atr7_m1p5_r1_n3_E1_X3b_1,3810.3,1764,1146.9,1584.1,1079.3
1492,atr14_m1p0_r1_n5_E1_X3c_1_5,3693.9,258,1021.2,977.8,1694.9
1494,atr14_m1p0_r1_n5_E1_X3c_1_3,3687.9,258,1016.7,977.8,1693.3
1488,atr14_m1p0_r1_n5_E1_X3b_1,3687.3,258,1016.7,977.8,1692.8
1266,atr14_m0p5_r1_n6_E1_X3b_3,3681.1,818,1172.8,1020.9,1487.4
1346,atr14_m0p5_r2_n6_E1_X3b_3,3664.5,821,1141.6,1099.1,1423.8
231,atr7_m0p5_r3_n6_E1_X3c_2_3,3660.8,3092,1062.0,1414.5,1184.3
229,atr7_m0p5_r3_n6_E1_X3c_2_5,3657.5,3092,1055.3,1417.9,1184.3
225,atr7_m0p5_r3_n6_E1_X3b_2,3657.5,3092,1055.3,1417.9,1184.3
1154,atr7_m3p0_r3_n4_E1_X3b_3,3645.7,226,1772.1,820.9,1052.7
1250,atr14_m0p5_r1_n5_E1_X3b_3,3619.4,2186,1119.5,1259.4,1240.5
2870,atr20_m1p0_r3_n6_E1_X3c_1_3,3569.4,1762,942.0,1007.7,1619.8
2868,atr20_m1p0_r3_n6_E1_X3c_1_5,3569.4,1762,942.0,1007.7,1619.8
2864,atr20_m1p0_r3_n6_E1_X3b_1,3569.4,1762,942.0,1007.7,1619.8
1330,atr14_m0p5_r2_n5_E1_X3b_3,3567.6,2147,1090.9,1299.5,1177.2
500,atr7_m1p5_r1_n3_E1_X3c_1_5,3440.0,1776,1013.3,1534.0,892.7
2816,atr20_m1p0_r3_n3_E1_X3b_1,3406.9,7714,1140.3,983.5,1283.1
3461,atr20_m3p0_r2_n3_E1_X3c_2_5,3405.0,1058,585.4,1631.2,1188.3
502,atr7_m1p5_r1_n3_E1_X3c_1_3,3400.7,1781,1085.6,1424.3,890.8
2822,atr20_m1p0_r3_n3_E1_X3c_1_3,3396.1,7714,1140.3,983.5,1272.3
2820,atr20_m1p0_r3_n3_E1_X3c_1_5,3396.1,7714,1140.3,983.5,1272.3
914,atr7_m2p0_r3_n4_E1_X3b_3,3352.0,600,967.3,1086.1,1298.6
3463,atr20_m3p0_r2_n3_E1_X3c_2_3,3329.4,1060,678.6,1262.0,1388.7
374,atr7_m1p0_r2_n5_E1_X3c_1_3,3314.8,1322,1025.3,1006.6,1282.8
368,atr7_m1p0_r2_n5_E1_X3b_1,3311.0,1322,1025.3,1003.4,1282.3
372,atr7_m1p0_r2_n5_E1_X3c_1_5,3311.0,1322,1025.3,1003.4,1282.3
1122,atr7_m3p0_r3_n2_E1_X3b_3,3295.5,374,1372.8,110.7,1812.1
2790,atr20_m1p0_r2_n6_E1_X3c_1_3,3289.4,518,775.8,925.5,1588.1
2788,atr20_m1p0_r2_n6_E1_X3c_1_5,3289.4,518,775.8,925.5,1588.1
2784,atr20_m1p0_r2_n6_E1_X3b_1,3289.4,518,775.8,925.5,1588.1
962,atr7_m3p0_r1_n2_E1_X3b_3,3273.8,1420,931.8,1090.4,1251.6
2996,atr20_m1p5_r2_n4_E1_X3c_1_5,3230.1,2465,879.2,1085.9,1265.1
2992,atr20_m1p5_r2_n4_E1_X3b_1,3224.9,2465,868.4,1070.3,1286.2
2998,atr20_m1p5_r2_n4_E1_X3c_1_3,3220.2,2465,885.0,1035.1,1300.2
1063,atr7_m3p0_r2_n3_E1_X3c_2_3,3200.8,771,1171.0,743.3,1286.6
930,atr7_m2p0_r3_n5_E1_X3b_3,3141.6,428,1073.4,740.0,1328.2
1061,atr7_m3p0_r2_n3_E1_X3c_2_5,3107.8,768,1123.3,685.7,1298.8
2912,atr20_m1p5_r1_n4_E1_X3b_1,3098.1,274,846.7,742.0,1509.4
2916,atr20_m1p5_r1_n4_E1_X3c_1_5,3076.0,274,844.7,742.0,1489.3
3457,atr20_m3p0_r2_n3_E1_X3b_2,3073.5,1035,640.8,1256.9,1175.8
2918,atr20_m1p5_r1_n4_E1_X3c_1_3,3059.1,274,834.3,742.0,1482.8
1170,atr7_m3p0_r3_n5_E1_X3b_3,3029.4,151,1632.9,346.4,1050.0
3012,atr20_m1p5_r2_n5_E1_X3c_1_5,2983.8,1046,806.4,965.5,1211.8
3008,atr20_m1p5_r2_n5_E1_X3b_1,2980.3,1046,806.4,965.5,1208.4
1670,atr14_m1p0_r3_n6_E1_X3c_1_3,2976.3,1741,959.5,680.4,1336.4
1664,atr14_m1p0_r3_n6_E1_X3b_1,2976.3,1741,959.5,680.4,1336.4
1668,atr14_m1p0_r3_n6_E1_X3c_1_5,2976.3,1741,959.5,680.4,1336.4
3014,atr20_m1p5_r2_n5_E1_X3c_1_3,2967.3,1046,806.4,965.5,1195.3
1654,atr14_m1p0_r3_n5_E1_X3c_1_3,2961.6,2776,870.7,877.1,1213.8
1648,atr14_m1p0_r3_n5_E1_X3b_1,2961.6,2776,870.7,877.1,1213.8
1652,atr14_m1p0_r3_n5_E1_X3c_1_5,2961.6,2776,870.7,877.1,1213.8
3142,atr20_m2p0_r1_n3_E1_X3c_1_3,2958.6,853,785.6,968.2,1204.8
292,atr7_m1p0_r1_n5_E1_X3c_1_5,2932.5,229,884.9,711.8,1335.7
294,atr7_m1p0_r1_n5_E1_X3c_1_3,2920.4,229,884.9,707.0,1328.4
288,atr7_m1p0_r1_n5_E1_X3b_1,2920.4,229,884.9,710.0,1325.5
1057,atr7_m3p0_r2_n3_E1_X3b_2,2901.4,750,1163.0,666.1,1072.3
3301,atr20_m2p0_r3_n3_E1_X3c_2_5,2897.1,1490,1217.1,784.7,895.3
3303,atr20_m2p0_r3_n3_E1_X3c_2_3,2891.4,1490,1223.3,786.0,882.1
3140,atr20_m2p0_r1_n3_E1_X3c_1_5,2889.7,852,769.7,970.0,1150.1
1127,atr7_m3p0_r3_n2_E1_X3c_2_3,2889.5,549,1410.7,21.6,1457.2
2673,atr20_m1p0_r1_n4_E1_X3b_2,2882.0,987,797.9,664.7,1419.5
3297,atr20_m2p0_r3_n3_E1_X3b_2,2877.5,1490,1217.1,776.6,883.8
3136,atr20_m2p0_r1_n3_E1_X3b_1,2814.3,846,709.1,891.5,1213.7
2677,atr20_m1p0_r1_n4_E1_X3c_2_5,2813.4,989,834.9,709.1,1269.4
2679,atr20_m1p0_r1_n4_E1_X3c_2_3,2809.3,990,783.3,757.3,1268.7
1588,atr14_m1p0_r2_n6_E1_X3c_1_5,2770.9,487,792.9,562.2,1415.8
1716,atr14_m1p5_r1_n4_E1_X3c_1_5,2767.9,237,698.0,677.8,1392.0
1590,atr14_m1p0_r2_n6_E1_X3c_1_3,2767.6,487,792.9,558.9,1415.8
1712,atr14_m1p5_r1_n4_E1_X3b_1,2763.4,237,706.8,672.5,1384.0
1041,atr7_m3p0_r2_n2_E1_X3b_2,2762.7,1045,689.8,892.0,1180.9
1584,atr14_m1p0_r2_n6_E1_X3b_1,2759.9,487,792.9,551.2,1415.8
1718,atr14_m1p5_r1_n4_E1_X3c_1_3,2743.2,237,706.6,672.5,1364.1
2704,atr20_m1p0_r1_n6_E1_X3b_1,2734.7,133,751.5,583.2,1400.0
2710,atr20_m1p0_r1_n6_E1_X3c_1_3,2734.7,133,751.5,583.2,1400.0
2708,atr20_m1p0_r1_n6_E1_X3c_1_5,2734.7,133,751.5,583.2,1400.0
1058,atr7_m3p0_r2_n3_E1_X3b_3,2681.2,541,951.8,415.7,1313.7
1508,atr14_m1p0_r1_n6_E1_X3c_1_5,2647.4,131,663.7,496.3,1487.4
1510,atr14_m1p0_r1_n6_E1_X3c_1_3,2646.7,131,663.7,496.3,1486.7
1504,atr14_m1p0_r1_n6_E1_X3b_1,2642.8,131,663.7,496.3,1482.8
1942,atr14_m2p0_r1_n3_E1_X3c_1_3,2559.6,761,643.9,696.5,1219.2
906,atr7_m2p0_r3_n3_E2_X3b_3,2547.9,297,415.5,859.6,1272.9
1940,atr14_m2p0_r1_n3_E1_X3c_1_5,2497.4,760,659.4,665.5,1172.5
946,atr7_m2p0_r3_n6_E1_X3b_3,2470.3,287,519.1,647.7,1303.4
66,atr7_m0p5_r1_n6_E1_X3b_3,2451.7,666,816.6,550.5,1084.6
3474,atr20_m3p0_r2_n4_E1_X3b_3,2442.1,504,440.3,1176.3,825.6
1936,atr14_m2p0_r1_n3_E1_X3b_1,2434.9,756,723.7,627.9,1083.3
1638,atr14_m1p0_r3_n4_E1_X3c_1_3,2403.5,4464,644.3,877.0,882.1
2693,atr20_m1p0_r1_n5_E1_X3c_2_5,2394.2,284,681.7,523.2,1189.3
1636,atr14_m1p0_r3_n4_E1_X3c_1_5,2394.0,4464,644.3,867.6,882.1
1632,atr14_m1p0_r3_n4_E1_X3b_1,2394.0,4464,644.3,867.6,882.1
390,atr7_m1p0_r2_n6_E1_X3c_1_3,2387.3,501,713.0,675.8,998.4
388,atr7_m1p0_r2_n6_E1_X3c_1_5,2387.3,501,713.0,675.8,998.4
384,atr7_m1p0_r2_n6_E1_X3b_1,2387.3,501,713.0,675.8,998.4
1473,atr14_m1p0_r1_n4_E1_X3b_2,2381.4,850,689.5,615.0,1076.8
2695,atr20_m1p0_r1_n5_E1_X3c_2_3,2380.2,284,689.2,527.2,1163.8
1186,atr7_m3p0_r3_n6_E1_X3b_3,2358.1,103,1774.1,105.5,478.5
2689,atr20_m1p0_r1_n5_E1_X3b_2,2322.7,284,672.0,513.8,1136.9
3477,atr20_m3p0_r2_n4_E1_X3c_2_5,2297.1,590,463.0,1080.7,753.4
3333,atr20_m2p0_r3_n5_E1_X3c_2_5,2256.5,663,773.9,877.6,605.0
3317,atr20_m2p0_r3_n4_E1_X3c_2_5,2255.8,1030,1317.5,489.6,448.7
3335,atr20_m2p0_r3_n5_E1_X3c_2_3,2252.1,663,773.9,873.2,605.0
3329,atr20_m2p0_r3_n5_E1_X3b_2,2252.1,663,773.9,873.2,605.0
3319,atr20_m2p0_r3_n4_E1_X3c_2_3,2251.4,1030,1317.5,485.2,448.7
3313,atr20_m2p0_r3_n4_E1_X3b_2,2251.4,1030,1317.5,485.2,448.7
903,atr7_m2p0_r3_n3_E1_X3c_2_3,2224.9,1018,1288.0,466.5,470.3
146,atr7_m0p5_r2_n6_E1_X3b_3,2221.6,690,733.3,521.7,966.6
3479,atr20_m3p0_r2_n4_E1_X3c_2_3,2191.6,590,557.0,863.6,770.9
1477,atr14_m1p0_r1_n4_E1_X3c_2_5,2191.3,851,568.5,538.1,1084.7
2928,atr20_m1p5_r1_n5_E1_X3b_1,2188.1,103,474.5,454.6,1259.0
1479,atr14_m1p0_r1_n4_E1_X3c_2_3,2187.6,851,576.5,475.2,1135.9
901,atr7_m2p0_r3_n3_E1_X3c_2_5,2180.4,1019,1286.3,431.8,462.3
2934,atr20_m1p5_r1_n5_E1_X3c_1_3,2166.3,103,474.5,454.6,1237.2
897,atr7_m2p0_r3_n3_E1_X3b_2,2164.0,1018,1265.8,449.1,449.1
2932,atr20_m1p5_r1_n5_E1_X3c_1_5,2163.0,103,474.5,454.6,1233.9
304,atr7_m1p0_r1_n6_E1_X3b_1,2159.1,120,615.8,370.1,1173.2
1489,atr14_m1p0_r1_n5_E1_X3b_2,2155.3,258,640.7,394.6,1120.0
310,atr7_m1p0_r1_n6_E1_X3c_1_3,2150.6,120,615.8,370.1,1164.7
308,atr7_m1p0_r1_n6_E1_X3c_1_5,2150.2,120,615.8,370.1,1164.3
50,atr7_m0p5_r1_n5_E1_X3b_3,2135.0,1791,604.7,656.9,873.4
1495,atr14_m1p0_r1_n5_E1_X3c_2_3,2079.8,258,573.8,396.6,1109.4
1493,atr14_m1p0_r1_n5_E1_X3c_2_5,2064.6,258,546.0,399.7,1118.9
1814,atr14_m1p5_r2_n5_E1_X3c_1_3,2032.7,1009,470.7,633.7,928.3
1812,atr14_m1p5_r2_n5_E1_X3c_1_5,2031.6,1009,470.7,633.7,927.1
1808,atr14_m1p5_r2_n5_E1_X3b_1,2031.6,1009,470.7,633.7,927.1
3314,atr20_m2p0_r3_n4_E1_X3b_3,2026.4,874,1269.3,353.4,403.8
1074,atr7_m3p0_r2_n4_E1_X3b_3,2017.8,353,772.2,299.6,946.0
3330,atr20_m2p0_r3_n5_E1_X3b_3,2013.7,588,457.4,1346.3,210.0
1045,atr7_m3p0_r2_n2_E1_X3c_2_5,2000.8,1130,507.6,560.3,932.9
1796,atr14_m1p5_r2_n4_E1_X3c_1_5,1936.7,2402,394.5,779.4,762.8
1732,atr14_m1p5_r1_n5_E1_X3c_1_5,1934.4,101,395.2,351.2,1188.0
1728,atr14_m1p5_r1_n5_E1_X3b_1,1934.4,101,395.2,351.2,1188.0
1798,atr14_m1p5_r2_n4_E1_X3c_1_3,1932.9,2402,395.2,774.1,763.7
1792,atr14_m1p5_r2_n4_E1_X3b_1,1931.8,2402,395.2,774.1,762.5
2709,atr20_m1p0_r1_n6_E1_X3c_2_5,1931.3,133,503.5,362.0,1065.8
3473,atr20_m3p0_r2_n4_E1_X3b_2,1918.4,587,381.9,891.7,644.8
2711,atr20_m1p0_r1_n6_E1_X3c_2_3,1917.7,133,503.5,362.0,1052.2
3024,atr20_m1p5_r2_n6_E1_X3b_1,1916.9,428,479.1,494.6,943.2
3030,atr20_m1p5_r2_n6_E1_X3c_1_3,1916.9,428,479.1,494.6,943.2
3028,atr20_m1p5_r2_n6_E1_X3c_1_5,1916.9,428,479.1,494.6,943.2
2705,atr20_m1p0_r1_n6_E1_X3b_2,1913.7,133,503.5,362.0,1048.2
1734,atr14_m1p5_r1_n5_E1_X3c_1_3,1903.2,101,395.2,351.2,1156.8
512,atr7_m1p5_r1_n4_E1_X3b_1,1874.8,214,545.8,460.5,868.4
516,atr7_m1p5_r1_n4_E1_X3c_1_5,1843.2,214,505.0,460.5,877.7
518,atr7_m1p5_r1_n4_E1_X3c_1_3,1837.5,214,512.6,460.5,864.3
2791,atr20_m1p0_r2_n6_E1_X3c_2_3,1837.3,518,309.4,521.7,1006.2
130,atr7_m0p5_r2_n5_E1_X3b_3,1834.3,1904,713.4,478.2,642.8
2789,atr20_m1p0_r2_n6_E1_X3c_2_5,1804.3,518,290.5,513.1,1000.7
2785,atr20_m1p0_r2_n6_E1_X3b_2,1782.7,518,298.3,461.8,1022.5
1505,atr14_m1p0_r1_n6_E1_X3b_2,1766.8,131,421.8,269.5,1075.5
1509,atr14_m1p0_r1_n6_E1_X3c_2_5,1748.7,131,421.8,269.5,1057.3
1511,atr14_m1p0_r1_n6_E1_X3c_2_3,1744.8,131,421.8,269.5,1053.4
736,atr7_m2p0_r1_n3_E1_X3b_1,1707.0,629,492.0,519.1,695.9
3152,atr20_m2p0_r1_n4_E1_X3b_1,1705.7,130,351.8,335.5,1018.4
2106,atr14_m2p0_r3_n3_E2_X3b_3,1700.1,336,339.6,287.6,1073.0
1047,atr7_m3p0_r2_n2_E1_X3c_2_3,1699.6,1146,640.6,161.3,897.7
3156,atr20_m2p0_r1_n4_E1_X3c_1_5,1695.4,130,365.2,346.1,984.1
3158,atr20_m2p0_r1_n4_E1_X3c_1_3,1692.3,130,358.8,341.8,991.7
742,atr7_m2p0_r1_n3_E1_X3c_1_3,1665.3,635,392.5,605.0,667.7
2982,atr20_m1p5_r2_n3_E1_X3c_1_3,1661.2,5974,114.2,407.0,1140.0
2944,atr20_m1p5_r1_n6_E1_X3b_1,1660.7,60,272.0,277.8,1110.8
935,atr7_m2p0_r3_n5_E1_X3c_2_3,1655.1,479,1060.2,217.6,377.3
933,atr7_m2p0_r3_n5_E1_X3c_2_5,1650.9,479,1060.2,213.4,377.3
929,atr7_m2p0_r3_n5_E1_X3b_2,1643.6,479,1060.2,217.6,365.8
2980,atr20_m1p5_r2_n3_E1_X3c_1_5,1638.2,5974,60.0,473.9,1104.3
2948,atr20_m1p5_r1_n6_E1_X3c_1_5,1635.6,60,272.0,277.8,1085.8
740,atr7_m2p0_r1_n3_E1_X3c_1_5,1632.9,635,363.5,527.2,742.2
2950,atr20_m1p5_r1_n6_E1_X3c_1_3,1631.2,60,272.0,277.8,1081.4
2976,atr20_m1p5_r2_n3_E1_X3b_1,1597.4,5972,72.0,434.3,1091.1
1157,atr7_m3p0_r3_n4_E1_X3c_2_5,1553.2,276,715.7,642.8,194.7
3376,atr20_m3p0_r1_n3_E1_X3b_1,1546.6,258,280.9,283.7,982.1
1952,atr14_m2p0_r1_n4_E1_X3b_1,1531.6,123,379.1,200.2,952.3
1591,atr14_m1p0_r2_n6_E1_X3c_2_3,1531.6,485,299.6,308.7,923.3
1956,atr14_m2p0_r1_n4_E1_X3c_1_5,1530.0,123,379.1,201.0,949.9
1153,atr7_m3p0_r3_n4_E1_X3b_2,1526.2,276,715.7,615.8,194.7
1958,atr14_m2p0_r1_n4_E1_X3c_1_3,1520.2,123,379.1,201.0,940.1
1159,atr7_m3p0_r3_n4_E1_X3c_2_3,1494.4,277,638.8,642.8,212.7
3380,atr20_m3p0_r1_n3_E1_X3c_1_5,1483.1,259,315.1,338.9,829.0
1589,atr14_m1p0_r2_n6_E1_X3c_2_5,1468.4,485,294.1,258.5,915.7
1744,atr14_m1p5_r1_n6_E1_X3b_1,1441.5,57,266.1,178.2,997.2
1748,atr14_m1p5_r1_n6_E1_X3c_1_5,1441.5,57,266.1,178.2,997.2
3382,atr20_m3p0_r1_n3_E1_X3c_1_3,1439.2,259,352.8,301.9,784.4
1585,atr14_m1p0_r2_n6_E1_X3b_2,1430.1,484,277.9,238.9,913.3
890,atr7_m2p0_r3_n2_E2_X3b_3,1428.6,430,110.4,538.5,779.7
1830,atr14_m1p5_r2_n6_E1_X3c_1_3,1416.1,428,366.7,266.7,782.7
1824,atr14_m1p5_r2_n6_E1_X3b_1,1416.1,428,366.7,266.7,782.7
1828,atr14_m1p5_r2_n6_E1_X3c_1_5,1416.1,428,366.7,266.7,782.7
1750,atr14_m1p5_r1_n6_E1_X3c_1_3,1410.3,57,266.1,178.2,966.0
3252,atr20_m2p0_r2_n5_E1_X3c_1_5,1361.3,655,305.2,370.0,686.1
3254,atr20_m2p0_r2_n5_E1_X3c_1_3,1361.3,655,305.2,370.0,686.1
3248,atr20_m2p0_r2_n5_E1_X3b_1,1346.8,655,290.7,370.0,686.1
2338,atr14_m3p0_r3_n3_E1_X3b_3,1341.8,422,18.8,637.7,685.4
758,atr7_m2p0_r1_n4_E1_X3c_1_3,1306.9,122,378.7,222.2,705.9
756,atr7_m2p0_r1_n4_E1_X3c_1_5,1299.4,122,379.1,199.9,720.3
528,atr7_m1p5_r1_n5_E1_X3b_1,1297.7,83,354.8,250.7,692.2
470,atr7_m1p0_r3_n6_E1_X3c_1_3,1297.2,1530,124.4,356.0,816.8
464,atr7_m1p0_r3_n6_E1_X3b_1,1297.2,1530,124.4,356.0,816.8
468,atr7_m1p0_r3_n6_E1_X3c_1_5,1297.2,1530,124.4,356.0,816.8
2386,atr14_m3p0_r3_n6_E1_X3b_3,1286.8,153,760.5,15.7,510.7
532,atr7_m1p5_r1_n5_E1_X3c_1_5,1286.5,83,341.4,250.7,694.3
534,atr7_m1p5_r1_n5_E1_X3c_1_3,1286.1,83,341.0,250.7,694.3
3472,atr20_m3p0_r2_n4_E1_X3b_1,1280.1,663,394.8,365.1,520.2
3476,atr20_m3p0_r2_n4_E1_X3c_1_5,1280.1,663,394.8,365.1,520.2
3478,atr20_m3p0_r2_n4_E1_X3c_1_3,1280.1,663,394.8,365.1,520.2
3168,atr20_m2p0_r1_n5_E1_X3b_1,1277.0,54,168.7,225.2,883.2
752,atr7_m2p0_r1_n4_E1_X3b_1,1274.7,122,365.2,184.3,725.1
3174,atr20_m2p0_r1_n5_E1_X3c_1_3,1249.4,54,168.7,225.2,855.5
3172,atr20_m2p0_r1_n5_E1_X3c_1_5,1241.8,54,168.7,225.2,847.9
2929,atr20_m1p5_r1_n5_E1_X3b_2,1232.5,102,304.6,170.6,757.3
2913,atr20_m1p5_r1_n4_E1_X3b_2,1228.6,272,343.4,145.3,739.8
2935,atr20_m1p5_r1_n5_E1_X3c_2_3,1220.7,103,280.6,190.2,749.9
3281,atr20_m2p0_r3_n2_E1_X3b_2,1218.5,2129,680.3,136.2,401.9
2917,atr20_m1p5_r1_n4_E1_X3c_2_5,1213.6,273,310.0,170.8,732.7
2933,atr20_m1p5_r1_n5_E1_X3c_2_5,1197.9,103,284.4,182.7,730.8
2919,atr20_m1p5_r1_n4_E1_X3c_2_3,1195.3,273,293.3,191.6,710.4
295,atr7_m1p0_r1_n5_E1_X3c_2_3,1192.6,229,353.4,188.5,650.7
1968,atr14_m2p0_r1_n5_E1_X3b_1,1192.2,59,235.3,167.5,789.3
1972,atr14_m2p0_r1_n5_E1_X3c_1_5,1192.2,59,235.3,167.5,789.3
1974,atr14_m2p0_r1_n5_E1_X3c_1_3,1192.2,59,235.3,167.5,789.3
2706,atr20_m1p0_r1_n6_E1_X3b_3,1192.2,132,326.6,154.5,711.1
293,atr7_m1p0_r1_n5_E1_X3c_2_5,1164.4,229,326.9,184.7,652.9
3460,atr20_m3p0_r2_n3_E1_X3c_1_5,1146.1,1324,151.1,593.5,401.5
3456,atr20_m3p0_r2_n3_E1_X3b_1,1146.1,1324,151.1,593.5,401.5
3462,atr20_m3p0_r2_n3_E1_X3c_1_3,1146.1,1324,151.1,593.5,401.5
3287,atr20_m2p0_r3_n2_E1_X3c_2_3,1139.5,2135,630.7,148.8,360.0
289,atr7_m1p0_r1_n5_E1_X3b_2,1125.7,229,368.4,160.3,596.9
2180,atr14_m3p0_r1_n3_E1_X3c_1_5,1120.0,209,170.2,294.4,655.4
2274,atr14_m3p0_r2_n4_E1_X3b_3,1116.7,465,774.5,169.8,172.4
1141,atr7_m3p0_r3_n3_E1_X3c_2_5,1116.7,397,665.8,43.3,407.6
3270,atr20_m2p0_r2_n6_E1_X3c_1_3,1115.7,315,326.1,98.1,691.5
3268,atr20_m2p0_r2_n6_E1_X3c_1_5,1115.7,315,326.1,98.1,691.5
3264,atr20_m2p0_r2_n6_E1_X3b_1,1115.7,315,326.1,98.1,691.5
922,atr7_m2p0_r3_n4_E2_X3b_3,1101.0,202,155.1,424.6,521.3
3285,atr20_m2p0_r3_n2_E1_X3c_2_5,1094.4,2134,654.4,77.6,362.4
1137,atr7_m3p0_r3_n3_E1_X3b_2,1089.7,397,665.8,16.3,407.6
1713,atr14_m1p5_r1_n4_E1_X3b_2,1079.7,237,133.0,325.4,621.4
2182,atr14_m3p0_r1_n3_E1_X3c_1_3,1063.4,209,185.2,188.7,689.5
2945,atr20_m1p5_r1_n6_E1_X3b_2,1056.1,60,198.1,144.8,713.1
2098,atr14_m2p0_r3_n3_E1_X3b_3,1050.2,1104,471.9,175.5,402.8
982,atr7_m3p0_r1_n3_E1_X3c_1_3,1044.3,178,177.3,319.0,547.9
2176,atr14_m3p0_r1_n3_E1_X3b_1,1027.6,209,231.7,298.4,497.5
3345,atr20_m2p0_r3_n6_E1_X3b_2,1021.4,436,264.9,430.1,326.4
3351,atr20_m2p0_r3_n6_E1_X3c_2_3,1021.4,436,264.9,430.1,326.4
3349,atr20_m2p0_r3_n6_E1_X3c_2_5,1021.4,436,264.9,430.1,326.4
980,atr7_m3p0_r1_n3_E1_X3c_1_5,1015.6,178,234.8,311.3,469.5
2949,atr20_m1p5_r1_n6_E1_X3c_2_5,1008.9,60,172.4,144.8,691.6
2690,atr20_m1p0_r1_n5_E1_X3b_3,1006.9,283,303.4,67.0,636.6
2951,atr20_m1p5_r1_n6_E1_X3c_2_3,1004.5,60,172.4,144.8,687.2
311,atr7_m1p0_r1_n6_E1_X3c_2_3,999.4,120,271.0,135.1,593.4
309,atr7_m1p0_r1_n6_E1_X3c_2_5,989.8,120,267.3,128.5,594.1
938,atr7_m2p0_r3_n5_E2_X3b_3,989.4,147,293.5,356.1,339.8
2154,atr14_m2p0_r3_n6_E2_X3b_3,985.7,101,509.2,164.1,312.4
277,atr7_m1p0_r1_n4_E1_X3c_2_5,976.8,727,235.2,203.5,538.1
305,atr7_m1p0_r1_n6_E1_X3b_2,968.3,120,290.1,128.5,549.7
1143,atr7_m3p0_r3_n3_E1_X3c_2_3,968.1,398,499.2,43.3,425.6
976,atr7_m3p0_r1_n3_E1_X3b_1,964.6,177,308.5,109.4,546.6
3346,atr20_m2p0_r3_n6_E1_X3b_3,963.2,407,82.8,483.3,397.0
544,atr7_m1p5_r1_n6_E1_X3b_1,959.6,46,224.1,224.0,511.6
548,atr7_m1p5_r1_n6_E1_X3c_1_5,959.6,46,224.1,224.0,511.6
550,atr7_m1p5_r1_n6_E1_X3c_1_3,959.6,46,224.1,224.0,511.6
2138,atr14_m2p0_r3_n5_E2_X3b_3,958.5,154,384.7,22.6,551.2
273,atr7_m1p0_r1_n4_E1_X3b_2,957.8,726,164.2,291.5,502.2
1717,atr14_m1p5_r1_n4_E1_X3c_2_5,953.5,237,113.2,226.8,613.6
1506,atr14_m1p0_r1_n6_E1_X3b_3,953.3,131,224.1,98.0,631.2
630,atr7_m1p5_r2_n6_E1_X3c_1_3,948.8,405,326.4,114.2,508.2
628,atr7_m1p5_r2_n6_E1_X3c_1_5,948.8,405,326.4,114.2,508.2
624,atr7_m1p5_r2_n6_E1_X3b_1,948.8,405,326.4,114.2,508.2
2775,atr20_m1p0_r2_n5_E1_X3c_2_3,927.9,1312,226.2,168.8,532.9
452,atr7_m1p0_r3_n5_E1_X3c_1_5,925.4,2455,192.2,250.1,483.1
448,atr7_m1p0_r3_n5_E1_X3b_1,925.4,2455,192.2,250.1,483.1
454,atr7_m1p0_r3_n5_E1_X3c_1_3,925.4,2455,192.2,250.1,483.1
2626,atr20_m0p5_r3_n6_E1_X3b_3,915.3,3039,445.1,194.6,275.6
1719,atr14_m1p5_r1_n4_E1_X3c_2_3,907.7,237,141.8,191.8,574.0
279,atr7_m1p0_r1_n4_E1_X3c_2_3,905.4,730,236.3,140.7,528.5
2042,atr14_m2p0_r2_n4_E2_X3b_3,889.3,263,94.9,652.3,142.2
3508,atr20_m3p0_r2_n6_E1_X3c_1_5,877.4,140,207.1,220.7,449.6
3510,atr20_m3p0_r2_n6_E1_X3c_1_3,877.4,140,207.1,220.7,449.6
3504,atr20_m3p0_r2_n6_E1_X3b_1,877.4,140,207.1,220.7,449.6
768,atr7_m2p0_r1_n5_E1_X3b_1,875.0,57,248.9,70.5,555.6
3396,atr20_m3p0_r1_n4_E1_X3c_1_5,871.8,56,127.2,212.2,532.4
3398,atr20_m3p0_r1_n4_E1_X3c_1_3,870.9,56,127.2,212.2,531.5
1474,atr14_m1p0_r1_n4_E1_X3b_3,865.9,832,308.7,100.3,456.9
774,atr7_m2p0_r1_n5_E1_X3c_1_3,858.9,57,248.9,70.5,539.5
1733,atr14_m1p5_r1_n5_E1_X3c_2_5,858.7,101,165.2,102.2,591.3
772,atr7_m2p0_r1_n5_E1_X3c_1_5,853.9,57,248.9,70.5,534.4
2773,atr20_m1p0_r2_n5_E1_X3c_2_5,849.5,1312,190.7,154.2,504.6
3392,atr20_m3p0_r1_n4_E1_X3b_1,847.9,56,127.2,212.2,508.4
2769,atr20_m1p0_r2_n5_E1_X3b_2,836.3,1310,176.6,153.7,506.1
842,atr7_m2p0_r2_n4_E2_X3b_3,836.0,252,69.8,484.6,281.6
1735,atr14_m1p5_r1_n5_E1_X3c_2_3,829.3,101,166.8,102.2,560.3
385,atr7_m1p0_r2_n6_E1_X3b_2,808.1,499,67.0,255.4,485.7
1729,atr14_m1p5_r1_n5_E1_X3b_2,807.6,101,161.4,102.2,544.0
2322,atr14_m3p0_r3_n2_E1_X3b_3,796.0,524,514.6,196.5,84.9
2674,atr20_m1p0_r1_n4_E1_X3b_3,787.3,971,248.1,20.2,518.9
3338,atr20_m2p0_r3_n5_E2_X3b_3,756.1,181,385.7,270.3,100.1
1749,atr14_m1p5_r1_n6_E1_X3c_2_5,751.6,57,117.8,71.5,562.3
2786,atr20_m1p0_r2_n6_E1_X3b_3,751.5,514,24.5,269.9,457.0
1745,atr14_m1p5_r1_n6_E1_X3b_2,725.5,57,117.8,71.5,536.2
1751,atr14_m1p5_r1_n6_E1_X3c_2_3,720.6,57,117.8,71.5,531.3
954,atr7_m2p0_r3_n6_E2_X3b_3,716.0,105,92.8,166.0,457.1
389,atr7_m1p0_r2_n6_E1_X3c_2_5,715.4,499,80.0,151.7,483.6
1426,atr14_m0p5_r3_n6_E1_X3b_3,713.9,3046,135.3,155.5,423.1
1173,atr7_m3p0_r3_n5_E1_X3c_2_5,674.9,173,367.5,214.9,92.5
1169,atr7_m3p0_r3_n5_E1_X3b_2,674.9,173,367.5,214.9,92.5
870,atr7_m2p0_r2_n6_E1_X3c_1_3,672.7,243,119.8,86.0,466.9
868,atr7_m2p0_r2_n6_E1_X3c_1_5,672.7,243,119.8,86.0,466.9
864,atr7_m2p0_r2_n6_E1_X3b_1,672.7,243,119.8,86.0,466.9
3169,atr20_m2p0_r1_n5_E1_X3b_2,658.6,54,183.5,55.0,420.1
2198,atr14_m3p0_r1_n4_E1_X3c_1_3,651.0,51,79.2,42.8,529.0
391,atr7_m1p0_r2_n6_E1_X3c_2_3,647.7,499,75.4,135.4,436.9
1175,atr7_m3p0_r3_n5_E1_X3c_2_3,616.1,174,290.6,214.9,110.5
2196,atr14_m3p0_r1_n4_E1_X3c_1_5,601.2,51,79.2,42.8,479.2
3173,atr20_m2p0_r1_n5_E1_X3c_2_5,594.5,54,129.1,55.0,410.5
3175,atr20_m2p0_r1_n5_E1_X3c_2_3,585.9,54,121.2,55.0,409.8
3025,atr20_m1p5_r2_n6_E1_X3b_2,554.8,425,205.8,117.5,231.5
3337,atr20_m2p0_r3_n5_E2_X3b_2,553.3,199,381.0,27.7,144.5
3341,atr20_m2p0_r3_n5_E2_X3c_2_5,553.3,199,381.0,27.7,144.5
3343,atr20_m2p0_r3_n5_E2_X3c_2_3,553.3,199,381.0,27.7,144.5
3517,atr20_m3p0_r2_n6_E2_X3c_2_5,551.8,38,5.8,173.2,372.7
3513,atr20_m3p0_r2_n6_E2_X3b_2,546.5,38,2.0,171.7,372.7
3031,atr20_m1p5_r2_n6_E1_X3c_2_3,534.2,425,179.4,93.5,261.3
2192,atr14_m3p0_r1_n4_E1_X3b_1,523.0,51,79.2,37.6,406.2
3029,atr20_m1p5_r2_n6_E1_X3c_2_5,510.9,425,135.6,131.3,244.0
3354,atr20_m2p0_r3_n6_E2_X3b_3,504.9,114,251.3,62.2,191.4
2946,atr20_m1p5_r1_n6_E1_X3b_3,492.9,60,88.5,1.7,402.7
1975,atr14_m2p0_r1_n5_E1_X3c_2_3,390.8,59,77.8,10.1,302.9
998,atr7_m3p0_r1_n4_E1_X3c_1_3,340.1,43,34.4,17.5,288.2
1969,atr14_m2p0_r1_n5_E1_X3b_2,335.6,59,84.5,10.1,241.0
3170,atr20_m2p0_r1_n5_E1_X3b_3,329.3,54,101.9,4.8,222.6
1973,atr14_m2p0_r1_n5_E1_X3c_2_5,322.9,59,86.1,10.1,226.7
2446,atr20_m0p5_r1_n4_E2_X3c_1_3,310.6,1015,63.1,128.2,119.3
2444,atr20_m0p5_r1_n4_E2_X3c_1_5,308.3,1015,70.1,123.1,115.1
2047,atr14_m2p0_r2_n4_E2_X3c_2_3,307.7,274,7.6,50.1,249.9
2440,atr20_m0p5_r1_n4_E2_X3b_1,278.9,1015,79.9,83.5,115.5
996,atr7_m3p0_r1_n4_E1_X3c_1_5,269.5,43,43.0,6.7,219.8
3359,atr20_m2p0_r3_n6_E2_X3c_2_3,250.5,120,149.5,39.4,61.5
3357,atr20_m2p0_r3_n6_E2_X3c_2_5,250.5,120,149.5,39.4,61.5
3353,atr20_m2p0_r3_n6_E2_X3b_2,250.5,120,149.5,39.4,61.5
941,atr7_m2p0_r3_n5_E2_X3c_2_5,246.1,158,114.9,40.0,91.2
937,atr7_m2p0_r3_n5_E2_X3b_2,246.1,158,114.9,40.0,91.2
943,atr7_m2p0_r3_n5_E2_X3c_2_3,246.1,158,114.9,40.0,91.2
2462,atr20_m0p5_r1_n5_E2_X3c_1_3,221.1,186,76.1,47.3,97.7
551,atr7_m1p5_r1_n6_E1_X3c_2_3,209.2,46,54.3,17.2,137.6
2460,atr20_m0p5_r1_n5_E2_X3c_1_5,206.2,186,77.4,34.8,94.0
2456,atr20_m0p5_r1_n5_E2_X3b_1,206.2,186,77.4,34.8,94.0
545,atr7_m1p5_r1_n6_E1_X3b_2,196.1,46,138.1,17.2,40.8
1246,atr14_m0p5_r1_n4_E2_X3c_1_3,194.3,869,38.9,107.3,48.2
549,atr7_m1p5_r1_n6_E1_X3c_2_5,180.4,46,58.1,17.2,105.0
1244,atr14_m0p5_r1_n4_E2_X3c_1_5,170.2,869,28.4,96.9,44.9
2314,atr14_m3p0_r2_n6_E2_X3b_3,169.7,33,7.6,31.8,130.4
1240,atr14_m0p5_r1_n4_E2_X3b_1,168.1,869,40.6,78.4,49.1
1262,atr14_m0p5_r1_n5_E2_X3c_1_3,143.8,128,39.4,52.4,51.9
1260,atr14_m0p5_r1_n5_E2_X3c_1_5,118.6,128,32.2,40.2,46.2
1256,atr14_m0p5_r1_n5_E2_X3b_1,118.6,128,32.2,40.2,46.2
1342,atr14_m0p5_r2_n5_E2_X3c_1_3,116.5,48,24.2,43.8,48.4
2478,atr20_m0p5_r1_n6_E2_X3c_1_3,106.1,46,5.4,23.4,77.4
1340,atr14_m0p5_r2_n5_E2_X3c_1_5,103.5,48,17.0,43.8,42.7
1336,atr14_m0p5_r2_n5_E2_X3b_1,103.5,48,17.0,43.8,42.7
2542,atr20_m0p5_r2_n5_E2_X3c_1_3,103.0,64,14.6,25.4,63.0
2476,atr20_m0p5_r1_n6_E2_X3c_1_5,102.4,46,5.4,23.4,73.7
2472,atr20_m0p5_r1_n6_E2_X3b_1,102.4,46,5.4,23.4,73.7
2536,atr20_m0p5_r2_n5_E2_X3b_1,99.3,64,14.6,25.4,59.3
2540,atr20_m0p5_r2_n5_E2_X3c_1_5,99.3,64,14.6,25.4,59.3
1326,atr14_m0p5_r2_n4_E2_X3c_1_3,83.3,126,7.1,54.3,21.8
2682,atr20_m1p0_r1_n4_E2_X3b_3,60.1,39,15.8,33.1,11.3
1708,atr14_m1p5_r1_n3_E2_X3c_1_5,35.9,53,17.4,10.7,7.8
1710,atr14_m1p5_r1_n3_E2_X3c_1_3,19.7,53,1.9,9.7,8.2
3020,atr20_m1p5_r2_n5_E2_X3c_1_5,15.1,156,11.9,2.7,0.5
3022,atr20_m1p5_r2_n5_E2_X3c_1_3,15.1,156,11.9,2.7,0.5
3016,atr20_m1p5_r2_n5_E2_X3b_1,15.1,156,11.9,2.7,0.5
