ci,name,is_pnl,is_ntrd,mc_pval,bootstrap_p5,oos_pnl,oos_ntrd,oos_pd,oos_pass
2598,atr20_m0p5_r3_n4_E1_X3c_1_3,34867.5,11619,0.0,55.36,22240.1,5944,52.12,1
2592,atr20_m0p5_r3_n4_E1_X3b_1,34889.1,11619,0.0,55.39,22230.2,5944,52.1,1
2596,atr20_m0p5_r3_n4_E1_X3c_1_5,34890.3,11619,0.0,55.39,22230.2,5944,52.1,1
1398,atr14_m0p5_r3_n4_E1_X3c_1_3,33504.8,11469,0.0,53.06,21141.7,5886,49.55,1
1392,atr14_m0p5_r3_n4_E1_X3b_1,33539.5,11468,0.0,53.04,21141.7,5886,49.55,1
1396,atr14_m0p5_r3_n4_E1_X3c_1_5,33512.4,11469,0.0,53.07,21138.6,5886,49.54,1
2436,atr20_m0p5_r1_n4_E1_X3c_1_5,30969.2,8469,0.0,49.07,20168.0,4757,47.27,1
2438,atr20_m0p5_r1_n4_E1_X3c_1_3,30826.5,8469,0.0,48.86,20162.4,4758,47.25,1
2432,atr20_m0p5_r1_n4_E1_X3b_1,31038.7,8469,0.0,49.17,20106.2,4757,47.12,1
192,atr7_m0p5_r3_n4_E1_X3b_1,30059.4,11090,0.0,47.54,19974.8,5632,46.81,1
196,atr7_m0p5_r3_n4_E1_X3c_1_5,30058.6,11090,0.0,47.54,19954.9,5632,46.77,1
198,atr7_m0p5_r3_n4_E1_X3c_1_3,30060.9,11090,0.0,47.54,19951.0,5632,46.76,1
1238,atr14_m0p5_r1_n4_E1_X3c_1_3,28633.0,7885,0.0,45.33,18301.3,4462,42.89,1
1236,atr14_m0p5_r1_n4_E1_X3c_1_5,28689.3,7885,0.0,45.44,18267.2,4462,42.81,1
1232,atr14_m0p5_r1_n4_E1_X3b_1,28761.8,7884,0.0,45.52,18268.9,4461,42.81,1
2518,atr20_m0p5_r2_n4_E1_X3c_1_3,28946.0,7743,0.0,45.83,18091.3,3761,42.4,1
2512,atr20_m0p5_r2_n4_E1_X3b_1,28990.3,7740,0.0,45.86,18087.4,3761,42.39,1
2516,atr20_m0p5_r2_n4_E1_X3c_1_5,28964.9,7742,0.0,45.74,18089.6,3761,42.39,1
1318,atr14_m0p5_r2_n4_E1_X3c_1_3,27053.0,7333,0.0,42.78,16740.0,3549,39.23,1
1312,atr14_m0p5_r2_n4_E1_X3b_1,27137.7,7331,0.0,42.93,16730.2,3548,39.21,1
1316,atr14_m0p5_r2_n4_E1_X3c_1_5,27104.0,7331,0.0,42.88,16732.7,3548,39.21,1
32,atr7_m0p5_r1_n4_E1_X3b_1,24485.7,6996,0.0,38.61,16000.2,4079,37.5,1
38,atr7_m0p5_r1_n4_E1_X3c_1_3,24296.9,6996,0.0,38.3,16001.7,4080,37.5,1
36,atr7_m0p5_r1_n4_E1_X3c_1_5,24378.1,6996,0.0,38.43,15982.1,4080,37.46,1
116,atr7_m0p5_r2_n4_E1_X3c_1_5,23655.2,6642,0.0,37.26,15645.4,3201,36.67,1
118,atr7_m0p5_r2_n4_E1_X3c_1_3,23653.1,6642,0.0,37.26,15645.5,3201,36.67,1
112,atr7_m0p5_r2_n4_E1_X3b_1,23646.5,6642,0.0,37.25,15628.1,3201,36.63,1
2614,atr20_m0p5_r3_n5_E1_X3c_1_3,23924.0,6031,0.0,37.62,14398.9,3015,33.75,1
2608,atr20_m0p5_r3_n5_E1_X3b_1,23925.9,6031,0.0,37.63,14395.6,3015,33.74,1
2612,atr20_m0p5_r3_n5_E1_X3c_1_5,23925.2,6031,0.0,37.63,14395.6,3015,33.74,1
1408,atr14_m0p5_r3_n5_E1_X3b_1,23385.3,6027,0.0,36.75,13543.4,2962,31.74,1
1414,atr14_m0p5_r3_n5_E1_X3c_1_3,23347.8,6028,0.0,36.69,13543.4,2962,31.74,1
1412,atr14_m0p5_r3_n5_E1_X3c_1_5,23358.2,6028,0.0,36.71,13540.3,2962,31.73,1
208,atr7_m0p5_r3_n5_E1_X3b_1,21079.2,5810,0.0,32.99,12899.7,2874,30.23,1
212,atr7_m0p5_r3_n5_E1_X3c_1_5,21080.9,5810,0.0,32.99,12896.2,2874,30.22,1
214,atr7_m0p5_r3_n5_E1_X3c_1_3,21083.2,5810,0.0,33.0,12890.3,2874,30.21,1
2454,atr20_m0p5_r1_n5_E1_X3c_1_3,18300.1,2778,0.0,28.66,11457.1,1536,26.85,1
2448,atr20_m0p5_r1_n5_E1_X3b_1,18370.3,2778,0.0,28.76,11452.0,1536,26.84,1
2452,atr20_m0p5_r1_n5_E1_X3c_1_5,18348.4,2778,0.0,28.73,11454.2,1536,26.84,1
2534,atr20_m0p5_r2_n5_E1_X3c_1_3,17723.7,2776,0.0,27.7,10467.5,1295,24.53,1
2528,atr20_m0p5_r2_n5_E1_X3b_1,17735.8,2776,0.0,27.71,10462.7,1295,24.52,1
2532,atr20_m0p5_r2_n5_E1_X3c_1_5,17730.8,2776,0.0,27.71,10461.9,1295,24.52,1
1248,atr14_m0p5_r1_n5_E1_X3b_1,16383.5,2411,0.0,25.57,10226.7,1344,23.97,1
1252,atr14_m0p5_r1_n5_E1_X3c_1_5,16384.2,2411,0.0,25.56,10216.1,1344,23.94,1
1254,atr14_m0p5_r1_n5_E1_X3c_1_3,16398.6,2411,0.0,25.59,10211.0,1344,23.93,1
1328,atr14_m0p5_r2_n5_E1_X3b_1,16545.8,2593,0.0,25.84,9489.3,1157,22.24,1
1332,atr14_m0p5_r2_n5_E1_X3c_1_5,16546.9,2593,0.0,25.84,9486.0,1157,22.23,1
1334,atr14_m0p5_r2_n5_E1_X3c_1_3,16558.8,2593,0.0,25.86,9478.0,1157,22.21,1
2742,atr20_m1p0_r2_n3_E1_X3c_1_3,14600.7,11421,0.0,21.8,9369.2,5134,21.96,1
2736,atr20_m1p0_r2_n3_E1_X3b_1,14545.6,11419,0.0,21.75,9360.4,5129,21.94,1
2740,atr20_m1p0_r2_n3_E1_X3c_1_5,14598.1,11421,0.0,21.8,9342.9,5130,21.9,1
2630,atr20_m0p5_r3_n6_E1_X3c_1_3,16322.6,3162,0.0,25.32,9325.7,1545,21.86,1
2628,atr20_m0p5_r3_n6_E1_X3c_1_5,16320.1,3162,0.0,25.31,9324.4,1545,21.85,1
2624,atr20_m0p5_r3_n6_E1_X3b_1,16320.1,3162,0.0,25.31,9324.4,1545,21.85,1
1430,atr14_m0p5_r3_n6_E1_X3c_1_3,16379.1,3165,0.0,25.48,9012.4,1531,21.12,1
1424,atr14_m0p5_r3_n6_E1_X3b_1,16416.5,3164,0.0,25.45,9012.4,1531,21.12,1
1428,atr14_m0p5_r3_n6_E1_X3c_1_5,16389.5,3165,0.0,25.49,9009.3,1531,21.11,1
134,atr7_m0p5_r2_n5_E1_X3c_1_3,13878.2,2176,0.0,21.54,8433.8,1018,19.77,1
132,atr7_m0p5_r2_n5_E1_X3c_1_5,13878.1,2176,0.0,21.54,8431.0,1018,19.76,1
128,atr7_m0p5_r2_n5_E1_X3b_1,13877.4,2176,0.0,21.54,8431.0,1018,19.76,1
48,atr7_m0p5_r1_n5_E1_X3b_1,14113.8,1982,0.0,21.98,8312.2,1088,19.48,1
1542,atr14_m1p0_r2_n3_E1_X3c_1_3,13148.9,11193,0.0,19.36,8311.0,5202,19.48,1
54,atr7_m0p5_r1_n5_E1_X3c_1_3,14097.4,1982,0.0,21.95,8306.2,1088,19.47,1
52,atr7_m0p5_r1_n5_E1_X3c_1_5,14116.3,1982,0.0,21.98,8306.2,1088,19.47,1
224,atr7_m0p5_r3_n6_E1_X3b_1,14654.6,3091,0.0,22.78,8304.6,1498,19.46,1
228,atr7_m0p5_r3_n6_E1_X3c_1_5,14656.3,3091,0.0,22.79,8301.0,1498,19.45,1
230,atr7_m0p5_r3_n6_E1_X3c_1_3,14658.6,3091,0.0,22.79,8295.1,1498,19.44,1
1540,atr14_m1p0_r2_n3_E1_X3c_1_5,13147.2,11190,0.0,19.56,8280.1,5202,19.41,1
1536,atr14_m1p0_r2_n3_E1_X3b_1,13364.6,11181,0.0,19.76,8244.2,5200,19.32,1
2662,atr20_m1p0_r1_n3_E1_X3c_1_3,13452.5,7159,0.0,20.49,8121.9,2989,19.03,1
2660,atr20_m1p0_r1_n3_E1_X3c_1_5,13485.6,7145,0.0,20.47,8107.1,2981,19.0,1
2656,atr20_m1p0_r1_n3_E1_X3b_1,13409.6,7127,0.0,20.36,8058.1,2975,18.89,1
2519,atr20_m0p5_r2_n4_E1_X3c_2_3,11332.1,7663,0.0,17.06,7762.1,3718,18.19,1
2513,atr20_m0p5_r2_n4_E1_X3b_2,11170.6,7634,0.0,16.71,7729.2,3709,18.11,1
2517,atr20_m0p5_r2_n4_E1_X3c_2_5,11102.6,7647,0.0,16.64,7718.3,3715,18.09,1
1460,atr14_m1p0_r1_n3_E1_X3c_1_5,11553.5,6739,0.0,17.39,7679.2,2846,18.0,1
2439,atr20_m0p5_r1_n4_E1_X3c_2_3,10471.2,8363,0.0,15.49,7638.1,4674,17.9,1
1462,atr14_m1p0_r1_n3_E1_X3c_1_3,11644.1,6753,0.0,17.57,7608.4,2853,17.83,1
2437,atr20_m0p5_r1_n4_E1_X3c_2_5,10632.9,8354,0.0,15.77,7521.4,4665,17.63,1
2433,atr20_m0p5_r1_n4_E1_X3b_2,10742.1,8341,0.0,15.9,7504.5,4653,17.59,1
1456,atr14_m1p0_r1_n3_E1_X3b_1,11490.2,6717,0.0,17.24,7484.5,2842,17.54,1
2468,atr20_m0p5_r1_n6_E1_X3c_1_5,11373.9,1122,0.0,17.54,7065.7,630,16.56,1
2464,atr20_m0p5_r1_n6_E1_X3b_1,11373.9,1122,0.0,17.54,7066.6,630,16.56,1
2470,atr20_m0p5_r1_n6_E1_X3c_1_3,11373.9,1122,0.0,17.54,7060.0,630,16.55,1
2449,atr20_m0p5_r1_n5_E1_X3b_2,10493.4,2766,0.0,15.94,6679.7,1528,15.65,1
2453,atr20_m0p5_r1_n5_E1_X3c_2_5,10516.0,2766,0.0,16.0,6671.8,1528,15.64,1
2455,atr20_m0p5_r1_n5_E1_X3c_2_3,10533.3,2766,0.0,16.03,6669.6,1528,15.63,1
336,atr7_m1p0_r2_n3_E1_X3b_1,10269.0,10559,0.0,14.7,6648.9,4859,15.58,1
340,atr7_m1p0_r2_n3_E1_X3c_1_5,10166.9,10566,0.0,14.62,6626.3,4863,15.53,1
1319,atr14_m0p5_r2_n4_E1_X3c_2_3,9705.7,7252,0.0,14.34,6596.9,3523,15.46,1
2544,atr20_m0p5_r2_n6_E1_X3b_1,11371.0,1129,0.0,17.55,6596.1,527,15.46,1
2548,atr20_m0p5_r2_n6_E1_X3c_1_5,11371.0,1129,0.0,17.55,6595.2,527,15.46,1
2550,atr20_m0p5_r2_n6_E1_X3c_1_3,11370.1,1129,0.0,17.55,6587.2,527,15.44,1
342,atr7_m1p0_r2_n3_E1_X3c_1_3,10100.0,10571,0.0,14.4,6545.8,4863,15.34,1
1317,atr14_m0p5_r2_n4_E1_X3c_2_5,9607.7,7240,0.0,14.25,6537.8,3519,15.32,1
1233,atr14_m0p5_r1_n4_E1_X3b_2,9178.3,7769,0.0,13.29,6515.5,4381,15.27,1
1313,atr14_m0p5_r2_n4_E1_X3b_2,9813.4,7226,0.0,14.49,6476.4,3515,15.18,1
1237,atr14_m0p5_r1_n4_E1_X3c_2_5,9225.0,7784,0.0,13.55,6456.6,4392,15.13,1
1239,atr14_m0p5_r1_n4_E1_X3c_2_3,9243.3,7796,0.0,13.53,6450.4,4398,15.12,1
2533,atr20_m0p5_r2_n5_E1_X3c_2_5,10378.7,2763,0.0,15.79,6420.8,1289,15.05,1
2535,atr20_m0p5_r2_n5_E1_X3c_2_3,10344.7,2763,0.0,15.77,6420.3,1290,15.05,1
260,atr7_m1p0_r1_n3_E1_X3c_1_5,9878.8,6134,0.0,14.74,6412.1,2656,15.03,1
2529,atr20_m0p5_r2_n5_E1_X3b_2,10323.5,2763,0.0,15.71,6392.8,1289,14.98,1
2615,atr20_m0p5_r3_n5_E1_X3c_2_3,10239.7,5979,0.0,15.25,6364.2,2984,14.92,1
2613,atr20_m0p5_r3_n5_E1_X3c_2_5,10223.9,5979,0.0,15.22,6350.3,2984,14.88,1
262,atr7_m1p0_r1_n3_E1_X3c_1_3,9771.5,6154,0.0,14.57,6336.6,2660,14.85,1
2609,atr20_m0p5_r3_n5_E1_X3b_2,10203.3,5979,0.0,15.2,6332.0,2984,14.84,1
256,atr7_m1p0_r1_n3_E1_X3b_1,10072.4,6109,0.0,14.87,6286.0,2653,14.73,1
1409,atr14_m0p5_r3_n5_E1_X3b_2,9503.9,5970,0.0,13.99,5988.9,2933,14.04,1
1413,atr14_m0p5_r3_n5_E1_X3c_2_5,9482.8,5971,0.0,14.04,5988.5,2933,14.03,1
1264,atr14_m0p5_r1_n6_E1_X3b_1,10389.6,995,0.0,16.02,5979.8,495,14.01,1
1268,atr14_m0p5_r1_n6_E1_X3c_1_5,10388.5,995,0.0,16.02,5975.7,495,14.0,1
1270,atr14_m0p5_r1_n6_E1_X3c_1_3,10385.9,995,0.0,16.01,5967.6,495,13.99,1
1415,atr14_m0p5_r3_n5_E1_X3c_2_3,9495.8,5973,0.0,13.97,5969.2,2933,13.99,1
2758,atr20_m1p0_r2_n4_E1_X3c_1_3,10983.7,4013,0.0,16.48,5942.8,1869,13.93,1
2756,atr20_m1p0_r2_n4_E1_X3c_1_5,11000.6,4013,0.0,16.51,5935.7,1867,13.91,1
2752,atr20_m1p0_r2_n4_E1_X3b_1,10972.1,4013,0.0,16.46,5932.8,1867,13.9,1
1348,atr14_m0p5_r2_n6_E1_X3c_1_5,10429.7,1023,0.0,15.96,5878.7,450,13.78,1
1344,atr14_m0p5_r2_n6_E1_X3b_1,10429.7,1023,0.0,15.96,5878.7,450,13.78,1
1350,atr14_m0p5_r2_n6_E1_X3c_1_3,10432.0,1023,0.0,15.97,5878.7,450,13.78,1
1253,atr14_m0p5_r1_n5_E1_X3c_2_5,9017.0,2408,0.0,13.59,5828.9,1340,13.66,1
1249,atr14_m0p5_r1_n5_E1_X3b_2,8915.0,2408,0.0,13.44,5829.0,1340,13.66,1
1255,atr14_m0p5_r1_n5_E1_X3c_2_3,9071.2,2408,0.0,13.66,5824.8,1340,13.65,1
117,atr7_m0p5_r2_n4_E1_X3c_2_5,7473.4,6566,0.0,10.9,5777.5,3177,13.54,1
119,atr7_m0p5_r2_n4_E1_X3c_2_3,7517.7,6580,0.0,10.95,5766.7,3178,13.51,1
1333,atr14_m0p5_r2_n5_E1_X3c_2_5,9374.9,2585,0.0,14.2,5728.9,1153,13.43,1
1558,atr14_m1p0_r2_n4_E1_X3c_1_3,10179.3,3909,0.0,15.2,5725.4,1837,13.42,1
1556,atr14_m1p0_r2_n4_E1_X3c_1_5,10155.9,3910,0.0,15.03,5721.3,1837,13.41,1
1552,atr14_m1p0_r2_n4_E1_X3b_1,10187.1,3909,0.0,15.21,5707.5,1837,13.38,1
1329,atr14_m0p5_r2_n5_E1_X3b_2,9379.8,2585,0.0,14.19,5705.6,1153,13.37,1
1335,atr14_m0p5_r2_n5_E1_X3c_2_3,9424.3,2586,0.0,14.25,5694.3,1153,13.35,1
148,atr7_m0p5_r2_n6_E1_X3c_1_5,8708.8,859,0.0,13.27,5434.5,390,12.74,1
144,atr7_m0p5_r2_n6_E1_X3b_1,8708.8,859,0.0,13.27,5434.5,390,12.74,1
150,atr7_m0p5_r2_n6_E1_X3c_1_3,8711.1,859,0.0,13.28,5435.2,390,12.74,1
2820,atr20_m1p0_r3_n3_E1_X3c_1_5,7622.9,7796,0.0,10.46,5408.0,3517,12.67,1
2822,atr20_m1p0_r3_n3_E1_X3c_1_3,7622.9,7796,0.0,10.46,5407.5,3517,12.67,1
2816,atr20_m1p0_r3_n3_E1_X3b_1,7622.9,7796,0.0,10.46,5407.5,3517,12.67,1
70,atr7_m0p5_r1_n6_E1_X3c_1_3,8713.7,799,0.0,13.32,5269.6,428,12.35,1
68,atr7_m0p5_r1_n6_E1_X3c_1_5,8722.5,799,0.0,13.33,5269.6,428,12.35,1
64,atr7_m0p5_r1_n6_E1_X3b_1,8724.6,799,0.0,13.34,5266.3,428,12.34,1
2629,atr20_m0p5_r3_n6_E1_X3c_2_5,9038.8,3141,0.0,13.45,5219.2,1538,12.23,1
2631,atr20_m0p5_r3_n6_E1_X3c_2_3,9042.3,3141,0.0,13.46,5218.5,1538,12.23,1
2625,atr20_m0p5_r3_n6_E1_X3b_2,9028.9,3141,0.0,13.44,5200.8,1538,12.19,1
2469,atr20_m0p5_r1_n6_E1_X3c_2_5,7908.4,1122,0.0,11.94,4880.9,629,11.44,1
2465,atr20_m0p5_r1_n6_E1_X3b_2,7905.9,1122,0.0,11.92,4877.7,629,11.43,1
2471,atr20_m0p5_r1_n6_E1_X3c_2_3,7936.2,1122,0.0,11.96,4876.6,629,11.43,1
1431,atr14_m0p5_r3_n6_E1_X3c_2_3,8512.5,3146,0.0,12.63,4867.3,1525,11.41,1
1429,atr14_m0p5_r3_n6_E1_X3c_2_5,8505.5,3146,0.0,12.62,4859.9,1525,11.39,1
1425,atr14_m0p5_r3_n6_E1_X3b_2,8533.5,3145,0.0,12.64,4860.4,1525,11.39,1
2549,atr20_m0p5_r2_n6_E1_X3c_2_5,8030.3,1129,0.0,12.12,4753.6,525,11.14,1
2545,atr20_m0p5_r2_n6_E1_X3b_2,8027.5,1129,0.0,12.12,4730.2,525,11.09,1
2551,atr20_m0p5_r2_n6_E1_X3c_2_3,8044.4,1129,0.0,12.14,4729.5,525,11.08,1
2838,atr20_m1p0_r3_n4_E1_X3c_1_3,7749.6,4948,0.0,11.01,4711.2,2223,11.04,1
2836,atr20_m1p0_r3_n4_E1_X3c_1_5,7749.6,4948,0.0,11.01,4711.6,2223,11.04,1
2832,atr20_m1p0_r3_n4_E1_X3b_1,7749.6,4948,0.0,11.01,4711.2,2223,11.04,1
55,atr7_m0p5_r1_n5_E1_X3c_2_3,7490.9,1979,0.0,11.26,4378.4,1088,10.26,1
53,atr7_m0p5_r1_n5_E1_X3c_2_5,7475.4,1979,0.0,11.23,4354.8,1088,10.21,1
49,atr7_m0p5_r1_n5_E1_X3b_2,7470.9,1979,0.0,11.19,4343.5,1088,10.18,1
2672,atr20_m1p0_r1_n4_E1_X3b_1,7961.1,1169,0.0,11.98,4254.5,460,9.97,1
2676,atr20_m1p0_r1_n4_E1_X3c_1_5,8003.9,1170,0.0,12.06,4239.2,460,9.93,1
2678,atr20_m1p0_r1_n4_E1_X3c_1_3,7978.4,1170,0.0,12.01,4224.2,460,9.9,1
352,atr7_m1p0_r2_n4_E1_X3b_1,8003.9,3805,0.0,11.69,4164.5,1758,9.76,1
356,atr7_m1p0_r2_n4_E1_X3c_1_5,7995.1,3805,0.0,11.68,4161.0,1758,9.75,1
358,atr7_m1p0_r2_n4_E1_X3c_1_3,7943.8,3805,0.0,11.6,4124.6,1758,9.67,1
2772,atr20_m1p0_r2_n5_E1_X3c_1_5,7587.0,1389,0.0,11.25,3585.5,656,8.4,1
2768,atr20_m1p0_r2_n5_E1_X3b_1,7577.7,1389,0.0,11.22,3574.6,656,8.38,1
2774,atr20_m1p0_r2_n5_E1_X3c_1_3,7593.5,1389,0.0,11.25,3573.5,656,8.37,1
180,atr7_m0p5_r3_n3_E1_X3c_1_5,41062.7,19633,0.0,65.12,1742.1,367,4.08,1
176,atr7_m0p5_r3_n3_E1_X3b_1,41055.2,19633,0.0,65.12,1742.1,367,4.08,1
182,atr7_m0p5_r3_n3_E1_X3c_1_3,41059.6,19633,0.0,65.12,1742.1,367,4.08,1
160,atr7_m0p5_r3_n2_E1_X3b_1,28137.7,20000,0.0,44.42,0.0,0,0.0,0
22,atr7_m0p5_r1_n3_E1_X3c_1_3,27440.9,20000,0.0,43.25,0.0,0,0.0,0
20,atr7_m0p5_r1_n3_E1_X3c_1_5,27669.9,20000,0.0,43.63,0.0,0,0.0,0
16,atr7_m0p5_r1_n3_E1_X3b_1,27661.7,20000,0.0,43.54,0.0,0,0.0,0
166,atr7_m0p5_r3_n2_E1_X3c_1_3,28170.1,20000,0.0,44.48,0.0,0,0.0,0
164,atr7_m0p5_r3_n2_E1_X3c_1_5,28164.1,20000,0.0,44.47,0.0,0,0.0,0
1360,atr14_m0p5_r3_n2_E1_X3b_1,31253.5,20000,0.0,49.4,0.0,0,0.0,0
1366,atr14_m0p5_r3_n2_E1_X3c_1_3,31233.0,20000,0.0,49.36,0.0,0,0.0,0
2422,atr20_m0p5_r1_n3_E1_X3c_1_3,33179.0,20000,0.0,52.58,0.0,0,0.0,0
1364,atr14_m0p5_r3_n2_E1_X3c_1_5,31266.1,20000,0.0,49.42,0.0,0,0.0,0
2420,atr20_m0p5_r1_n3_E1_X3c_1_5,33437.1,20000,0.0,52.92,0.0,0,0.0,0
1222,atr14_m0p5_r1_n3_E1_X3c_1_3,30117.3,20000,0.0,47.56,0.0,0,0.0,0
1302,atr14_m0p5_r2_n3_E1_X3c_1_3,37910.0,20000,0.0,60.18,0.0,0,0.0,0
96,atr7_m0p5_r2_n3_E1_X3b_1,37098.9,20000,0.0,58.9,0.0,0,0.0,0
2416,atr20_m0p5_r1_n3_E1_X3b_1,33582.1,20000,0.0,53.12,0.0,0,0.0,0
100,atr7_m0p5_r2_n3_E1_X3c_1_5,37065.6,20000,0.0,58.89,0.0,0,0.0,0
102,atr7_m0p5_r2_n3_E1_X3c_1_3,36963.2,20000,0.0,58.59,0.0,0,0.0,0
2502,atr20_m0p5_r2_n3_E1_X3c_1_3,40595.1,20000,0.0,64.45,0.0,0,0.0,0
1296,atr14_m0p5_r2_n3_E1_X3b_1,38042.1,20000,0.0,60.47,0.0,0,0.0,0
1300,atr14_m0p5_r2_n3_E1_X3c_1_5,37996.2,20000,0.0,60.42,0.0,0,0.0,0
1220,atr14_m0p5_r1_n3_E1_X3c_1_5,30357.7,20000,0.0,47.98,0.0,0,0.0,0
1216,atr14_m0p5_r1_n3_E1_X3b_1,30345.7,20000,0.0,47.86,0.0,0,0.0,0
1376,atr14_m0p5_r3_n3_E1_X3b_1,44759.2,20000,0.0,71.29,0.0,0,0.0,0
2582,atr20_m0p5_r3_n3_E1_X3c_1_3,45600.1,20000,0.0,72.66,0.0,0,0.0,0
2580,atr20_m0p5_r3_n3_E1_X3c_1_5,45616.9,20000,0.0,72.67,0.0,0,0.0,0
2576,atr20_m0p5_r3_n3_E1_X3b_1,45615.7,20000,0.0,72.67,0.0,0,0.0,0
1382,atr14_m0p5_r3_n3_E1_X3c_1_3,44708.9,20000,0.0,71.19,0.0,0,0.0,0
1380,atr14_m0p5_r3_n3_E1_X3c_1_5,44747.8,20000,0.0,71.26,0.0,0,0.0,0
2500,atr20_m0p5_r2_n3_E1_X3c_1_5,40638.1,20000,0.0,64.51,0.0,0,0.0,0
2496,atr20_m0p5_r2_n3_E1_X3b_1,40669.9,20000,0.0,64.58,0.0,0,0.0,0
